Resource,MA_natural_gas_combined_cycle,CT_natural_gas_combined_cycle,ME_natural_gas_combined_cycle,Total
Zone,1,2,3,0
AnnualSum,51974.540684218075,19327.927369726352,4139.745390706115,75442.21344465054
t1,-0.0,-0.0,-0.0,0.0
t2,-0.0,-0.0,-0.0,0.0
t3,-0.0,-0.0,-0.0,0.0
t4,-0.0,-0.0,-0.0,0.0
t5,0.0,-0.0,-0.0,0.0
t6,-0.0,0.0,-0.0,0.0
t7,0.0,-0.0,-0.0,0.0
t8,0.0,-0.0,-0.0,0.0
t9,-0.0,-0.0,-0.0,0.0
t10,-0.0,-0.0,-0.0,0.0
t11,-0.0,-0.0,-0.0,0.0
t12,0.0,-0.0,-0.0,0.0
t13,0.0,-0.0,-0.0,0.0
t14,0.0,-0.0,-0.0,0.0
t15,0.0,-0.0,-0.0,0.0
t16,0.0,-0.0,-0.0,0.0
t17,-0.0,-0.0,-0.0,0.0
t18,0.0,-0.0,-0.0,0.0
t19,0.0,-0.0,-0.0,0.0
t20,0.0,-0.0,-0.0,0.0
t21,0.0,-0.0,-0.0,0.0
t22,0.0,-0.0,-0.0,0.0
t23,0.0,-0.0,-0.0,0.0
t24,0.0,-0.0,-0.0,0.0
t25,-0.0,-0.0,-0.0,0.0
t26,-0.0,-0.0,0.0,0.0
t27,-0.0,0.0,-0.0,0.0
t28,-0.0,-0.0,-0.0,0.0
t29,-0.0,-0.0,-0.0,0.0
t30,-0.0,-0.0,-0.0,0.0
t31,-0.0,-0.0,-0.0,0.0
t32,-0.0,-0.0,-0.0,0.0
t33,-0.0,-0.0,-0.0,0.0
t34,-0.0,-0.0,-0.0,0.0
t35,-0.0,-0.0,0.0,0.0
t36,-0.0,-0.0,-0.0,0.0
t37,-0.0,-0.0,-0.0,0.0
t38,-0.0,-0.0,-0.0,0.0
t39,-0.0,-0.0,-0.0,0.0
t40,0.7927524202422815,-0.0,-0.0,0.7927524202422815
t41,0.7927524202422815,-0.0,-0.0,0.7927524202422815
t42,1.0305781463149661,-0.0,-0.0,1.0305781463149661
t43,1.0305781463149661,-0.0,-0.0,1.0305781463149661
t44,1.0305781463149661,-0.0,0.0,1.0305781463149661
t45,1.0305781463149661,-0.0,-0.0,1.0305781463149661
t46,0.2378257260726845,-0.0,-0.0,0.2378257260726845
t47,0.2378257260726845,-0.0,-0.0,0.2378257260726845
t48,-0.0,-0.0,-0.0,0.0
t49,-0.0,-0.0,-0.0,0.0
t50,-0.0,-0.0,-0.0,0.0
t51,-0.0,-0.0,-0.0,0.0
t52,-0.0,-0.0,-0.0,0.0
t53,-0.0,-0.0,-0.0,0.0
t54,-0.0,-0.0,0.0,0.0
t55,-0.0,-0.0,-0.0,0.0
t56,-0.0,-0.0,-0.0,0.0
t57,-0.0,-0.0,-0.0,0.0
t58,-0.0,-0.0,-0.0,0.0
t59,-0.0,-0.0,-0.0,0.0
t60,-0.0,-0.0,-0.0,0.0
t61,-0.0,-0.0,-0.0,0.0
t62,-0.0,-0.0,-0.0,0.0
t63,-0.0,-0.0,-0.0,0.0
t64,-0.0,-0.0,-0.0,0.0
t65,-0.0,-0.0,-0.0,0.0
t66,-0.0,-0.0,-0.0,0.0
t67,-0.0,-0.0,-0.0,0.0
t68,-0.0,-0.0,-0.0,0.0
t69,-0.0,-0.0,-0.0,0.0
t70,-0.0,-0.0,-0.0,0.0
t71,-0.0,-0.0,-0.0,0.0
t72,-0.0,-0.0,0.0,0.0
t73,-0.0,0.0,-0.0,0.0
t74,-0.0,-0.0,-0.0,0.0
t75,-0.0,-0.0,-0.0,0.0
t76,-0.0,-0.0,-0.0,0.0
t77,-0.0,-0.0,-0.0,0.0
t78,-0.0,0.0,-0.0,0.0
t79,-0.0,-0.0,-0.0,0.0
t80,-0.0,-0.0,-0.0,0.0
t81,-0.0,-0.0,-0.0,0.0
t82,-0.0,-0.0,-0.0,0.0
t83,-0.0,-0.0,-0.0,0.0
t84,-0.0,-0.0,-0.0,0.0
t85,-0.0,-0.0,-0.0,0.0
t86,-0.0,-0.0,-0.0,0.0
t87,-0.0,-0.0,-0.0,0.0
t88,-0.0,-0.0,-0.0,0.0
t89,-0.0,-0.0,-0.0,0.0
t90,-0.0,-0.0,0.0,0.0
t91,-0.0,-0.0,-0.0,0.0
t92,-0.0,-0.0,-0.0,0.0
t93,-0.0,-0.0,-0.0,0.0
t94,-0.0,-0.0,-0.0,0.0
t95,-0.0,-0.0,-0.0,0.0
t96,-0.0,-0.0,-0.0,0.0
t97,-0.0,-0.0,-0.0,0.0
t98,-0.0,-0.0,-0.0,0.0
t99,-0.0,-0.0,-0.0,0.0
t100,-0.0,0.6089021679224444,-0.0,0.6089021679224444
t101,-0.0,0.6089021679224444,-0.0,0.6089021679224444
t102,-0.0,0.6089021679224444,-0.0,0.6089021679224444
t103,-0.0,0.6089021679224444,-0.0,0.6089021679224444
t104,-0.0,0.6089021679224444,0.0,0.6089021679224444
t105,-0.0,0.6089021679224444,-0.0,0.6089021679224444
t106,-0.0,-0.0,-0.0,0.0
t107,-0.0,-0.0,-0.0,0.0
t108,-0.0,-0.0,-0.0,0.0
t109,-0.0,-0.0,-0.0,0.0
t110,-0.0,-0.0,-0.0,0.0
t111,-0.0,-0.0,-0.0,0.0
t112,-0.0,-0.0,-0.0,0.0
t113,-0.0,-0.0,-0.0,0.0
t114,-0.0,-0.0,-0.0,0.0
t115,-0.0,-0.0,-0.0,0.0
t116,-0.0,-0.0,-0.0,0.0
t117,-0.0,-0.0,-0.0,0.0
t118,-0.0,-0.0,-0.0,0.0
t119,-0.0,-0.0,-0.0,0.0
t120,-0.0,-0.0,-0.0,0.0
t121,-0.0,-0.0,0.0,0.0
t122,-0.0,-0.0,-0.0,0.0
t123,-0.0,-0.0,-0.0,0.0
t124,-0.0,-0.0,-0.0,0.0
t125,-0.0,-0.0,-0.0,0.0
t126,-0.0,-0.0,-0.0,0.0
t127,-0.0,-0.0,-0.0,0.0
t128,-0.0,-0.0,-0.0,0.0
t129,-0.0,-0.0,-0.0,0.0
t130,-0.0,-0.0,-0.0,0.0
t131,-0.0,-0.0,-0.0,0.0
t132,-0.0,-0.0,0.0,0.0
t133,0.0,-0.0,-0.0,0.0
t134,0.0,-0.0,-0.0,0.0
t135,0.0,-0.0,-0.0,0.0
t136,0.0,-0.0,-0.0,0.0
t137,0.0,-0.0,-0.0,0.0
t138,-0.0,-0.0,-0.0,0.0
t139,0.0,-0.0,0.0,0.0
t140,-0.0,-0.0,-0.0,0.0
t141,-0.0,-0.0,-0.0,0.0
t142,0.0,-0.0,-0.0,0.0
t143,-0.0,-0.0,-0.0,0.0
t144,-0.0,-0.0,-0.0,0.0
t145,-0.0,-0.0,-0.0,0.0
t146,0.0,-0.0,-0.0,0.0
t147,-0.0,-0.0,-0.0,0.0
t148,-0.0,-0.0,0.0,0.0
t149,0.0,-0.0,-0.0,0.0
t150,-0.0,-0.0,-0.0,0.0
t151,0.0,-0.0,-0.0,0.0
t152,-0.0,-0.0,-0.0,0.0
t153,-0.0,-0.0,-0.0,0.0
t154,-0.0,-0.0,-0.0,0.0
t155,-0.0,-0.0,-0.0,0.0
t156,-0.0,-0.0,-0.0,0.0
t157,-0.0,-0.0,-0.0,0.0
t158,-0.0,-0.0,-0.0,0.0
t159,-0.0,-0.0,-0.0,0.0
t160,-0.0,-0.0,-0.0,0.0
t161,-0.0,-0.0,-0.0,0.0
t162,0.0,-0.0,-0.0,0.0
t163,-0.0,-0.0,0.0,0.0
t164,-0.0,-0.0,-0.0,0.0
t165,0.0,-0.0,-0.0,0.0
t166,-0.0,-0.0,-0.0,0.0
t167,-0.0,-0.0,-0.0,0.0
t168,0.0,-0.0,-0.0,0.0
t169,-0.0,-0.0,-0.0,0.0
t170,-0.0,-0.0,-0.0,0.0
t171,-0.0,0.0,-0.0,0.0
t172,-0.0,-0.0,-0.0,0.0
t173,-0.0,-0.0,0.0,0.0
t174,-0.0,-0.0,-0.0,0.0
t175,-0.0,-0.0,-0.0,0.0
t176,-0.0,-0.0,-0.0,0.0
t177,-0.0,-0.0,-0.0,0.0
t178,-0.0,-0.0,-0.0,0.0
t179,-0.0,-0.0,-0.0,0.0
t180,-0.0,-0.0,-0.0,0.0
t181,-0.0,-0.0,-0.0,0.0
t182,-0.0,-0.0,-0.0,0.0
t183,-0.0,-0.0,-0.0,0.0
t184,-0.0,-0.0,-0.0,0.0
t185,-0.0,-0.0,-0.0,0.0
t186,-0.0,-0.0,-0.0,0.0
t187,0.0,0.0,-0.0,0.0
t188,-0.0,-0.0,-0.0,0.0
t189,-0.0,-0.0,-0.0,0.0
t190,-0.0,-0.0,-0.0,0.0
t191,-0.0,-0.0,-0.0,0.0
t192,-0.0,-0.0,-0.0,0.0
t193,-0.0,0.0,-0.0,0.0
t194,-0.0,-0.0,0.0,0.0
t195,-0.0,-0.0,-0.0,0.0
t196,-0.0,-0.0,-0.0,0.0
t197,-0.0,-0.0,-0.0,0.0
t198,-0.0,-0.0,0.0,0.0
t199,-0.0,-0.0,-0.0,0.0
t200,-0.0,-0.0,-0.0,0.0
t201,-0.0,-0.0,-0.0,0.0
t202,-0.0,-0.0,-0.0,0.0
t203,-0.0,-0.0,-0.0,0.0
t204,-0.0,-0.0,-0.0,0.0
t205,-0.0,-0.0,-0.0,0.0
t206,-0.0,-0.0,-0.0,0.0
t207,-0.0,-0.0,-0.0,0.0
t208,-0.0,-0.0,0.0,0.0
t209,-0.0,-0.0,-0.0,0.0
t210,-0.0,-0.0,-0.0,0.0
t211,-0.0,-0.0,-0.0,0.0
t212,-0.0,-0.0,-0.0,0.0
t213,-0.0,-0.0,-0.0,0.0
t214,-0.0,-0.0,-0.0,0.0
t215,-0.0,-0.0,-0.0,0.0
t216,-0.0,-0.0,-0.0,0.0
t217,-0.0,-0.0,-0.0,0.0
t218,-0.0,0.0,-0.0,0.0
t219,-0.0,-0.0,-0.0,0.0
t220,-0.0,0.29390986781284667,-0.0,0.29390986781284667
t221,-0.0,0.29390986781284667,-0.0,0.29390986781284667
t222,-0.0,0.29390986781284667,-0.0,0.29390986781284667
t223,-0.0,0.29390986781284667,-0.0,0.29390986781284667
t224,-0.0,0.29390986781284667,-0.0,0.29390986781284667
t225,-0.0,0.29390986781284667,-0.0,0.29390986781284667
t226,-0.0,-0.0,-0.0,0.0
t227,-0.0,-0.0,-0.0,0.0
t228,-0.0,-0.0,-0.0,0.0
t229,-0.0,-0.0,-0.0,0.0
t230,-0.0,0.0,-0.0,0.0
t231,-0.0,-0.0,-0.0,0.0
t232,-0.0,-0.0,-0.0,0.0
t233,-0.0,-0.0,-0.0,0.0
t234,-0.0,-0.0,-0.0,0.0
t235,-0.0,-0.0,-0.0,0.0
t236,-0.0,-0.0,-0.0,0.0
t237,-0.0,-0.0,-0.0,0.0
t238,-0.0,-0.0,-0.0,0.0
t239,-0.0,-0.0,-0.0,0.0
t240,-0.0,-0.0,-0.0,0.0
t241,-0.0,-0.0,-0.0,0.0
t242,-0.0,-0.0,-0.0,0.0
t243,-0.0,-0.0,-0.0,0.0
t244,-0.0,-0.0,-0.0,0.0
t245,-0.0,-0.0,-0.0,0.0
t246,-0.0,-0.0,-0.0,0.0
t247,-0.0,-0.0,-0.0,0.0
t248,-0.0,-0.0,-0.0,0.0
t249,-0.0,-0.0,-0.0,0.0
t250,-0.0,-0.0,-0.0,0.0
t251,-0.0,-0.0,-0.0,0.0
t252,-0.0,-0.0,-0.0,0.0
t253,-0.0,-0.0,-0.0,0.0
t254,-0.0,-0.0,-0.0,0.0
t255,-0.0,-0.0,0.0,0.0
t256,-0.0,-0.0,-0.0,0.0
t257,-0.0,1.3228251584371797,-0.0,1.3228251584371797
t258,-0.0,1.3228251584371797,-0.0,1.3228251584371797
t259,-0.0,1.3228251584371797,-0.0,1.3228251584371797
t260,-0.0,1.3228251584371797,-0.0,1.3228251584371797
t261,-0.0,1.3228251584371797,-0.0,1.3228251584371797
t262,-0.0,1.3228251584371797,-0.0,1.3228251584371797
t263,-0.0,-0.0,-0.0,0.0
t264,-0.0,-0.0,-0.0,0.0
t265,-0.0,-0.0,-0.0,0.0
t266,-0.0,-0.0,-0.0,0.0
t267,-0.0,-0.0,-0.0,0.0
t268,-0.0,-0.0,-0.0,0.0
t269,-0.0,-0.0,-0.0,0.0
t270,-0.0,-0.0,0.0,0.0
t271,-0.0,-0.0,-0.0,0.0
t272,-0.0,-0.0,-0.0,0.0
t273,-0.0,-0.0,-0.0,0.0
t274,-0.0,-0.0,-0.0,0.0
t275,-0.0,-0.0,-0.0,0.0
t276,-0.0,-0.0,-0.0,0.0
t277,-0.0,-0.0,-0.0,0.0
t278,-0.0,-0.0,-0.0,0.0
t279,-0.0,-0.0,-0.0,0.0
t280,-0.0,-0.0,-0.0,0.0
t281,0.0,-0.0,-0.0,0.0
t282,-0.0,-0.0,-0.0,0.0
t283,-0.0,-0.0,-0.0,0.0
t284,-0.0,-0.0,-0.0,0.0
t285,-0.0,-0.0,0.0,0.0
t286,-0.0,-0.0,-0.0,0.0
t287,-0.0,-0.0,-0.0,0.0
t288,-0.0,-0.0,-0.0,0.0
t289,-0.0,-0.0,-0.0,0.0
t290,-0.0,-0.0,-0.0,0.0
t291,-0.0,-0.0,-0.0,0.0
t292,-0.0,-0.0,-0.0,0.0
t293,-0.0,-0.0,-0.0,0.0
t294,-0.0,-0.0,-0.0,0.0
t295,-0.0,-0.0,-0.0,0.0
t296,-0.0,-0.0,-0.0,0.0
t297,-0.0,-0.0,-0.0,0.0
t298,-0.0,-0.0,-0.0,0.0
t299,-0.0,-0.0,-0.0,0.0
t300,-0.0,-0.0,-0.0,0.0
t301,-0.0,-0.0,-0.0,0.0
t302,-0.0,-0.0,0.0,0.0
t303,-0.0,-0.0,-0.0,0.0
t304,-0.0,-0.0,-0.0,0.0
t305,-0.0,-0.0,-0.0,0.0
t306,0.0,-0.0,-0.0,0.0
t307,-0.0,-0.0,-0.0,0.0
t308,-0.0,-0.0,-0.0,0.0
t309,-0.0,-0.0,-0.0,0.0
t310,-0.0,-0.0,-0.0,0.0
t311,-0.0,-0.0,-0.0,0.0
t312,-0.0,-0.0,-0.0,0.0
t313,-0.0,-0.0,-0.0,0.0
t314,-0.0,-0.0,-0.0,0.0
t315,-0.0,-0.0,-0.0,0.0
t316,-0.0,-0.0,-0.0,0.0
t317,-0.0,-0.0,-0.0,0.0
t318,-0.0,-0.0,-0.0,0.0
t319,-0.0,-0.0,-0.0,0.0
t320,-0.0,-0.0,-0.0,0.0
t321,-0.0,-0.0,0.0,0.0
t322,-0.0,-0.0,-0.0,0.0
t323,-0.0,-0.0,-0.0,0.0
t324,-0.0,-0.0,-0.0,0.0
t325,-0.0,-0.0,-0.0,0.0
t326,-0.0,-0.0,-0.0,0.0
t327,-0.0,-0.0,-0.0,0.0
t328,0.0,-0.0,-0.0,0.0
t329,-0.0,-0.0,-0.0,0.0
t330,-0.0,-0.0,-0.0,0.0
t331,-0.0,-0.0,-0.0,0.0
t332,-0.0,-0.0,-0.0,0.0
t333,-0.0,-0.0,-0.0,0.0
t334,-0.0,-0.0,-0.0,0.0
t335,-0.0,-0.0,-0.0,0.0
t336,-0.0,-0.0,-0.0,0.0
t337,0.0,-0.0,-0.0,0.0
t338,0.0,-0.0,-0.0,0.0
t339,0.0,-0.0,-0.0,0.0
t340,0.0,-0.0,-0.0,0.0
t341,0.0,-0.0,-0.0,0.0
t342,0.0,-0.0,-0.0,0.0
t343,0.0,-0.0,-0.0,0.0
t344,0.0,0.0,-0.0,0.0
t345,0.0,-0.0,0.0,0.0
t346,0.0,-0.0,-0.0,0.0
t347,0.0,-0.0,-0.0,0.0
t348,0.0,-0.0,-0.0,0.0
t349,0.0,-0.0,-0.0,0.0
t350,0.0,-0.0,-0.0,0.0
t351,0.0,-0.0,-0.0,0.0
t352,0.0,-0.0,-0.0,0.0
t353,0.0,-0.0,0.0,0.0
t354,0.0,-0.0,-0.0,0.0
t355,0.0,-0.0,-0.0,0.0
t356,0.0,-0.0,-0.0,0.0
t357,0.0,-0.0,-0.0,0.0
t358,0.0,-0.0,-0.0,0.0
t359,0.0,-0.0,0.0,0.0
t360,0.0,-0.0,-0.0,0.0
t361,0.0,-0.0,-0.0,0.0
t362,0.0,0.0,-0.0,0.0
t363,0.0,-0.0,-0.0,0.0
t364,0.0,-0.0,0.0,0.0
t365,0.0,-0.0,-0.0,0.0
t366,-0.0,-0.0,-0.0,0.0
t367,0.0,-0.0,-0.0,0.0
t368,-0.0,-0.0,0.0,0.0
t369,-0.0,-0.0,-0.0,0.0
t370,-0.0,-0.0,-0.0,0.0
t371,-0.0,-0.0,-0.0,0.0
t372,-0.0,-0.0,0.0,0.0
t373,-0.0,-0.0,-0.0,0.0
t374,-0.0,-0.0,-0.0,0.0
t375,-0.0,-0.0,0.0,0.0
t376,-0.0,-0.0,0.0,0.0
t377,-0.0,-0.0,-0.0,0.0
t378,0.0,-0.0,-0.0,0.0
t379,0.0,-0.0,0.0,0.0
t380,0.0,-0.0,-0.0,0.0
t381,0.0,-0.0,-0.0,0.0
t382,0.0,-0.0,-0.0,0.0
t383,0.0,-0.0,-0.0,0.0
t384,0.0,-0.0,-0.0,0.0
t385,0.0,-0.0,-0.0,0.0
t386,0.0,-0.0,-0.0,0.0
t387,0.0,-0.0,-0.0,0.0
t388,0.0,-0.0,-0.0,0.0
t389,0.0,-0.0,-0.0,0.0
t390,0.0,-0.0,0.0,0.0
t391,0.0,-0.0,-0.0,0.0
t392,0.0,-0.0,-0.0,0.0
t393,0.0,-0.0,-0.0,0.0
t394,0.0,-0.0,-0.0,0.0
t395,0.0,-0.0,-0.0,0.0
t396,0.0,-0.0,-0.0,0.0
t397,0.0,-0.0,-0.0,0.0
t398,0.0,-0.0,-0.0,0.0
t399,0.0,-0.0,-0.0,0.0
t400,0.0,0.0,-0.0,0.0
t401,0.0,-0.0,-0.0,0.0
t402,0.0,-0.0,-0.0,0.0
t403,0.0,-0.0,-0.0,0.0
t404,0.0,-0.0,-0.0,0.0
t405,0.0,-0.0,-0.0,0.0
t406,0.0,0.0,-0.0,0.0
t407,0.0,-0.0,-0.0,0.0
t408,0.0,-0.0,0.0,0.0
t409,0.0,-0.0,-0.0,0.0
t410,0.0,-0.0,-0.0,0.0
t411,0.0,-0.0,-0.0,0.0
t412,0.0,-0.0,-0.0,0.0
t413,0.0,-0.0,-0.0,0.0
t414,-0.0,-0.0,-0.0,0.0
t415,0.0,-0.0,-0.0,0.0
t416,-0.0,-0.0,-0.0,0.0
t417,-0.0,-0.0,-0.0,0.0
t418,-0.0,-0.0,-0.0,0.0
t419,-0.0,-0.0,-0.0,0.0
t420,-0.0,-0.0,-0.0,0.0
t421,-0.0,-0.0,-0.0,0.0
t422,-0.0,-0.0,-0.0,0.0
t423,-0.0,-0.0,-0.0,0.0
t424,-0.0,-0.0,0.0,0.0
t425,-0.0,-0.0,-0.0,0.0
t426,0.0,-0.0,-0.0,0.0
t427,0.0,-0.0,-0.0,0.0
t428,-0.0,-0.0,-0.0,0.0
t429,0.0,0.0,-0.0,0.0
t430,0.0,-0.0,-0.0,0.0
t431,-0.0,-0.0,-0.0,0.0
t432,0.0,-0.0,-0.0,0.0
t433,0.0,-0.0,-0.0,0.0
t434,-0.0,-0.0,-0.0,0.0
t435,0.0,-0.0,-0.0,0.0
t436,0.0,-0.0,-0.0,0.0
t437,-0.0,-0.0,-0.0,0.0
t438,-0.0,-0.0,-0.0,0.0
t439,-0.0,-0.0,0.0,0.0
t440,-0.0,-0.0,-0.0,0.0
t441,-0.0,-0.0,-0.0,0.0
t442,-0.0,-0.0,-0.0,0.0
t443,-0.0,-0.0,-0.0,0.0
t444,-0.0,-0.0,-0.0,0.0
t445,-0.0,-0.0,-0.0,0.0
t446,-0.0,-0.0,-0.0,0.0
t447,0.0,-0.0,-0.0,0.0
t448,0.0,-0.0,-0.0,0.0
t449,0.0,-0.0,-0.0,0.0
t450,0.0,-0.0,-0.0,0.0
t451,0.0,-0.0,-0.0,0.0
t452,0.0,-0.0,-0.0,0.0
t453,0.0,-0.0,-0.0,0.0
t454,0.0,-0.0,-0.0,0.0
t455,0.0,-0.0,-0.0,0.0
t456,0.0,-0.0,-0.0,0.0
t457,0.0,-0.0,-0.0,0.0
t458,0.0,-0.0,-0.0,0.0
t459,0.0,-0.0,-0.0,0.0
t460,0.0,-0.0,-0.0,0.0
t461,0.0,-0.0,-0.0,0.0
t462,0.0,0.0,-0.0,0.0
t463,0.0,0.0,-0.0,0.0
t464,0.0,-0.0,-0.0,0.0
t465,0.0,-0.0,-0.0,0.0
t466,0.0,-0.0,-0.0,0.0
t467,0.0,-0.0,-0.0,0.0
t468,0.0,-0.0,-0.0,0.0
t469,0.0,-0.0,-0.0,0.0
t470,0.0,-0.0,-0.0,0.0
t471,0.0,-0.0,-0.0,0.0
t472,0.0,-0.0,-0.0,0.0
t473,0.0,-0.0,-0.0,0.0
t474,0.0,-0.0,-0.0,0.0
t475,0.0,-0.0,-0.0,0.0
t476,0.0,-0.0,-0.0,0.0
t477,0.0,-0.0,-0.0,0.0
t478,0.0,-0.0,-0.0,0.0
t479,0.0,-0.0,-0.0,0.0
t480,0.0,-0.0,-0.0,0.0
t481,0.0,-0.0,-0.0,0.0
t482,0.0,-0.0,-0.0,0.0
t483,0.0,-0.0,-0.0,0.0
t484,0.0,-0.0,-0.0,0.0
t485,0.0,-0.0,-0.0,0.0
t486,0.0,0.0,-0.0,0.0
t487,0.0,-0.0,-0.0,0.0
t488,0.0,-0.0,-0.0,0.0
t489,0.0,-0.0,-0.0,0.0
t490,0.0,-0.0,-0.0,0.0
t491,0.0,-0.0,-0.0,0.0
t492,0.0,-0.0,-0.0,0.0
t493,0.0,-0.0,-0.0,0.0
t494,0.0,-0.0,-0.0,0.0
t495,0.0,-0.0,-0.0,0.0
t496,0.0,-0.0,-0.0,0.0
t497,0.0,-0.0,-0.0,0.0
t498,0.0,-0.0,-0.0,0.0
t499,0.0,-0.0,-0.0,0.0
t500,0.0,-0.0,-0.0,0.0
t501,0.0,-0.0,-0.0,0.0
t502,0.0,-0.0,-0.0,0.0
t503,0.0,-0.0,-0.0,0.0
t504,0.0,-0.0,-0.0,0.0
t505,-0.0,-0.0,-0.0,0.0
t506,-0.0,-0.0,0.0,0.0
t507,-0.0,-0.0,-0.0,0.0
t508,-0.0,-0.0,-0.0,0.0
t509,-0.0,-0.0,-0.0,0.0
t510,-0.0,-0.0,-0.0,0.0
t511,-0.0,-0.0,-0.0,0.0
t512,-0.0,-0.0,-0.0,0.0
t513,0.0,-0.0,-0.0,0.0
t514,-0.0,-0.0,-0.0,0.0
t515,-0.0,-0.0,-0.0,0.0
t516,-0.0,0.0,-0.0,0.0
t517,-0.0,-0.0,-0.0,0.0
t518,-0.0,-0.0,-0.0,0.0
t519,-0.0,-0.0,-0.0,0.0
t520,-0.0,-0.0,0.0,0.0
t521,-0.0,-0.0,-0.0,0.0
t522,-0.0,-0.0,-0.0,0.0
t523,-0.0,-0.0,-0.0,0.0
t524,-0.0,-0.0,-0.0,0.0
t525,-0.0,-0.0,-0.0,0.0
t526,-0.0,-0.0,-0.0,0.0
t527,-0.0,-0.0,-0.0,0.0
t528,-0.0,-0.0,-0.0,0.0
t529,-0.0,-0.0,-0.0,0.0
t530,-0.0,-0.0,-0.0,0.0
t531,-0.0,-0.0,-0.0,0.0
t532,-0.0,-0.0,-0.0,0.0
t533,-0.0,0.0,-0.0,0.0
t534,0.0,-0.0,-0.0,0.0
t535,-0.0,-0.0,-0.0,0.0
t536,-0.0,-0.0,0.0,0.0
t537,-0.0,-0.0,-0.0,0.0
t538,-0.0,-0.0,-0.0,0.0
t539,-0.0,-0.0,-0.0,0.0
t540,-0.0,-0.0,-0.0,0.0
t541,-0.0,-0.0,-0.0,0.0
t542,-0.0,-0.0,-0.0,0.0
t543,-0.0,-0.0,-0.0,0.0
t544,-0.0,-0.0,-0.0,0.0
t545,-0.0,-0.0,-0.0,0.0
t546,-0.0,-0.0,-0.0,0.0
t547,-0.0,-0.0,-0.0,0.0
t548,0.0,0.0,-0.0,0.0
t549,0.0,-0.0,-0.0,0.0
t550,0.0,0.0,-0.0,0.0
t551,0.0,-0.0,-0.0,0.0
t552,0.0,-0.0,-0.0,0.0
t553,0.0,-0.0,-0.0,0.0
t554,0.0,-0.0,-0.0,0.0
t555,-0.0,-0.0,-0.0,0.0
t556,0.0,-0.0,-0.0,0.0
t557,-0.0,0.0,-0.0,0.0
t558,-0.0,-0.0,-0.0,0.0
t559,0.0,-0.0,-0.0,0.0
t560,-0.0,-0.0,-0.0,0.0
t561,-0.0,-0.0,-0.0,0.0
t562,-0.0,-0.0,-0.0,0.0
t563,-0.0,-0.0,-0.0,0.0
t564,-0.0,-0.0,-0.0,0.0
t565,-0.0,-0.0,-0.0,0.0
t566,-0.0,-0.0,-0.0,0.0
t567,-0.0,-0.0,-0.0,0.0
t568,-0.0,-0.0,-0.0,0.0
t569,-0.0,-0.0,0.0,0.0
t570,-0.0,-0.0,-0.0,0.0
t571,-0.0,-0.0,-0.0,0.0
t572,-0.0,-0.0,-0.0,0.0
t573,0.0,-0.0,-0.0,0.0
t574,-0.0,-0.0,-0.0,0.0
t575,-0.0,-0.0,-0.0,0.0
t576,-0.0,-0.0,-0.0,0.0
t577,-0.0,-0.0,-0.0,0.0
t578,0.0,-0.0,-0.0,0.0
t579,-0.0,-0.0,-0.0,0.0
t580,-0.0,-0.0,-0.0,0.0
t581,-0.0,-0.0,-0.0,0.0
t582,-0.0,-0.0,-0.0,0.0
t583,-0.0,-0.0,-0.0,0.0
t584,-0.0,-0.0,-0.0,0.0
t585,-0.0,-0.0,-0.0,0.0
t586,-0.0,-0.0,-0.0,0.0
t587,-0.0,-0.0,-0.0,0.0
t588,-0.0,-0.0,-0.0,0.0
t589,-0.0,-0.0,-0.0,0.0
t590,-0.0,-0.0,-0.0,0.0
t591,-0.0,-0.0,-0.0,0.0
t592,-0.0,-0.0,-0.0,0.0
t593,-0.0,-0.0,0.0,0.0
t594,0.0,-0.0,-0.0,0.0
t595,0.0,-0.0,-0.0,0.0
t596,0.0,-0.0,-0.0,0.0
t597,0.0,-0.0,-0.0,0.0
t598,0.0,-0.0,-0.0,0.0
t599,0.0,-0.0,-0.0,0.0
t600,0.0,-0.0,-0.0,0.0
t601,0.0,-0.0,-0.0,0.0
t602,0.0,-0.0,-0.0,0.0
t603,0.0,-0.0,-0.0,0.0
t604,0.0,-0.0,-0.0,0.0
t605,0.0,-0.0,-0.0,0.0
t606,-0.0,-0.0,-0.0,0.0
t607,-0.0,-0.0,-0.0,0.0
t608,-0.0,-0.0,-0.0,0.0
t609,-0.0,-0.0,-0.0,0.0
t610,-0.0,-0.0,-0.0,0.0
t611,-0.0,-0.0,-0.0,0.0
t612,-0.0,-0.0,-0.0,0.0
t613,-0.0,-0.0,-0.0,0.0
t614,-0.0,-0.0,-0.0,0.0
t615,-0.0,-0.0,-0.0,0.0
t616,-0.0,-0.0,-0.0,0.0
t617,-0.0,-0.0,-0.0,0.0
t618,-0.0,-0.0,-0.0,0.0
t619,-0.0,-0.0,-0.0,0.0
t620,0.0,-0.0,-0.0,0.0
t621,0.0,-0.0,-0.0,0.0
t622,0.0,-0.0,-0.0,0.0
t623,-0.0,-0.0,-0.0,0.0
t624,-0.0,-0.0,-0.0,0.0
t625,-0.0,-0.0,-0.0,0.0
t626,-0.0,-0.0,-0.0,0.0
t627,-0.0,-0.0,-0.0,0.0
t628,-0.0,-0.0,-0.0,0.0
t629,-0.0,-0.0,-0.0,0.0
t630,-0.0,-0.0,-0.0,0.0
t631,-0.0,-0.0,-0.0,0.0
t632,-0.0,-0.0,-0.0,0.0
t633,-0.0,-0.0,-0.0,0.0
t634,-0.0,-0.0,-0.0,0.0
t635,-0.0,-0.0,-0.0,0.0
t636,-0.0,-0.0,-0.0,0.0
t637,-0.0,-0.0,-0.0,0.0
t638,-0.0,-0.0,-0.0,0.0
t639,-0.0,-0.0,-0.0,0.0
t640,-0.0,-0.0,-0.0,0.0
t641,-0.0,-0.0,-0.0,0.0
t642,0.0,-0.0,-0.0,0.0
t643,-0.0,-0.0,-0.0,0.0
t644,-0.0,-0.0,-0.0,0.0
t645,-0.0,-0.0,-0.0,0.0
t646,-0.0,-0.0,-0.0,0.0
t647,-0.0,-0.0,-0.0,0.0
t648,-0.0,-0.0,-0.0,0.0
t649,-0.0,-0.0,-0.0,0.0
t650,-0.0,-0.0,-0.0,0.0
t651,-0.0,-0.0,-0.0,0.0
t652,-0.0,-0.0,-0.0,0.0
t653,-0.0,0.0,-0.0,0.0
t654,-0.0,-0.0,-0.0,0.0
t655,-0.0,-0.0,-0.0,0.0
t656,-0.0,-0.0,-0.0,0.0
t657,-0.0,-0.0,-0.0,0.0
t658,-0.0,-0.0,-0.0,0.0
t659,-0.0,-0.0,-0.0,0.0
t660,-0.0,-0.0,-0.0,0.0
t661,-0.0,-0.0,-0.0,0.0
t662,-0.0,-0.0,-0.0,0.0
t663,0.0,-0.0,-0.0,0.0
t664,-0.0,-0.0,-0.0,0.0
t665,-0.0,-0.0,-0.0,0.0
t666,-0.0,-0.0,-0.0,0.0
t667,-0.0,-0.0,-0.0,0.0
t668,-0.0,-0.0,-0.0,0.0
t669,-0.0,-0.0,-0.0,0.0
t670,-0.0,-0.0,-0.0,0.0
t671,-0.0,-0.0,-0.0,0.0
t672,-0.0,-0.0,-0.0,0.0
t673,-0.0,-0.0,-0.0,0.0
t674,-0.0,-0.0,-0.0,0.0
t675,-0.0,-0.0,-0.0,0.0
t676,-0.0,-0.0,-0.0,0.0
t677,-0.0,-0.0,-0.0,0.0
t678,-0.0,-0.0,-0.0,0.0
t679,-0.0,-0.0,-0.0,0.0
t680,-0.0,-0.0,-0.0,0.0
t681,-0.0,-0.0,-0.0,0.0
t682,-0.0,-0.0,-0.0,0.0
t683,-0.0,-0.0,-0.0,0.0
t684,-0.0,-0.0,-0.0,0.0
t685,-0.0,-0.0,-0.0,0.0
t686,-0.0,-0.0,-0.0,0.0
t687,-0.0,-0.0,-0.0,0.0
t688,-0.0,-0.0,0.0,0.0
t689,-0.0,-0.0,-0.0,0.0
t690,-0.0,-0.0,-0.0,0.0
t691,-0.0,-0.0,-0.0,0.0
t692,-0.0,-0.0,-0.0,0.0
t693,-0.0,-0.0,-0.0,0.0
t694,-0.0,-0.0,-0.0,0.0
t695,-0.0,-0.0,-0.0,0.0
t696,-0.0,-0.0,-0.0,0.0
t697,-0.0,-0.0,-0.0,0.0
t698,-0.0,-0.0,-0.0,0.0
t699,-0.0,-0.0,-0.0,0.0
t700,-0.0,-0.0,-0.0,0.0
t701,-0.0,-0.0,-0.0,0.0
t702,-0.0,-0.0,-0.0,0.0
t703,-0.0,-0.0,-0.0,0.0
t704,-0.0,-0.0,-0.0,0.0
t705,-0.0,-0.0,-0.0,0.0
t706,-0.0,-0.0,-0.0,0.0
t707,-0.0,-0.0,-0.0,0.0
t708,-0.0,-0.0,-0.0,0.0
t709,-0.0,-0.0,-0.0,0.0
t710,-0.0,-0.0,-0.0,0.0
t711,-0.0,-0.0,-0.0,0.0
t712,-0.0,-0.0,-0.0,0.0
t713,-0.0,-0.0,-0.0,0.0
t714,-0.0,4.00282002317092,-0.0,4.00282002317092
t715,-0.0,4.00282002317092,-0.0,4.00282002317092
t716,-0.0,4.00282002317092,-0.0,4.00282002317092
t717,-0.0,4.00282002317092,-0.0,4.00282002317092
t718,-0.0,4.00282002317092,-0.0,4.00282002317092
t719,-0.0,4.00282002317092,-0.0,4.00282002317092
t720,-0.0,4.00282002317092,-0.0,4.00282002317092
t721,-0.0,4.00282002317092,-0.0,4.00282002317092
t722,-0.0,4.00282002317092,-0.0,4.00282002317092
t723,-0.0,4.00282002317092,-0.0,4.00282002317092
t724,-0.0,4.00282002317092,-0.0,4.00282002317092
t725,-0.0,4.00282002317092,-0.0,4.00282002317092
t726,-0.0,4.00282002317092,-0.0,4.00282002317092
t727,-0.0,4.00282002317092,-0.0,4.00282002317092
t728,-0.0,4.00282002317092,-0.0,4.00282002317092
t729,-0.0,4.00282002317092,-0.0,4.00282002317092
t730,-0.0,4.00282002317092,-0.0,4.00282002317092
t731,-0.0,4.00282002317092,-0.0,4.00282002317092
t732,-0.0,4.00282002317092,-0.0,4.00282002317092
t733,-0.0,4.00282002317092,-0.0,4.00282002317092
t734,-0.0,4.00282002317092,-0.0,4.00282002317092
t735,-0.0,4.00282002317092,-0.0,4.00282002317092
t736,-0.0,4.00282002317092,-0.0,4.00282002317092
t737,-0.0,4.00282002317092,-0.0,4.00282002317092
t738,-0.0,4.00282002317092,-0.0,4.00282002317092
t739,-0.0,4.00282002317092,-0.0,4.00282002317092
t740,-0.0,4.00282002317092,-0.0,4.00282002317092
t741,-0.0,4.00282002317092,-0.0,4.00282002317092
t742,-0.0,4.00282002317092,-0.0,4.00282002317092
t743,-0.0,4.00282002317092,-0.0,4.00282002317092
t744,-0.0,4.00282002317092,-0.0,4.00282002317092
t745,-0.0,4.00282002317092,-0.0,4.00282002317092
t746,-0.0,4.00282002317092,-0.0,4.00282002317092
t747,-0.0,4.00282002317092,-0.0,4.00282002317092
t748,-0.0,4.00282002317092,-0.0,4.00282002317092
t749,-0.0,4.00282002317092,-0.0,4.00282002317092
t750,-0.0,4.00282002317092,-0.0,4.00282002317092
t751,-0.0,4.00282002317092,-0.0,4.00282002317092
t752,-0.0,4.00282002317092,-0.0,4.00282002317092
t753,-0.0,4.00282002317092,-0.0,4.00282002317092
t754,-0.0,4.00282002317092,-0.0,4.00282002317092
t755,-0.0,4.00282002317092,-0.0,4.00282002317092
t756,-0.0,4.00282002317092,-0.0,4.00282002317092
t757,-0.0,4.00282002317092,-0.0,4.00282002317092
t758,-0.0,4.00282002317092,-0.0,4.00282002317092
t759,-0.0,4.00282002317092,-0.0,4.00282002317092
t760,-0.0,4.00282002317092,-0.0,4.00282002317092
t761,-0.0,4.00282002317092,-0.0,4.00282002317092
t762,-0.0,4.00282002317092,-0.0,4.00282002317092
t763,-0.0,4.00282002317092,-0.0,4.00282002317092
t764,-0.0,4.00282002317092,-0.0,4.00282002317092
t765,-0.0,4.00282002317092,-0.0,4.00282002317092
t766,-0.0,4.00282002317092,-0.0,4.00282002317092
t767,-0.0,4.00282002317092,-0.0,4.00282002317092
t768,-0.0,4.00282002317092,-0.0,4.00282002317092
t769,-0.0,4.00282002317092,-0.0,4.00282002317092
t770,-0.0,4.00282002317092,-0.0,4.00282002317092
t771,-0.0,4.00282002317092,-0.0,4.00282002317092
t772,-0.0,4.00282002317092,-0.0,4.00282002317092
t773,-0.0,4.00282002317092,-0.0,4.00282002317092
t774,-0.0,4.00282002317092,-0.0,4.00282002317092
t775,-0.0,4.00282002317092,-0.0,4.00282002317092
t776,-0.0,1.6220153128286987,-0.0,1.6220153128286987
t777,-0.0,-0.0,-0.0,0.0
t778,-0.0,-0.0,-0.0,0.0
t779,-0.0,-0.0,-0.0,0.0
t780,-0.0,-0.0,-0.0,0.0
t781,-0.0,-0.0,-0.0,0.0
t782,-0.0,-0.0,-0.0,0.0
t783,-0.0,-0.0,-0.0,0.0
t784,-0.0,-0.0,-0.0,0.0
t785,-0.0,-0.0,-0.0,0.0
t786,-0.0,-0.0,-0.0,0.0
t787,-0.0,-0.0,-0.0,0.0
t788,-0.0,-0.0,-0.0,0.0
t789,-0.0,-0.0,-0.0,0.0
t790,-0.0,-0.0,-0.0,0.0
t791,-0.0,-0.0,-0.0,0.0
t792,-0.0,-0.0,-0.0,0.0
t793,-0.0,-0.0,-0.0,0.0
t794,-0.0,-0.0,-0.0,0.0
t795,-0.0,-0.0,-0.0,0.0
t796,-0.0,-0.0,-0.0,0.0
t797,-0.0,-0.0,-0.0,0.0
t798,-0.0,-0.0,-0.0,0.0
t799,-0.0,-0.0,-0.0,0.0
t800,-0.0,-0.0,-0.0,0.0
t801,-0.0,-0.0,-0.0,0.0
t802,-0.0,-0.0,-0.0,0.0
t803,-0.0,-0.0,-0.0,0.0
t804,-0.0,-0.0,-0.0,0.0
t805,-0.0,-0.0,-0.0,0.0
t806,-0.0,-0.0,-0.0,0.0
t807,-0.0,-0.0,-0.0,0.0
t808,-0.0,-0.0,-0.0,0.0
t809,-0.0,-0.0,-0.0,0.0
t810,-0.0,-0.0,-0.0,0.0
t811,-0.0,-0.0,-0.0,0.0
t812,-0.0,-0.0,-0.0,0.0
t813,-0.0,-0.0,-0.0,0.0
t814,-0.0,-0.0,-0.0,0.0
t815,-0.0,-0.0,-0.0,0.0
t816,-0.0,-0.0,-0.0,0.0
t817,-0.0,-0.0,-0.0,0.0
t818,-0.0,-0.0,-0.0,0.0
t819,-0.0,-0.0,-0.0,0.0
t820,-0.0,-0.0,-0.0,0.0
t821,-0.0,-0.0,-0.0,0.0
t822,-0.0,-0.0,-0.0,0.0
t823,-0.0,-0.0,-0.0,0.0
t824,-0.0,-0.0,-0.0,0.0
t825,-0.0,-0.0,-0.0,0.0
t826,-0.0,-0.0,-0.0,0.0
t827,-0.0,-0.0,-0.0,0.0
t828,-0.0,-0.0,-0.0,0.0
t829,-0.0,-0.0,-0.0,0.0
t830,-0.0,-0.0,-0.0,0.0
t831,-0.0,-0.0,-0.0,0.0
t832,-0.0,-0.0,-0.0,0.0
t833,-0.0,-0.0,-0.0,0.0
t834,-0.0,-0.0,-0.0,0.0
t835,-0.0,-0.0,-0.0,0.0
t836,-0.0,-0.0,-0.0,0.0
t837,-0.0,-0.0,-0.0,0.0
t838,-0.0,-0.0,-0.0,0.0
t839,-0.0,-0.0,-0.0,0.0
t840,-0.0,-0.0,-0.0,0.0
t841,2.5941755733333722,5.312107109087601,1.5308783518743057,9.43716103429528
t842,2.5941755733333722,5.312107109087601,1.5308783518743057,9.43716103429528
t843,2.5941755733333722,5.312107109087601,1.5308783518743057,9.43716103429528
t844,2.5941755733333722,5.312107109087601,1.5308783518743057,9.43716103429528
t845,2.5941755733333722,5.312107109087601,1.5308783518743057,9.43716103429528
t846,2.5941755733333722,5.312107109087601,1.5308783518743057,9.43716103429528
t847,2.5941755733333722,5.312107109087601,1.5308783518743057,9.43716103429528
t848,2.5941755733333722,5.312107109087601,1.5308783518743057,9.43716103429528
t849,2.5941755733333722,5.312107109087601,1.5308783518743057,9.43716103429528
t850,2.5941755733333722,5.312107109087601,1.5308783518743057,9.43716103429528
t851,2.5941755733333722,5.312107109087601,1.5308783518743057,9.43716103429528
t852,2.5941755733333722,5.312107109087601,1.5308783518743057,9.43716103429528
t853,2.5941755733333722,5.312107109087601,1.5308783518743057,9.43716103429528
t854,2.5941755733333722,5.312107109087601,1.5308783518743057,9.43716103429528
t855,2.5941755733333722,5.312107109087601,1.5308783518743057,9.43716103429528
t856,2.5941755733333722,5.312107109087601,1.5308783518743057,9.43716103429528
t857,2.5941755733333722,5.3121071090876,1.5308783518743057,9.437161034295277
t858,2.5941755733333722,5.312107109087601,1.5308783518743057,9.43716103429528
t859,2.5941755733333722,5.312107109087601,1.5308783518743057,9.43716103429528
t860,2.5941755733333722,5.312107109087601,1.5308783518743057,9.43716103429528
t861,2.5941755733333722,5.312107109087601,1.5308783518743057,9.43716103429528
t862,2.5941755733333722,5.312107109087601,1.5308783518743057,9.43716103429528
t863,2.5941755733333722,5.312107109087601,1.5308783518743057,9.43716103429528
t864,2.5941755733333722,5.312107109087601,1.5308783518743057,9.43716103429528
t865,2.5941755733333722,5.312107109087601,1.5308783518743057,9.43716103429528
t866,2.5941755733333722,5.312107109087601,1.5308783518743057,9.43716103429528
t867,2.5941755733333722,5.312107109087601,1.5308783518743057,9.43716103429528
t868,2.5941755733333722,5.312107109087601,1.5308783518743057,9.43716103429528
t869,2.5941755733333722,5.312107109087601,1.5308783518743057,9.43716103429528
t870,2.5941755733333722,5.312107109087601,1.5308783518743057,9.43716103429528
t871,2.5941755733333722,5.312107109087601,1.5308783518743057,9.43716103429528
t872,2.5941755733333722,5.312107109087601,1.5308783518743057,9.43716103429528
t873,2.5941755733333722,5.312107109087601,1.5308783518743057,9.43716103429528
t874,2.5941755733333722,5.312107109087601,1.5308783518743057,9.43716103429528
t875,2.5941755733333722,5.312107109087601,1.5308783518743057,9.43716103429528
t876,2.5941755733333722,5.312107109087601,1.5308783518743057,9.43716103429528
t877,2.5941755733333722,5.312107109087601,1.5308783518743057,9.43716103429528
t878,2.5941755733333722,5.312107109087601,1.5308783518743057,9.43716103429528
t879,2.5941755733333722,5.312107109087601,1.5308783518743057,9.43716103429528
t880,2.5941755733333722,5.312107109087601,1.5308783518743057,9.43716103429528
t881,2.5941755733333722,5.3121071090876,1.5308783518743057,9.437161034295277
t882,2.5941755733333722,5.312107109087601,1.5308783518743057,9.43716103429528
t883,2.5941755733333722,5.312107109087601,1.5308783518743057,9.43716103429528
t884,2.5941755733333722,5.312107109087601,1.5308783518743057,9.43716103429528
t885,2.5941755733333722,5.312107109087601,1.5308783518743057,9.43716103429528
t886,2.5941755733333722,5.312107109087601,1.5308783518743057,9.43716103429528
t887,2.5941755733333722,5.312107109087601,1.5308783518743057,9.43716103429528
t888,2.5941755733333722,5.312107109087601,1.5308783518743057,9.43716103429528
t889,2.5941755733333722,5.312107109087601,1.5308783518743057,9.43716103429528
t890,2.5941755733333722,5.312107109087601,1.5308783518743057,9.43716103429528
t891,2.5941755733333722,5.312107109087601,1.5308783518743057,9.43716103429528
t892,2.5941755733333722,5.312107109087601,1.5308783518743057,9.43716103429528
t893,2.5941755733333722,5.312107109087601,1.5308783518743057,9.43716103429528
t894,2.5941755733333722,5.3121071090876,1.5308783518743057,9.437161034295277
t895,2.5941755733333722,5.312107109087601,1.5308783518743057,9.43716103429528
t896,2.5941755733333722,5.312107109087601,1.5308783518743057,9.43716103429528
t897,2.5941755733333722,5.312107109087601,1.5308783518743057,9.43716103429528
t898,2.5941755733333722,5.312107109087601,1.5308783518743057,9.43716103429528
t899,2.5941755733333722,5.312107109087601,1.5308783518743057,9.43716103429528
t900,2.5941755733333722,5.312107109087601,1.5308783518743057,9.43716103429528
t901,2.5941755733333722,5.312107109087601,1.5308783518743057,9.43716103429528
t902,2.5941755733333722,5.312107109087601,1.5308783518743057,9.43716103429528
t903,2.5941755733333722,5.312107109087601,1.5308783518743057,9.43716103429528
t904,12.608184334588588,5.312107109087601,1.5308783518743057,19.451169795550495
t905,16.014969961384022,5.3121071090876,1.5308783518743057,22.85795542234593
t906,16.014969961384022,5.312107109087601,1.5308783518743057,22.85795542234593
t907,16.014969961384022,5.312107109087601,1.5308783518743057,22.85795542234593
t908,16.014969961384022,5.312107109087601,1.5308783518743057,22.85795542234593
t909,16.014969961384022,5.312107109087601,1.5308783518743057,22.85795542234593
t910,16.014969961384022,5.312107109087601,1.5308783518743057,22.85795542234593
t911,16.014969961384022,5.312107109087601,1.5308783518743057,22.85795542234593
t912,16.014969961384022,5.312107109087601,1.5308783518743057,22.85795542234593
t913,16.014969961384022,5.312107109087601,1.5308783518743057,22.85795542234593
t914,16.014969961384022,5.312107109087601,1.5308783518743057,22.85795542234593
t915,16.014969961384022,5.312107109087601,1.5308783518743057,22.85795542234593
t916,16.014969961384022,5.312107109087601,1.5308783518743057,22.85795542234593
t917,16.014969961384022,5.312107109087601,1.5308783518743057,22.85795542234593
t918,16.014969961384022,5.312107109087601,1.5308783518743057,22.85795542234593
t919,16.014969961384022,5.312107109087601,1.5308783518743057,22.85795542234593
t920,16.014969961384022,5.312107109087601,1.5308783518743057,22.85795542234593
t921,16.014969961384022,5.312107109087601,1.5308783518743057,22.85795542234593
t922,16.014969961384022,5.312107109087601,1.5308783518743057,22.85795542234593
t923,16.014969961384022,5.312107109087601,1.5308783518743057,22.85795542234593
t924,16.014969961384022,5.312107109087601,1.5308783518743057,22.85795542234593
t925,16.014969961384022,5.312107109087601,1.5308783518743057,22.85795542234593
t926,16.014969961384022,5.312107109087601,1.5308783518743057,22.85795542234593
t927,16.014969961384022,5.3121071090876,1.5308783518743057,22.85795542234593
t928,16.014969961384022,5.312107109087601,1.5308783518743057,22.85795542234593
t929,18.774218674686093,5.312107109087601,1.5308783518743057,25.617204135648002
t930,18.774218674686093,5.312107109087601,1.5308783518743057,25.617204135648002
t931,18.774218674686093,5.312107109087601,1.5308783518743057,25.617204135648002
t932,18.774218674686093,5.312107109087601,1.5308783518743057,25.617204135648002
t933,18.774218674686093,5.312107109087601,1.5308783518743057,25.617204135648002
t934,18.774218674686093,5.312107109087601,1.5308783518743057,25.617204135648002
t935,18.774218674686093,5.312107109087601,1.5308783518743057,25.617204135648002
t936,18.774218674686093,5.312107109087601,1.5308783518743057,25.617204135648002
t937,18.774218674686093,5.312107109087601,1.5308783518743057,25.617204135648002
t938,18.774218674686093,5.312107109087601,1.5308783518743057,25.617204135648002
t939,18.774218674686093,5.312107109087601,1.5308783518743057,25.617204135648002
t940,18.774218674686093,5.312107109087601,1.5308783518743057,25.617204135648002
t941,18.774218674686093,5.312107109087601,1.5308783518743057,25.617204135648002
t942,18.774218674686093,5.3121071090876,1.5308783518743057,25.617204135648002
t943,18.774218674686093,5.312107109087601,1.5308783518743057,25.617204135648002
t944,18.774218674686093,5.312107109087601,1.5308783518743057,25.617204135648002
t945,18.774218674686093,5.312107109087601,1.5308783518743057,25.617204135648002
t946,18.774218674686093,5.312107109087601,1.5308783518743057,25.617204135648002
t947,18.774218674686093,5.312107109087601,1.5308783518743057,25.617204135648002
t948,18.774218674686093,5.312107109087601,1.5308783518743057,25.617204135648002
t949,18.774218674686093,5.312107109087601,1.5308783518743057,25.617204135648002
t950,18.774218674686093,5.3121071090876,1.5308783518743057,25.617204135648002
t951,18.774218674686093,5.312107109087601,1.5308783518743057,25.617204135648002
t952,18.774218674686093,5.312107109087601,1.5308783518743057,25.617204135648002
t953,18.774218674686093,5.312107109087601,1.5308783518743057,25.617204135648002
t954,18.774218674686093,5.312107109087601,1.5308783518743057,25.617204135648002
t955,18.774218674686093,5.312107109087601,1.5308783518743057,25.617204135648002
t956,18.774218674686093,5.312107109087601,1.5308783518743057,25.617204135648002
t957,18.774218674686093,5.312107109087601,1.5308783518743057,25.617204135648002
t958,18.774218674686093,5.312107109087601,1.5308783518743057,25.617204135648002
t959,18.774218674686093,5.312107109087601,1.5308783518743057,25.617204135648002
t960,18.774218674686093,5.312107109087601,1.5308783518743057,25.617204135648002
t961,9.159320508455663,5.312107109087601,1.5308783518743057,16.00230596941757
t962,3.7191084404139203,5.312107109087601,1.5308783518743057,10.562093901375826
t963,2.5941755733333722,5.312107109087601,1.5308783518743057,9.43716103429528
t964,2.5941755733333722,5.312107109087601,1.5308783518743057,9.43716103429528
t965,2.5941755733333722,5.312107109087601,1.5308783518743057,9.43716103429528
t966,2.5941755733333722,5.312107109087601,1.5308783518743057,9.43716103429528
t967,2.5941755733333722,5.312107109087601,1.5308783518743057,9.43716103429528
t968,2.5941755733333722,5.312107109087601,1.5308783518743057,9.43716103429528
t969,2.5941755733333722,5.312107109087601,1.5308783518743057,9.43716103429528
t970,2.5941755733333722,5.312107109087601,1.5308783518743057,9.43716103429528
t971,2.5941755733333722,5.312107109087601,1.5308783518743057,9.43716103429528
t972,2.5941755733333722,5.312107109087601,1.5308783518743057,9.43716103429528
t973,2.5941755733333722,5.312107109087601,1.5308783518743057,9.43716103429528
t974,2.5941755733333722,5.312107109087601,1.5308783518743057,9.43716103429528
t975,2.5941755733333722,5.312107109087601,1.5308783518743057,9.43716103429528
t976,2.5941755733333722,5.312107109087601,1.5308783518743057,9.43716103429528
t977,2.5941755733333722,5.312107109087601,1.5308783518743057,9.43716103429528
t978,2.5941755733333722,5.312107109087601,1.5308783518743057,9.43716103429528
t979,2.5941755733333722,5.3121071090876,1.5308783518743057,9.437161034295277
t980,2.5941755733333722,5.312107109087601,1.5308783518743057,9.43716103429528
t981,2.5941755733333722,5.312107109087601,1.5308783518743057,9.43716103429528
t982,2.5941755733333722,5.312107109087601,1.5308783518743057,9.43716103429528
t983,2.5941755733333722,5.312107109087601,1.5308783518743057,9.43716103429528
t984,2.5941755733333722,5.312107109087601,1.5308783518743057,9.43716103429528
t985,2.5941755733333722,5.312107109087601,1.5308783518743057,9.43716103429528
t986,2.5941755733333722,5.312107109087601,1.5308783518743057,9.43716103429528
t987,2.5941755733333722,5.312107109087601,1.5308783518743057,9.43716103429528
t988,2.5941755733333722,5.312107109087601,1.5308783518743057,9.43716103429528
t989,2.5941755733333722,5.312107109087601,1.5308783518743057,9.43716103429528
t990,2.5941755733333722,5.312107109087601,1.5308783518743057,9.43716103429528
t991,2.5941755733333722,5.312107109087601,1.5308783518743057,9.43716103429528
t992,2.5941755733333722,5.312107109087601,1.5308783518743057,9.43716103429528
t993,2.5941755733333722,5.312107109087601,1.5308783518743057,9.43716103429528
t994,2.5941755733333722,5.312107109087601,1.5308783518743057,9.43716103429528
t995,2.5941755733333722,5.312107109087601,1.5308783518743057,9.43716103429528
t996,2.5941755733333722,5.312107109087601,1.5308783518743057,9.43716103429528
t997,2.5941755733333722,5.312107109087601,1.5308783518743057,9.43716103429528
t998,2.5941755733333722,5.312107109087601,1.5308783518743057,9.43716103429528
t999,2.5941755733333722,5.312107109087601,1.5308783518743057,9.43716103429528
t1000,2.5941755733333722,5.312107109087601,1.5308783518743057,9.43716103429528
t1001,2.5941755733333722,5.312107109087601,1.5308783518743057,9.43716103429528
t1002,2.5941755733333722,5.312107109087601,1.5308783518743057,9.43716103429528
t1003,2.5941755733333722,5.312107109087601,1.5308783518743057,9.43716103429528
t1004,2.5941755733333722,5.312107109087601,1.5308783518743057,9.43716103429528
t1005,2.5941755733333722,5.312107109087601,1.5308783518743057,9.43716103429528
t1006,2.5941755733333722,5.312107109087601,1.5308783518743057,9.43716103429528
t1007,2.5941755733333722,5.312107109087601,1.5308783518743057,9.43716103429528
t1008,2.5941755733333722,5.312107109087601,1.5308783518743057,9.43716103429528
t1009,14.216993912635363,5.312107109087601,1.459375642643556,20.988476664366523
t1010,14.216993912635363,5.312107109087601,1.459375642643556,20.988476664366523
t1011,14.216993912635363,5.312107109087601,1.459375642643556,20.988476664366523
t1012,14.216993912635363,5.312107109087601,1.459375642643556,20.988476664366523
t1013,14.216993912635363,5.312107109087601,1.459375642643556,20.988476664366523
t1014,14.216993912635363,5.312107109087601,1.459375642643556,20.988476664366523
t1015,14.216993912635363,5.312107109087601,1.459375642643556,20.988476664366523
t1016,14.216993912635363,5.312107109087601,1.459375642643556,20.988476664366523
t1017,14.216993912635363,5.312107109087601,1.459375642643556,20.988476664366523
t1018,14.216993912635363,5.312107109087601,1.459375642643556,20.988476664366523
t1019,14.216993912635363,5.312107109087601,1.459375642643556,20.988476664366523
t1020,14.216993912635363,5.312107109087601,0.8208987989870002,20.349999820709964
t1021,14.216993912635363,5.312107109087601,-0.0,19.529101021722965
t1022,14.216993912635363,5.312107109087601,-0.0,19.529101021722965
t1023,14.216993912635363,5.312107109087601,-0.0,19.529101021722965
t1024,14.216993912635363,5.312107109087601,-0.0,19.529101021722965
t1025,14.216993912635363,5.312107109087601,-0.0,19.529101021722965
t1026,14.216993912635363,5.312107109087601,-0.0,19.529101021722965
t1027,14.216993912635363,5.312107109087601,-0.0,19.529101021722965
t1028,14.216993912635363,5.312107109087601,-0.0,19.529101021722965
t1029,14.216993912635363,5.312107109087601,-0.0,19.529101021722965
t1030,14.216993912635363,5.312107109087601,-0.0,19.529101021722965
t1031,14.216993912635363,5.312107109087601,-0.0,19.529101021722965
t1032,14.216993912635363,5.312107109087601,-0.0,19.529101021722965
t1033,14.216993912635363,5.312107109087601,-0.0,19.529101021722965
t1034,14.216993912635363,5.312107109087601,-0.0,19.529101021722965
t1035,14.216993912635363,5.312107109087601,-0.0,19.529101021722965
t1036,14.216993912635363,5.312107109087601,-0.0,19.529101021722965
t1037,14.216993912635363,5.312107109087601,-0.0,19.529101021722965
t1038,14.216993912635363,5.312107109087601,-0.0,19.529101021722965
t1039,11.432384745414904,5.312107109087601,-0.0,16.744491854502506
t1040,11.432384745414906,5.312107109087601,-0.0,16.744491854502506
t1041,10.445189230670094,5.312107109087601,-0.0,15.757296339757694
t1042,10.445189230670094,-0.0,-0.0,10.445189230670094
t1043,10.445189230670094,-0.0,-0.0,10.445189230670094
t1044,10.445189230670094,-0.0,-0.0,10.445189230670094
t1045,10.445189230670094,-0.0,-0.0,10.445189230670094
t1046,10.445189230670094,-0.0,-0.0,10.445189230670094
t1047,10.445189230670094,-0.0,-0.0,10.445189230670094
t1048,10.445189230670094,-0.0,-0.0,10.445189230670094
t1049,10.445189230670094,-0.0,-0.0,10.445189230670094
t1050,10.445189230670094,-0.0,-0.0,10.445189230670094
t1051,10.445189230670094,-0.0,-0.0,10.445189230670094
t1052,10.445189230670094,-0.0,-0.0,10.445189230670094
t1053,10.445189230670094,-0.0,-0.0,10.445189230670094
t1054,10.445189230670094,-0.0,-0.0,10.445189230670094
t1055,10.445189230670094,-0.0,-0.0,10.445189230670094
t1056,10.445189230670094,-0.0,-0.0,10.445189230670094
t1057,3.2959617237268497,-0.0,-0.0,3.2959617237268497
t1058,0.5992431803861507,-0.0,-0.0,0.5992431803861507
t1059,0.5992431803861507,-0.0,-0.0,0.5992431803861507
t1060,0.5992431803861507,0.0,-0.0,0.5992431803861507
t1061,-0.0,-0.0,-0.0,0.0
t1062,-0.0,-0.0,-0.0,0.0
t1063,-0.0,-0.0,-0.0,0.0
t1064,-0.0,-0.0,-0.0,0.0
t1065,-0.0,-0.0,-0.0,0.0
t1066,-0.0,-0.0,-0.0,0.0
t1067,-0.0,-0.0,-0.0,0.0
t1068,-0.0,-0.0,-0.0,0.0
t1069,-0.0,-0.0,-0.0,0.0
t1070,-0.0,-0.0,-0.0,0.0
t1071,-0.0,-0.0,-0.0,0.0
t1072,-0.0,-0.0,-0.0,0.0
t1073,-0.0,-0.0,-0.0,0.0
t1074,14.216993912635363,-0.0,0.8611190729292969,15.07811298556466
t1075,14.216993912635363,5.312107109087601,1.5308783518743057,21.059979373597272
t1076,14.216993912635363,5.312107109087601,1.5308783518743057,21.059979373597272
t1077,14.216993912635363,5.312107109087601,1.5308783518743057,21.059979373597272
t1078,14.216993912635363,5.312107109087601,1.5308783518743057,21.059979373597272
t1079,14.216993912635363,5.312107109087601,1.5308783518743057,21.059979373597272
t1080,14.216993912635363,5.312107109087601,1.5308783518743057,21.059979373597272
t1081,14.216993912635363,5.312107109087601,1.5308783518743057,21.059979373597272
t1082,14.216993912635363,5.312107109087601,1.5308783518743057,21.059979373597272
t1083,14.216993912635363,5.312107109087601,1.5308783518743057,21.059979373597272
t1084,14.216993912635363,5.312107109087601,1.5308783518743057,21.059979373597272
t1085,14.216993912635363,5.312107109087601,1.5308783518743057,21.059979373597272
t1086,14.216993912635363,5.312107109087601,1.5308783518743057,21.059979373597272
t1087,14.216993912635363,5.312107109087601,1.5308783518743057,21.059979373597272
t1088,14.216993912635363,5.312107109087601,1.5308783518743057,21.059979373597272
t1089,14.216993912635363,5.312107109087601,1.5308783518743057,21.059979373597272
t1090,14.216993912635363,5.312107109087601,1.5308783518743057,21.059979373597272
t1091,14.216993912635363,5.312107109087601,1.5308783518743057,21.059979373597272
t1092,14.216993912635363,5.312107109087601,1.5308783518743057,21.059979373597272
t1093,14.216993912635363,5.312107109087601,1.5308783518743057,21.059979373597272
t1094,14.216993912635363,5.312107109087601,1.5308783518743057,21.059979373597272
t1095,14.216993912635363,5.312107109087601,1.5308783518743057,21.059979373597272
t1096,14.216993912635363,5.312107109087601,1.5308783518743057,21.059979373597272
t1097,14.216993912635363,5.312107109087601,1.5308783518743057,21.059979373597272
t1098,14.216993912635363,5.312107109087601,1.5308783518743057,21.059979373597272
t1099,14.216993912635363,5.312107109087601,1.5308783518743057,21.059979373597272
t1100,14.216993912635363,5.312107109087601,1.5308783518743057,21.059979373597272
t1101,14.216993912635363,5.312107109087601,1.5308783518743057,21.059979373597272
t1102,14.216993912635363,5.312107109087601,1.5308783518743057,21.059979373597272
t1103,14.216993912635363,5.312107109087601,1.5308783518743057,21.059979373597272
t1104,14.216993912635363,5.312107109087601,1.5308783518743057,21.059979373597272
t1105,14.216993912635363,5.312107109087601,1.5308783518743057,21.059979373597272
t1106,14.216993912635363,5.312107109087601,1.5308783518743057,21.059979373597272
t1107,14.216993912635363,5.312107109087601,1.5308783518743057,21.059979373597272
t1108,14.216993912635363,5.312107109087601,1.5308783518743057,21.059979373597272
t1109,14.216993912635363,5.312107109087601,1.5308783518743057,21.059979373597272
t1110,14.216993912635363,5.312107109087601,1.5308783518743057,21.059979373597272
t1111,14.216993912635363,5.312107109087601,1.5308783518743057,21.059979373597272
t1112,14.216993912635363,5.312107109087601,1.5308783518743057,21.059979373597272
t1113,14.216993912635363,5.312107109087601,1.5308783518743057,21.059979373597272
t1114,14.216993912635363,5.312107109087601,1.5308783518743057,21.059979373597272
t1115,14.216993912635363,5.312107109087601,1.5308783518743057,21.059979373597272
t1116,14.216993912635363,5.312107109087601,1.5308783518743057,21.059979373597272
t1117,14.216993912635363,5.312107109087601,1.5308783518743057,21.059979373597272
t1118,14.216993912635363,5.312107109087601,1.5308783518743057,21.059979373597272
t1119,14.216993912635363,5.312107109087601,1.5308783518743057,21.059979373597272
t1120,14.216993912635363,5.312107109087601,1.5308783518743057,21.059979373597272
t1121,14.216993912635363,5.312107109087601,1.5308783518743057,21.059979373597272
t1122,14.216993912635363,5.312107109087601,1.5308783518743057,21.059979373597272
t1123,14.216993912635363,5.312107109087601,1.5308783518743057,21.059979373597272
t1124,14.216993912635363,5.312107109087601,1.5308783518743057,21.059979373597272
t1125,14.216993912635363,5.312107109087601,1.5308783518743057,21.059979373597272
t1126,14.216993912635363,5.312107109087601,1.5308783518743057,21.059979373597272
t1127,14.216993912635363,5.312107109087601,1.5308783518743057,21.059979373597272
t1128,14.216993912635363,5.312107109087601,1.5308783518743057,21.059979373597272
t1129,14.216993912635363,5.312107109087601,1.5308783518743057,21.059979373597272
t1130,14.216993912635363,5.312107109087601,1.5308783518743057,21.059979373597272
t1131,14.216993912635363,5.312107109087601,1.5308783518743057,21.059979373597272
t1132,14.216993912635363,5.312107109087601,1.5308783518743057,21.059979373597272
t1133,14.216993912635363,5.312107109087601,1.5308783518743057,21.059979373597272
t1134,14.216993912635363,5.312107109087601,1.5308783518743057,21.059979373597272
t1135,14.216993912635363,5.312107109087601,1.5308783518743057,21.059979373597272
t1136,14.216993912635363,5.312107109087601,1.5308783518743057,21.059979373597272
t1137,14.216993912635363,5.312107109087601,1.5308783518743057,21.059979373597272
t1138,14.216993912635363,5.312107109087601,1.5308783518743057,21.059979373597272
t1139,14.216993912635363,5.312107109087601,1.5308783518743057,21.059979373597272
t1140,14.216993912635363,5.312107109087601,1.5308783518743057,21.059979373597272
t1141,14.216993912635363,5.312107109087601,1.5308783518743057,21.059979373597272
t1142,14.216993912635363,5.312107109087601,1.5308783518743057,21.059979373597272
t1143,14.216993912635363,5.312107109087601,1.5308783518743057,21.059979373597272
t1144,14.216993912635363,5.312107109087601,1.5308783518743057,21.059979373597272
t1145,14.216993912635363,5.312107109087601,1.5308783518743057,21.059979373597272
t1146,14.216993912635363,5.312107109087601,1.5308783518743057,21.059979373597272
t1147,14.216993912635363,5.312107109087601,1.5308783518743057,21.059979373597272
t1148,14.216993912635363,5.312107109087601,1.5308783518743057,21.059979373597272
t1149,14.216993912635363,5.312107109087601,1.5308783518743057,21.059979373597272
t1150,14.216993912635363,5.312107109087601,1.5308783518743057,21.059979373597272
t1151,14.216993912635363,5.312107109087601,1.5308783518743057,21.059979373597272
t1152,14.216993912635363,5.312107109087601,1.5308783518743057,21.059979373597272
t1153,14.216993912635363,5.312107109087601,1.5308783518743057,21.059979373597272
t1154,14.216993912635363,5.312107109087601,1.5308783518743057,21.059979373597272
t1155,14.216993912635363,5.312107109087601,1.5308783518743057,21.059979373597272
t1156,14.216993912635363,5.312107109087601,1.5308783518743057,21.059979373597272
t1157,14.216993912635363,5.312107109087601,1.5308783518743057,21.059979373597272
t1158,14.216993912635363,5.312107109087601,1.5308783518743057,21.059979373597272
t1159,14.216993912635363,5.312107109087601,1.5308783518743057,21.059979373597272
t1160,14.216993912635363,5.312107109087601,1.5308783518743057,21.059979373597272
t1161,14.216993912635363,5.312107109087601,1.5308783518743057,21.059979373597272
t1162,14.216993912635363,5.312107109087601,1.5308783518743057,21.059979373597272
t1163,14.216993912635363,5.312107109087601,1.5308783518743057,21.059979373597272
t1164,14.216993912635363,5.312107109087601,1.5308783518743057,21.059979373597272
t1165,14.216993912635363,5.312107109087601,1.5308783518743057,21.059979373597272
t1166,14.216993912635363,5.312107109087601,1.5308783518743057,21.059979373597272
t1167,14.216993912635363,5.312107109087601,1.5308783518743057,21.059979373597272
t1168,14.216993912635363,5.312107109087601,1.5308783518743057,21.059979373597272
t1169,14.216993912635363,5.312107109087601,1.5308783518743057,21.059979373597272
t1170,14.216993912635363,5.312107109087601,1.5308783518743057,21.059979373597272
t1171,14.216993912635363,5.312107109087601,1.5308783518743057,21.059979373597272
t1172,14.216993912635363,5.312107109087601,1.5308783518743057,21.059979373597272
t1173,14.216993912635363,5.312107109087601,1.5308783518743057,21.059979373597272
t1174,14.216993912635363,5.312107109087601,1.5308783518743057,21.059979373597272
t1175,14.216993912635363,5.312107109087601,1.5308783518743057,21.059979373597272
t1176,14.216993912635363,5.312107109087601,1.5308783518743057,21.059979373597272
t1177,17.551727388124146,5.312107109087601,1.5308783518743057,24.394712849086055
t1178,17.551727388124146,5.312107109087601,1.5308783518743057,24.394712849086055
t1179,17.551727388124146,5.312107109087601,1.5308783518743057,24.394712849086055
t1180,17.551727388124146,5.312107109087601,1.5308783518743057,24.394712849086055
t1181,17.551727388124146,5.312107109087601,1.5308783518743057,24.394712849086055
t1182,17.551727388124146,5.312107109087601,1.5308783518743059,24.394712849086055
t1183,17.551727388124146,5.312107109087601,1.5308783518743057,24.394712849086055
t1184,17.551727388124146,5.312107109087601,1.5308783518743057,24.394712849086055
t1185,17.551727388124146,5.312107109087601,1.5308783518743057,24.394712849086055
t1186,17.551727388124146,5.312107109087601,1.5308783518743057,24.394712849086055
t1187,17.551727388124146,5.312107109087601,1.5308783518743057,24.394712849086055
t1188,17.551727388124146,5.312107109087601,1.5308783518743057,24.394712849086055
t1189,17.551727388124146,5.312107109087601,1.5308783518743057,24.394712849086055
t1190,17.551727388124146,5.312107109087601,1.5308783518743057,24.394712849086055
t1191,17.551727388124146,5.312107109087601,1.5308783518743057,24.394712849086055
t1192,17.551727388124146,5.312107109087601,1.5308783518743057,24.394712849086055
t1193,17.551727388124146,5.312107109087601,1.5308783518743057,24.394712849086055
t1194,17.551727388124146,5.312107109087601,1.5308783518743057,24.394712849086055
t1195,17.551727388124146,5.312107109087601,1.5308783518743057,24.394712849086055
t1196,17.551727388124146,5.312107109087601,1.5308783518743059,24.394712849086055
t1197,17.551727388124146,5.312107109087601,1.5308783518743057,24.394712849086055
t1198,17.551727388124146,5.312107109087601,1.5308783518743057,24.394712849086055
t1199,17.551727388124146,5.312107109087601,1.5308783518743057,24.394712849086055
t1200,17.551727388124146,5.312107109087601,1.5308783518743057,24.394712849086055
t1201,17.551727388124146,5.312107109087601,1.5308783518743057,24.394712849086055
t1202,17.551727388124146,5.312107109087601,1.5308783518743057,24.394712849086055
t1203,17.551727388124146,5.312107109087601,1.5308783518743057,24.394712849086055
t1204,17.551727388124146,5.312107109087601,1.53087835187431,24.39471284908606
t1205,17.551727388124146,5.312107109087601,1.53087835187431,24.39471284908606
t1206,17.551727388124146,5.312107109087601,1.53087835187431,24.39471284908606
t1207,17.551727388124146,5.312107109087601,1.53087835187431,24.39471284908606
t1208,17.551727388124146,5.312107109087601,1.53087835187431,24.39471284908606
t1209,17.551727388124146,5.312107109087601,1.53087835187431,24.39471284908606
t1210,17.551727388124146,5.312107109087601,1.53087835187431,24.39471284908606
t1211,17.551727388124146,5.312107109087601,1.53087835187431,24.39471284908606
t1212,17.551727388124146,5.312107109087601,1.53087835187431,24.39471284908606
t1213,17.551727388124146,5.312107109087601,1.53087835187431,24.39471284908606
t1214,17.551727388124146,5.312107109087601,1.53087835187431,24.39471284908606
t1215,17.551727388124146,5.312107109087601,1.53087835187431,24.39471284908606
t1216,17.551727388124146,5.312107109087601,1.53087835187431,24.39471284908606
t1217,17.551727388124146,5.312107109087601,1.53087835187431,24.39471284908606
t1218,17.551727388124146,5.312107109087601,1.53087835187431,24.39471284908606
t1219,17.551727388124146,5.312107109087601,1.53087835187431,24.39471284908606
t1220,17.551727388124146,5.312107109087601,1.53087835187431,24.39471284908606
t1221,17.551727388124146,5.312107109087601,1.5308783518743057,24.394712849086055
t1222,17.551727388124146,5.312107109087601,1.5308783518743057,24.394712849086055
t1223,17.551727388124146,5.312107109087601,1.5308783518743057,24.394712849086055
t1224,17.551727388124146,5.312107109087601,1.5308783518743057,24.394712849086055
t1225,17.551727388124146,5.312107109087601,1.5308783518743057,24.394712849086055
t1226,17.551727388124146,5.312107109087601,1.5308783518743057,24.394712849086055
t1227,17.551727388124146,5.312107109087601,1.5308783518743057,24.394712849086055
t1228,17.551727388124146,5.312107109087601,1.5308783518743057,24.394712849086055
t1229,17.551727388124146,5.312107109087601,1.5308783518743057,24.394712849086055
t1230,17.551727388124146,5.312107109087601,1.5308783518743057,24.394712849086055
t1231,17.551727388124146,5.312107109087601,1.5308783518743057,24.394712849086055
t1232,17.551727388124146,5.312107109087601,1.5308783518743057,24.394712849086055
t1233,17.551727388124146,5.312107109087601,1.5308783518743057,24.394712849086055
t1234,17.551727388124146,5.312107109087601,1.5308783518743057,24.394712849086055
t1235,17.551727388124146,5.312107109087601,1.5308783518743057,24.394712849086055
t1236,17.551727388124146,5.312107109087601,1.5308783518743057,24.394712849086055
t1237,17.551727388124146,5.312107109087601,1.5308783518743057,24.394712849086055
t1238,17.551727388124146,5.312107109087601,1.5308783518743057,24.394712849086055
t1239,17.551727388124146,5.312107109087601,1.5308783518743057,24.394712849086055
t1240,17.551727388124146,5.312107109087601,1.5308783518743057,24.394712849086055
t1241,17.551727388124146,5.312107109087601,1.5308783518743057,24.394712849086055
t1242,17.551727388124146,5.312107109087601,1.5308783518743057,24.394712849086055
t1243,17.551727388124146,5.312107109087601,1.5308783518743057,24.394712849086055
t1244,17.551727388124146,5.312107109087601,1.5308783518743059,24.394712849086055
t1245,17.551727388124146,5.312107109087601,1.5308783518743057,24.394712849086055
t1246,17.551727388124146,5.312107109087601,1.5308783518743057,24.394712849086055
t1247,17.551727388124146,5.312107109087601,1.5308783518743057,24.394712849086055
t1248,17.551727388124146,5.312107109087601,1.5308783518743057,24.394712849086055
t1249,17.551727388124146,5.312107109087601,1.5308783518743057,24.394712849086055
t1250,17.551727388124146,5.312107109087601,1.5308783518743057,24.394712849086055
t1251,17.551727388124146,5.312107109087601,1.5308783518743057,24.394712849086055
t1252,17.551727388124146,5.312107109087601,1.5308783518743057,24.394712849086055
t1253,17.551727388124146,5.312107109087601,1.5308783518743057,24.394712849086055
t1254,17.551727388124146,5.312107109087601,1.5308783518743057,24.394712849086055
t1255,17.551727388124146,5.312107109087601,1.5308783518743057,24.394712849086055
t1256,17.551727388124146,5.312107109087601,1.5308783518743057,24.394712849086055
t1257,17.551727388124146,5.312107109087601,1.5308783518743057,24.394712849086055
t1258,17.551727388124146,5.312107109087601,1.5308783518743057,24.394712849086055
t1259,17.551727388124146,5.312107109087601,1.5308783518743057,24.394712849086055
t1260,17.551727388124146,5.312107109087601,1.5308783518743057,24.394712849086055
t1261,17.551727388124146,5.312107109087601,1.5308783518743057,24.394712849086055
t1262,17.551727388124146,5.312107109087601,1.5308783518743057,24.394712849086055
t1263,17.551727388124146,5.312107109087601,1.5308783518743057,24.394712849086055
t1264,17.551727388124146,5.312107109087601,1.5308783518743057,24.394712849086055
t1265,17.551727388124146,5.312107109087601,1.5308783518743057,24.394712849086055
t1266,17.551727388124146,5.312107109087601,1.5308783518743057,24.394712849086055
t1267,17.551727388124146,5.312107109087601,1.5308783518743059,24.394712849086055
t1268,17.551727388124146,5.312107109087601,1.5308783518743057,24.394712849086055
t1269,17.551727388124146,5.312107109087601,1.5308783518743057,24.394712849086055
t1270,17.551727388124146,5.312107109087601,1.5308783518743057,24.394712849086055
t1271,17.551727388124146,5.312107109087601,1.5308783518743057,24.394712849086055
t1272,17.551727388124146,5.312107109087601,1.5308783518743057,24.394712849086055
t1273,17.551727388124146,5.312107109087601,1.5308783518743057,24.394712849086055
t1274,17.551727388124146,5.312107109087601,1.5308783518743057,24.394712849086055
t1275,17.551727388124146,5.312107109087601,1.5308783518743057,24.394712849086055
t1276,17.551727388124146,5.312107109087601,1.5308783518743057,24.394712849086055
t1277,17.551727388124146,5.312107109087601,1.5308783518743057,24.394712849086055
t1278,17.551727388124146,5.312107109087601,1.5308783518743057,24.394712849086055
t1279,17.551727388124146,5.312107109087601,1.5308783518743057,24.394712849086055
t1280,17.551727388124146,5.312107109087601,1.5308783518743057,24.394712849086055
t1281,17.551727388124146,5.312107109087601,1.5308783518743057,24.394712849086055
t1282,17.551727388124146,5.312107109087601,1.5308783518743057,24.394712849086055
t1283,17.551727388124146,5.312107109087601,1.5308783518743057,24.394712849086055
t1284,17.551727388124146,5.312107109087601,1.5308783518743057,24.394712849086055
t1285,17.551727388124146,5.312107109087601,1.5308783518743057,24.394712849086055
t1286,17.551727388124146,5.312107109087601,1.5308783518743057,24.394712849086055
t1287,17.551727388124146,5.312107109087601,1.5308783518743057,24.394712849086055
t1288,17.551727388124146,5.312107109087601,1.5308783518743057,24.394712849086055
t1289,17.551727388124146,5.312107109087601,1.5308783518743057,24.394712849086055
t1290,17.551727388124146,5.312107109087601,1.5308783518743057,24.394712849086055
t1291,17.551727388124146,5.312107109087601,1.5308783518743057,24.394712849086055
t1292,17.551727388124146,5.312107109087601,1.5308783518743057,24.394712849086055
t1293,17.551727388124146,5.312107109087601,1.5308783518743057,24.394712849086055
t1294,17.551727388124146,5.312107109087601,1.5308783518743057,24.394712849086055
t1295,17.551727388124146,5.312107109087601,1.5308783518743057,24.394712849086055
t1296,17.551727388124146,5.312107109087601,1.5308783518743057,24.394712849086055
t1297,17.551727388124146,5.312107109087601,1.5308783518743057,24.394712849086055
t1298,17.551727388124146,5.312107109087601,1.5308783518743057,24.394712849086055
t1299,17.551727388124146,5.312107109087601,1.5308783518743057,24.394712849086055
t1300,17.551727388124146,5.312107109087601,1.5308783518743057,24.394712849086055
t1301,17.551727388124146,5.312107109087601,1.5308783518743057,24.394712849086055
t1302,17.551727388124146,5.312107109087601,1.5308783518743057,24.394712849086055
t1303,17.551727388124146,5.312107109087601,1.5308783518743057,24.394712849086055
t1304,17.551727388124146,5.312107109087601,1.5308783518743057,24.394712849086055
t1305,17.551727388124146,5.312107109087601,1.5308783518743057,24.394712849086055
t1306,17.551727388124146,5.312107109087601,1.5308783518743057,24.394712849086055
t1307,17.551727388124146,5.312107109087601,1.5308783518743057,24.394712849086055
t1308,17.551727388124146,5.312107109087601,1.5308783518743057,24.394712849086055
t1309,17.551727388124146,5.312107109087601,1.5308783518743057,24.394712849086055
t1310,17.551727388124146,5.312107109087601,1.5308783518743057,24.394712849086055
t1311,17.551727388124146,5.312107109087601,1.5308783518743057,24.394712849086055
t1312,17.551727388124146,5.312107109087601,1.5308783518743057,24.394712849086055
t1313,17.551727388124146,5.312107109087601,1.5308783518743057,24.394712849086055
t1314,17.551727388124146,5.312107109087601,1.5308783518743057,24.394712849086055
t1315,17.551727388124146,5.312107109087601,1.5308783518743057,24.394712849086055
t1316,17.551727388124146,5.312107109087601,1.5308783518743057,24.394712849086055
t1317,17.551727388124146,5.312107109087601,1.5308783518743057,24.394712849086055
t1318,17.551727388124146,5.312107109087601,1.5308783518743057,24.394712849086055
t1319,17.551727388124146,5.312107109087601,1.5308783518743057,24.394712849086055
t1320,17.551727388124146,5.312107109087601,1.5308783518743057,24.394712849086055
t1321,17.551727388124146,5.312107109087601,1.5308783518743057,24.394712849086055
t1322,17.551727388124146,5.312107109087601,1.5308783518743057,24.394712849086055
t1323,17.551727388124146,5.312107109087601,1.5308783518743057,24.394712849086055
t1324,17.551727388124146,5.312107109087601,1.5308783518743057,24.394712849086055
t1325,17.551727388124146,5.312107109087601,1.5308783518743057,24.394712849086055
t1326,17.551727388124146,5.312107109087601,1.5308783518743057,24.394712849086055
t1327,17.551727388124146,5.312107109087601,1.5308783518743057,24.394712849086055
t1328,17.551727388124146,5.312107109087601,1.5308783518743057,24.394712849086055
t1329,17.551727388124146,5.312107109087601,1.5308783518743057,24.394712849086055
t1330,17.551727388124146,5.312107109087601,1.5308783518743057,24.394712849086055
t1331,17.551727388124146,5.312107109087601,1.5308783518743057,24.394712849086055
t1332,17.551727388124146,5.312107109087601,1.5308783518743057,24.394712849086055
t1333,17.551727388124146,5.312107109087601,1.5308783518743057,24.394712849086055
t1334,17.551727388124146,5.312107109087601,1.5308783518743057,24.394712849086055
t1335,17.551727388124146,5.312107109087601,1.5308783518743057,24.394712849086055
t1336,17.551727388124146,5.312107109087601,1.5308783518743057,24.394712849086055
t1337,17.551727388124146,5.3121071090876,1.5308783518743057,24.394712849086055
t1338,17.551727388124146,5.312107109087601,1.5308783518743057,24.394712849086055
t1339,17.551727388124146,5.312107109087601,1.5308783518743057,24.394712849086055
t1340,17.551727388124146,5.312107109087601,1.5308783518743057,24.394712849086055
t1341,17.551727388124146,5.312107109087601,1.5308783518743057,24.394712849086055
t1342,17.551727388124146,5.312107109087601,1.5308783518743057,24.394712849086055
t1343,17.551727388124146,5.312107109087601,1.5308783518743057,24.394712849086055
t1344,17.551727388124146,5.312107109087601,1.5308783518743057,24.394712849086055
t1345,-0.0,-0.0,-0.0,0.0
t1346,-0.0,-0.0,-0.0,0.0
t1347,-0.0,-0.0,-0.0,0.0
t1348,-0.0,-0.0,-0.0,0.0
t1349,-0.0,-0.0,-0.0,0.0
t1350,-0.0,-0.0,-0.0,0.0
t1351,-0.0,-0.0,-0.0,0.0
t1352,-0.0,-0.0,-0.0,0.0
t1353,-0.0,-0.0,-0.0,0.0
t1354,-0.0,-0.0,-0.0,0.0
t1355,0.0,-0.0,-0.0,0.0
t1356,-0.0,-0.0,-0.0,0.0
t1357,-0.0,-0.0,-0.0,0.0
t1358,-0.0,-0.0,-0.0,0.0
t1359,-0.0,-0.0,-0.0,0.0
t1360,-0.0,-0.0,-0.0,0.0
t1361,-0.0,-0.0,-0.0,0.0
t1362,-0.0,-0.0,-0.0,0.0
t1363,-0.0,0.0,-0.0,0.0
t1364,-0.0,-0.0,-0.0,0.0
t1365,-0.0,-0.0,-0.0,0.0
t1366,-0.0,-0.0,-0.0,0.0
t1367,-0.0,-0.0,-0.0,0.0
t1368,-0.0,-0.0,-0.0,0.0
t1369,-0.0,-0.0,-0.0,0.0
t1370,-0.0,-0.0,-0.0,0.0
t1371,-0.0,-0.0,-0.0,0.0
t1372,-0.0,-0.0,-0.0,0.0
t1373,-0.0,-0.0,-0.0,0.0
t1374,-0.0,-0.0,-0.0,0.0
t1375,-0.0,-0.0,-0.0,0.0
t1376,-0.0,-0.0,-0.0,0.0
t1377,-0.0,-0.0,-0.0,0.0
t1378,-0.0,-0.0,-0.0,0.0
t1379,-0.0,-0.0,-0.0,0.0
t1380,-0.0,-0.0,-0.0,0.0
t1381,-0.0,-0.0,-0.0,0.0
t1382,-0.0,-0.0,-0.0,0.0
t1383,-0.0,-0.0,-0.0,0.0
t1384,-0.0,-0.0,-0.0,0.0
t1385,-0.0,0.0,-0.0,0.0
t1386,-0.0,0.0,-0.0,0.0
t1387,-0.0,-0.0,-0.0,0.0
t1388,-0.0,0.0,-0.0,0.0
t1389,-0.0,-0.0,-0.0,0.0
t1390,-0.0,-0.0,-0.0,0.0
t1391,-0.0,-0.0,-0.0,0.0
t1392,-0.0,-0.0,-0.0,0.0
t1393,-0.0,0.0,-0.0,0.0
t1394,-0.0,-0.0,-0.0,0.0
t1395,-0.0,-0.0,-0.0,0.0
t1396,-0.0,-0.0,0.0,0.0
t1397,-0.0,-0.0,-0.0,0.0
t1398,-0.0,-0.0,-0.0,0.0
t1399,-0.0,-0.0,-0.0,0.0
t1400,-0.0,-0.0,-0.0,0.0
t1401,-0.0,-0.0,0.0,0.0
t1402,-0.0,-0.0,-0.0,0.0
t1403,-0.0,-0.0,-0.0,0.0
t1404,-0.0,-0.0,-0.0,0.0
t1405,-0.0,-0.0,-0.0,0.0
t1406,-0.0,-0.0,0.0,0.0
t1407,-0.0,-0.0,-0.0,0.0
t1408,-0.0,-0.0,-0.0,0.0
t1409,-0.0,-0.0,0.0,0.0
t1410,-0.0,-0.0,-0.0,0.0
t1411,-0.0,-0.0,-0.0,0.0
t1412,-0.0,-0.0,-0.0,0.0
t1413,-0.0,-0.0,-0.0,0.0
t1414,-0.0,-0.0,-0.0,0.0
t1415,-0.0,-0.0,-0.0,0.0
t1416,-0.0,-0.0,-0.0,0.0
t1417,-0.0,-0.0,-0.0,0.0
t1418,-0.0,-0.0,-0.0,0.0
t1419,-0.0,-0.0,-0.0,0.0
t1420,-0.0,-0.0,-0.0,0.0
t1421,0.0,-0.0,-0.0,0.0
t1422,-0.0,-0.0,-0.0,0.0
t1423,-0.0,-0.0,-0.0,0.0
t1424,-0.0,-0.0,-0.0,0.0
t1425,-0.0,-0.0,-0.0,0.0
t1426,-0.0,-0.0,-0.0,0.0
t1427,-0.0,-0.0,-0.0,0.0
t1428,-0.0,-0.0,-0.0,0.0
t1429,0.0,-0.0,-0.0,0.0
t1430,-0.0,-0.0,-0.0,0.0
t1431,-0.0,-0.0,-0.0,0.0
t1432,-0.0,-0.0,-0.0,0.0
t1433,-0.0,-0.0,-0.0,0.0
t1434,-0.0,-0.0,-0.0,0.0
t1435,-0.0,-0.0,-0.0,0.0
t1436,-0.0,-0.0,-0.0,0.0
t1437,-0.0,-0.0,-0.0,0.0
t1438,-0.0,-0.0,-0.0,0.0
t1439,-0.0,-0.0,-0.0,0.0
t1440,-0.0,-0.0,-0.0,0.0
t1441,-0.0,-0.0,-0.0,0.0
t1442,-0.0,-0.0,-0.0,0.0
t1443,-0.0,-0.0,-0.0,0.0
t1444,-0.0,-0.0,-0.0,0.0
t1445,-0.0,-0.0,-0.0,0.0
t1446,-0.0,-0.0,-0.0,0.0
t1447,-0.0,-0.0,-0.0,0.0
t1448,-0.0,-0.0,-0.0,0.0
t1449,-0.0,-0.0,-0.0,0.0
t1450,-0.0,-0.0,0.0,0.0
t1451,-0.0,-0.0,-0.0,0.0
t1452,-0.0,-0.0,-0.0,0.0
t1453,-0.0,-0.0,-0.0,0.0
t1454,-0.0,-0.0,-0.0,0.0
t1455,-0.0,-0.0,-0.0,0.0
t1456,-0.0,-0.0,-0.0,0.0
t1457,5.262351570279835,-0.0,-0.0,5.262351570279835
t1458,5.262351570279835,-0.0,-0.0,5.262351570279835
t1459,5.262351570279835,-0.0,-0.0,5.262351570279835
t1460,5.262351570279835,2.012203977907924,-0.0,7.274555548187759
t1461,5.262351570279835,2.012203977907924,-0.0,7.274555548187759
t1462,5.262351570279835,2.012203977907924,-0.0,7.274555548187759
t1463,5.262351570279835,2.012203977907924,-0.0,7.274555548187759
t1464,5.262351570279835,2.012203977907924,-0.0,7.274555548187759
t1465,5.262351570279835,2.012203977907924,-0.0,7.274555548187759
t1466,5.262351570279835,2.012203977907924,-0.0,7.274555548187759
t1467,5.262351570279835,2.012203977907924,-0.0,7.274555548187759
t1468,5.262351570279835,2.012203977907924,-0.0,7.274555548187759
t1469,5.262351570279835,2.012203977907924,-0.0,7.274555548187759
t1470,5.262351570279835,2.012203977907924,-0.0,7.274555548187759
t1471,5.262351570279835,2.012203977907924,-0.0,7.274555548187759
t1472,5.262351570279835,2.012203977907924,-0.0,7.274555548187759
t1473,5.262351570279835,2.012203977907924,-0.0,7.274555548187759
t1474,5.262351570279835,2.012203977907924,-0.0,7.274555548187759
t1475,5.262351570279835,2.012203977907924,-0.0,7.274555548187759
t1476,5.262351570279835,2.012203977907924,-0.0,7.274555548187759
t1477,5.262351570279835,2.012203977907924,-0.0,7.274555548187759
t1478,5.262351570279835,2.012203977907924,-0.0,7.274555548187759
t1479,5.262351570279835,2.012203977907924,-0.0,7.274555548187759
t1480,5.262351570279835,2.012203977907924,-0.0,7.274555548187759
t1481,5.262351570279835,2.012203977907924,-0.0,7.274555548187759
t1482,5.262351570279835,2.012203977907924,-0.0,7.274555548187759
t1483,5.262351570279835,2.012203977907924,-0.0,7.274555548187759
t1484,5.262351570279835,2.012203977907924,-0.0,7.274555548187759
t1485,5.262351570279835,2.012203977907924,-0.0,7.274555548187759
t1486,5.262351570279835,2.012203977907924,-0.0,7.274555548187759
t1487,5.262351570279835,2.012203977907924,-0.0,7.274555548187759
t1488,5.262351570279835,2.012203977907924,-0.0,7.274555548187759
t1489,5.262351570279835,2.012203977907924,-0.0,7.274555548187759
t1490,5.262351570279835,2.012203977907924,-0.0,7.274555548187759
t1491,5.262351570279835,2.012203977907924,-0.0,7.274555548187759
t1492,5.262351570279835,2.012203977907924,-0.0,7.274555548187759
t1493,5.262351570279835,2.012203977907924,-0.0,7.274555548187759
t1494,5.262351570279835,2.012203977907924,-0.0,7.274555548187759
t1495,5.262351570279835,2.012203977907924,-0.0,7.274555548187759
t1496,5.262351570279835,2.012203977907924,-0.0,7.274555548187759
t1497,5.262351570279835,2.012203977907924,-0.0,7.274555548187759
t1498,-0.0,-0.0,-0.0,0.0
t1499,-0.0,-0.0,-0.0,0.0
t1500,-0.0,-0.0,-0.0,0.0
t1501,-0.0,-0.0,-0.0,0.0
t1502,-0.0,-0.0,-0.0,0.0
t1503,-0.0,-0.0,-0.0,0.0
t1504,-0.0,-0.0,-0.0,0.0
t1505,-0.0,-0.0,-0.0,0.0
t1506,-0.0,-0.0,-0.0,0.0
t1507,-0.0,0.0,-0.0,0.0
t1508,-0.0,-0.0,-0.0,0.0
t1509,-0.0,-0.0,-0.0,0.0
t1510,-0.0,-0.0,-0.0,0.0
t1511,-0.0,-0.0,-0.0,0.0
t1512,-0.0,-0.0,-0.0,0.0
t1513,18.774218674686093,5.312107109087601,1.5308783518743057,25.617204135648002
t1514,18.774218674686093,5.312107109087601,1.5308783518743057,25.617204135648002
t1515,18.774218674686093,5.312107109087601,1.5308783518743057,25.617204135648002
t1516,18.774218674686093,5.312107109087601,1.5308783518743057,25.617204135648002
t1517,18.774218674686093,5.312107109087601,1.5308783518743057,25.617204135648002
t1518,18.774218674686093,5.312107109087601,1.5308783518743057,25.617204135648002
t1519,18.774218674686093,5.312107109087601,1.5308783518743057,25.617204135648002
t1520,18.774218674686093,5.312107109087601,1.5308783518743057,25.617204135648002
t1521,18.774218674686093,5.312107109087601,1.5308783518743057,25.617204135648002
t1522,18.774218674686093,5.312107109087601,1.5308783518743057,25.617204135648002
t1523,18.774218674686093,5.312107109087601,1.5308783518743057,25.617204135648002
t1524,18.774218674686093,5.312107109087601,1.5308783518743057,25.617204135648002
t1525,18.774218674686093,5.312107109087601,1.5308783518743057,25.617204135648002
t1526,18.774218674686093,5.312107109087601,1.5308783518743057,25.617204135648002
t1527,18.774218674686093,5.312107109087601,1.5308783518743057,25.617204135648002
t1528,18.774218674686093,5.312107109087601,1.5308783518743057,25.617204135648002
t1529,18.774218674686093,5.312107109087601,1.5308783518743057,25.617204135648002
t1530,18.774218674686093,5.312107109087601,1.5308783518743057,25.617204135648002
t1531,18.774218674686093,5.312107109087601,1.5308783518743057,25.617204135648002
t1532,18.774218674686093,5.312107109087601,1.5308783518743057,25.617204135648002
t1533,18.774218674686093,5.312107109087601,1.5308783518743057,25.617204135648002
t1534,18.774218674686093,5.312107109087601,1.5308783518743057,25.617204135648002
t1535,18.774218674686093,5.312107109087601,1.5308783518743057,25.617204135648002
t1536,18.774218674686093,5.312107109087601,1.5308783518743057,25.617204135648002
t1537,18.774218674686093,5.312107109087601,1.5308783518743057,25.617204135648002
t1538,18.774218674686093,5.312107109087601,1.5308783518743057,25.617204135648002
t1539,18.774218674686093,5.312107109087601,1.5308783518743057,25.617204135648002
t1540,18.774218674686093,5.312107109087601,1.5308783518743057,25.617204135648002
t1541,18.774218674686093,5.312107109087601,1.5308783518743057,25.617204135648002
t1542,18.774218674686093,5.312107109087601,1.5308783518743057,25.617204135648002
t1543,18.774218674686093,5.312107109087601,1.5308783518743057,25.617204135648002
t1544,18.774218674686093,5.312107109087601,1.5308783518743057,25.617204135648002
t1545,18.774218674686093,5.312107109087601,1.5308783518743057,25.617204135648002
t1546,18.774218674686093,5.312107109087601,1.5308783518743057,25.617204135648002
t1547,18.774218674686093,5.312107109087601,1.5308783518743057,25.617204135648002
t1548,18.774218674686093,5.312107109087601,1.5308783518743057,25.617204135648002
t1549,18.774218674686093,5.312107109087601,1.5308783518743057,25.617204135648002
t1550,18.774218674686093,5.312107109087601,1.5308783518743057,25.617204135648002
t1551,18.774218674686093,5.312107109087601,1.5308783518743057,25.617204135648002
t1552,18.774218674686093,5.312107109087601,1.5308783518743057,25.617204135648002
t1553,18.774218674686093,5.312107109087601,1.5308783518743057,25.617204135648002
t1554,18.774218674686093,5.312107109087601,1.5308783518743057,25.617204135648002
t1555,18.774218674686093,5.312107109087601,1.5308783518743057,25.617204135648002
t1556,18.774218674686093,5.312107109087601,1.5308783518743057,25.617204135648002
t1557,18.774218674686093,5.312107109087601,1.5308783518743057,25.617204135648002
t1558,18.774218674686093,5.312107109087601,1.5308783518743057,25.617204135648002
t1559,18.774218674686093,5.312107109087601,1.5308783518743057,25.617204135648002
t1560,18.774218674686093,5.312107109087601,1.5308783518743057,25.617204135648002
t1561,18.774218674686093,5.312107109087601,1.5308783518743057,25.617204135648002
t1562,18.774218674686093,5.312107109087601,1.5308783518743057,25.617204135648002
t1563,18.774218674686093,5.312107109087601,1.5308783518743057,25.617204135648002
t1564,18.774218674686093,5.312107109087601,1.5308783518743057,25.617204135648002
t1565,18.774218674686093,5.312107109087601,1.5308783518743057,25.617204135648002
t1566,18.774218674686093,5.312107109087601,1.5308783518743057,25.617204135648002
t1567,18.774218674686093,5.312107109087601,1.5308783518743057,25.617204135648002
t1568,18.774218674686093,5.312107109087601,1.5308783518743057,25.617204135648002
t1569,18.774218674686093,5.312107109087601,1.5308783518743057,25.617204135648002
t1570,18.774218674686093,5.312107109087601,1.5308783518743057,25.617204135648002
t1571,18.774218674686093,5.312107109087601,1.5308783518743057,25.617204135648002
t1572,18.774218674686093,5.312107109087601,1.5308783518743057,25.617204135648002
t1573,18.774218674686093,5.312107109087601,1.5308783518743057,25.617204135648002
t1574,18.774218674686093,5.312107109087601,1.5308783518743057,25.617204135648002
t1575,18.774218674686093,5.312107109087601,1.5308783518743057,25.617204135648002
t1576,18.774218674686093,5.312107109087601,1.5308783518743057,25.617204135648002
t1577,18.774218674686093,5.312107109087601,1.5308783518743057,25.617204135648002
t1578,18.774218674686093,5.312107109087601,1.5308783518743057,25.617204135648002
t1579,18.774218674686093,5.312107109087601,1.5308783518743057,25.617204135648002
t1580,18.774218674686093,5.312107109087601,1.5308783518743057,25.617204135648002
t1581,18.774218674686093,5.312107109087601,1.5308783518743057,25.617204135648002
t1582,18.774218674686093,5.312107109087601,1.5308783518743057,25.617204135648002
t1583,18.774218674686093,5.312107109087601,1.5308783518743057,25.617204135648002
t1584,18.774218674686093,5.312107109087601,1.5308783518743057,25.617204135648002
t1585,18.774218674686093,5.312107109087601,1.5308783518743057,25.617204135648002
t1586,18.774218674686093,5.312107109087601,1.5308783518743057,25.617204135648002
t1587,18.774218674686093,5.312107109087601,1.5308783518743057,25.617204135648002
t1588,18.774218674686093,5.312107109087601,1.5308783518743057,25.617204135648002
t1589,18.774218674686093,5.312107109087601,1.5308783518743057,25.617204135648002
t1590,18.774218674686093,5.312107109087601,1.5308783518743057,25.617204135648002
t1591,18.774218674686093,5.312107109087601,1.5308783518743057,25.617204135648002
t1592,18.774218674686093,5.312107109087601,1.5308783518743057,25.617204135648002
t1593,18.774218674686093,5.312107109087601,1.5308783518743057,25.617204135648002
t1594,18.774218674686093,5.312107109087601,1.5308783518743057,25.617204135648002
t1595,18.774218674686093,5.312107109087601,1.5308783518743057,25.617204135648002
t1596,18.774218674686093,5.312107109087601,1.5308783518743057,25.617204135648002
t1597,18.774218674686093,5.312107109087601,1.5308783518743057,25.617204135648002
t1598,18.774218674686093,5.312107109087601,1.5308783518743057,25.617204135648002
t1599,18.774218674686093,5.312107109087601,1.5308783518743057,25.617204135648002
t1600,18.774218674686093,5.312107109087601,1.5308783518743057,25.617204135648002
t1601,18.774218674686093,5.312107109087601,1.5308783518743057,25.617204135648002
t1602,18.774218674686093,5.312107109087601,1.5308783518743057,25.617204135648002
t1603,18.774218674686093,5.312107109087601,1.5308783518743057,25.617204135648002
t1604,18.774218674686093,5.312107109087601,1.5308783518743057,25.617204135648002
t1605,18.774218674686093,5.312107109087601,1.5308783518743057,25.617204135648002
t1606,18.774218674686093,5.312107109087601,1.5308783518743057,25.617204135648002
t1607,18.774218674686093,5.312107109087601,1.5308783518743057,25.617204135648002
t1608,18.774218674686093,5.312107109087601,1.5308783518743057,25.617204135648002
t1609,18.774218674686093,5.312107109087601,1.5308783518743057,25.617204135648002
t1610,18.774218674686093,5.312107109087601,1.5308783518743057,25.617204135648002
t1611,18.774218674686093,5.312107109087601,1.5308783518743057,25.617204135648002
t1612,18.774218674686093,5.312107109087601,1.5308783518743057,25.617204135648002
t1613,18.774218674686093,5.312107109087601,1.5308783518743057,25.617204135648002
t1614,18.774218674686093,5.312107109087601,1.5308783518743057,25.617204135648002
t1615,18.774218674686093,5.312107109087601,1.5308783518743057,25.617204135648002
t1616,18.774218674686093,5.312107109087601,1.5308783518743057,25.617204135648002
t1617,18.774218674686093,5.312107109087601,1.5308783518743057,25.617204135648002
t1618,18.774218674686093,5.312107109087601,1.5308783518743057,25.617204135648002
t1619,18.774218674686093,5.312107109087601,1.5308783518743057,25.617204135648002
t1620,18.774218674686093,5.312107109087601,1.5308783518743057,25.617204135648002
t1621,18.774218674686093,5.312107109087601,1.5308783518743057,25.617204135648002
t1622,18.774218674686093,5.312107109087601,1.5308783518743057,25.617204135648002
t1623,18.774218674686093,5.312107109087601,1.5308783518743057,25.617204135648002
t1624,18.774218674686093,5.312107109087601,1.5308783518743057,25.617204135648002
t1625,18.774218674686093,5.312107109087601,1.5308783518743057,25.617204135648002
t1626,18.774218674686093,5.312107109087601,1.5308783518743057,25.617204135648002
t1627,18.774218674686093,5.312107109087601,1.5308783518743057,25.617204135648002
t1628,18.774218674686093,5.312107109087601,1.5308783518743057,25.617204135648002
t1629,18.774218674686093,5.312107109087601,1.5308783518743057,25.617204135648002
t1630,18.774218674686093,5.312107109087601,1.5308783518743057,25.617204135648002
t1631,18.774218674686093,5.312107109087601,1.5308783518743057,25.617204135648002
t1632,18.774218674686093,5.312107109087601,1.5308783518743057,25.617204135648002
t1633,18.774218674686093,5.312107109087601,1.5308783518743057,25.617204135648002
t1634,18.774218674686093,5.312107109087601,1.5308783518743057,25.617204135648002
t1635,18.774218674686093,5.312107109087601,1.5308783518743057,25.617204135648002
t1636,18.774218674686093,5.312107109087601,1.5308783518743057,25.617204135648002
t1637,18.774218674686093,5.312107109087601,1.5308783518743057,25.617204135648002
t1638,18.774218674686093,5.312107109087601,1.5308783518743057,25.617204135648002
t1639,18.774218674686093,5.312107109087601,1.5308783518743057,25.617204135648002
t1640,18.774218674686093,5.312107109087601,1.5308783518743057,25.617204135648002
t1641,18.774218674686093,5.312107109087601,1.5308783518743057,25.617204135648002
t1642,18.774218674686093,5.312107109087601,1.5308783518743057,25.617204135648002
t1643,18.774218674686093,5.312107109087601,1.5308783518743057,25.617204135648002
t1644,18.774218674686093,5.312107109087601,1.5308783518743057,25.617204135648002
t1645,18.774218674686093,5.312107109087601,1.5308783518743057,25.617204135648002
t1646,18.774218674686093,5.312107109087601,1.5308783518743057,25.617204135648002
t1647,18.774218674686093,5.312107109087601,1.5308783518743057,25.617204135648002
t1648,18.774218674686093,5.312107109087601,1.5308783518743057,25.617204135648002
t1649,18.774218674686093,5.312107109087601,1.5308783518743057,25.617204135648002
t1650,18.774218674686093,5.312107109087601,1.5308783518743057,25.617204135648002
t1651,18.774218674686093,5.312107109087601,1.5308783518743057,25.617204135648002
t1652,18.774218674686093,5.312107109087601,1.5308783518743057,25.617204135648002
t1653,18.774218674686093,5.312107109087601,1.5308783518743057,25.617204135648002
t1654,18.774218674686093,5.312107109087601,1.5308783518743057,25.617204135648002
t1655,18.774218674686093,5.312107109087601,1.5308783518743057,25.617204135648002
t1656,18.774218674686093,5.312107109087601,1.5308783518743057,25.617204135648002
t1657,18.774218674686093,5.312107109087601,1.5308783518743057,25.617204135648002
t1658,18.774218674686093,5.312107109087601,1.5308783518743057,25.617204135648002
t1659,18.774218674686093,5.312107109087601,1.5308783518743057,25.617204135648002
t1660,18.774218674686093,5.312107109087601,1.5308783518743057,25.617204135648002
t1661,18.774218674686093,5.312107109087601,1.5308783518743057,25.617204135648002
t1662,18.774218674686093,5.312107109087601,1.5308783518743057,25.617204135648002
t1663,18.774218674686093,5.312107109087601,1.5308783518743057,25.617204135648002
t1664,18.774218674686093,5.312107109087601,1.5308783518743057,25.617204135648002
t1665,18.774218674686093,5.312107109087601,1.5308783518743057,25.617204135648002
t1666,18.774218674686093,5.312107109087601,1.5308783518743057,25.617204135648002
t1667,18.774218674686093,5.312107109087601,1.5308783518743057,25.617204135648002
t1668,18.774218674686093,5.312107109087601,1.5308783518743057,25.617204135648002
t1669,18.774218674686093,5.312107109087601,1.5308783518743057,25.617204135648002
t1670,18.774218674686093,5.312107109087601,1.5308783518743057,25.617204135648002
t1671,18.774218674686093,5.312107109087601,1.5308783518743057,25.617204135648002
t1672,18.774218674686093,5.312107109087601,1.5308783518743057,25.617204135648002
t1673,18.774218674686093,5.312107109087601,1.5308783518743057,25.617204135648002
t1674,18.774218674686093,5.312107109087601,1.5308783518743057,25.617204135648002
t1675,18.774218674686093,5.312107109087601,1.5308783518743057,25.617204135648002
t1676,18.774218674686093,5.312107109087601,1.5308783518743057,25.617204135648002
t1677,18.774218674686093,5.312107109087601,1.5308783518743057,25.617204135648002
t1678,18.774218674686093,5.312107109087601,1.5308783518743057,25.617204135648002
t1679,18.774218674686093,5.312107109087601,1.5308783518743057,25.617204135648002
t1680,18.774218674686093,5.312107109087601,1.5308783518743057,25.617204135648002
t1681,17.028023208361404,5.312107109087601,-0.0,22.340130317449006
t1682,17.028023208361404,5.312107109087601,-0.0,22.340130317449006
t1683,17.028023208361404,5.312107109087601,-0.0,22.340130317449006
t1684,17.028023208361404,5.312107109087601,-0.0,22.340130317449006
t1685,17.028023208361404,5.312107109087601,-0.0,22.340130317449006
t1686,17.028023208361404,5.312107109087601,-0.0,22.340130317449006
t1687,17.028023208361404,5.312107109087601,-0.0,22.340130317449006
t1688,17.028023208361404,5.312107109087601,-0.0,22.340130317449006
t1689,17.028023208361404,5.3121071090876,-0.0,22.340130317449002
t1690,17.028023208361404,5.3121071090876,-0.0,22.340130317449002
t1691,17.028023208361404,5.312107109087601,-0.0,22.340130317449006
t1692,17.028023208361404,5.312107109087601,-0.0,22.340130317449006
t1693,17.028023208361404,5.312107109087601,-0.0,22.340130317449006
t1694,17.028023208361404,5.312107109087601,-0.0,22.340130317449006
t1695,17.028023208361404,5.312107109087601,1.5308783518743057,23.871008669323313
t1696,17.028023208361404,5.312107109087601,1.5308783518743057,23.871008669323313
t1697,18.774218674686093,5.312107109087601,1.5308783518743057,25.617204135648002
t1698,18.774218674686093,5.312107109087601,1.5308783518743057,25.617204135648002
t1699,18.774218674686093,5.312107109087601,1.5308783518743057,25.617204135648002
t1700,18.774218674686093,5.312107109087601,1.5308783518743057,25.617204135648002
t1701,18.774218674686093,5.312107109087601,1.5308783518743057,25.617204135648002
t1702,18.774218674686093,5.312107109087601,1.5308783518743057,25.617204135648002
t1703,18.774218674686093,5.312107109087601,1.5308783518743057,25.617204135648002
t1704,18.774218674686093,5.312107109087601,1.5308783518743057,25.617204135648002
t1705,18.774218674686093,5.312107109087601,1.5308783518743057,25.617204135648002
t1706,18.774218674686093,5.312107109087601,1.5308783518743057,25.617204135648002
t1707,18.774218674686093,5.312107109087601,1.5308783518743057,25.617204135648002
t1708,18.774218674686093,5.312107109087601,1.5308783518743057,25.617204135648002
t1709,18.774218674686093,5.312107109087601,1.5308783518743057,25.617204135648002
t1710,18.774218674686093,5.312107109087601,1.5308783518743057,25.617204135648002
t1711,18.774218674686093,5.312107109087601,1.5308783518743057,25.617204135648002
t1712,18.774218674686093,5.312107109087601,1.5308783518743057,25.617204135648002
t1713,18.774218674686093,5.312107109087601,1.5308783518743057,25.617204135648002
t1714,18.774218674686093,5.312107109087601,1.5308783518743057,25.617204135648002
t1715,18.774218674686093,5.312107109087601,1.5308783518743057,25.617204135648002
t1716,18.774218674686093,5.312107109087601,1.5308783518743057,25.617204135648002
t1717,18.774218674686093,5.312107109087601,1.5308783518743057,25.617204135648002
t1718,18.774218674686093,5.312107109087601,1.5308783518743057,25.617204135648002
t1719,18.774218674686093,5.312107109087601,1.5308783518743057,25.617204135648002
t1720,18.774218674686093,5.312107109087601,1.5308783518743057,25.617204135648002
t1721,18.774218674686093,5.312107109087601,1.5308783518743057,25.617204135648002
t1722,18.774218674686093,5.312107109087601,1.5308783518743057,25.617204135648002
t1723,18.774218674686093,5.312107109087601,1.5308783518743057,25.617204135648002
t1724,18.774218674686093,5.312107109087601,1.5308783518743057,25.617204135648002
t1725,18.774218674686093,5.312107109087601,1.5308783518743057,25.617204135648002
t1726,18.774218674686093,5.312107109087601,1.5308783518743057,25.617204135648002
t1727,18.774218674686093,5.312107109087601,1.5308783518743057,25.617204135648002
t1728,15.754274111431076,5.312107109087601,1.5308783518743057,22.597259572392986
t1729,15.754274111431076,5.312107109087601,1.5308783518743057,22.597259572392986
t1730,15.754274111431076,5.312107109087601,1.5308783518743057,22.597259572392986
t1731,15.754274111431076,5.312107109087601,1.5308783518743057,22.597259572392986
t1732,15.754274111431076,5.312107109087601,1.5308783518743057,22.597259572392986
t1733,15.754274111431076,5.3121071090876,1.5308783518743057,22.597259572392986
t1734,15.754274111431076,5.312107109087601,1.5308783518743057,22.597259572392986
t1735,15.754274111431076,5.312107109087601,1.5308783518743057,22.597259572392986
t1736,15.754274111431076,5.312107109087601,1.5308783518743057,22.597259572392986
t1737,15.754274111431076,5.312107109087601,1.5308783518743057,22.597259572392986
t1738,-0.0,-0.0,-0.0,0.0
t1739,-0.0,-0.0,-0.0,0.0
t1740,-0.0,-0.0,-0.0,0.0
t1741,-0.0,-0.0,-0.0,0.0
t1742,-0.0,-0.0,-0.0,0.0
t1743,-0.0,-0.0,0.0,0.0
t1744,0.0,-0.0,-0.0,0.0
t1745,-0.0,-0.0,-0.0,0.0
t1746,-0.0,-0.0,-0.0,0.0
t1747,-0.0,-0.0,-0.0,0.0
t1748,-0.0,-0.0,-0.0,0.0
t1749,-0.0,-0.0,-0.0,0.0
t1750,-0.0,-0.0,-0.0,0.0
t1751,-0.0,-0.0,-0.0,0.0
t1752,-0.0,-0.0,-0.0,0.0
t1753,-0.0,-0.0,-0.0,0.0
t1754,-0.0,-0.0,-0.0,0.0
t1755,-0.0,-0.0,-0.0,0.0
t1756,-0.0,-0.0,-0.0,0.0
t1757,-0.0,-0.0,-0.0,0.0
t1758,-0.0,-0.0,-0.0,0.0
t1759,-0.0,-0.0,0.0,0.0
t1760,-0.0,-0.0,-0.0,0.0
t1761,-0.0,-0.0,-0.0,0.0
t1762,-0.0,-0.0,-0.0,0.0
t1763,-0.0,-0.0,-0.0,0.0
t1764,-0.0,-0.0,-0.0,0.0
t1765,-0.0,-0.0,-0.0,0.0
t1766,-0.0,0.6963190358687477,-0.0,0.6963190358687477
t1767,-0.0,0.6963190358687475,-0.0,0.6963190358687475
t1768,-0.0,2.1466939061507833,-0.0,2.1466939061507833
t1769,4.913030775416637,5.312107109087601,-0.0,10.225137884504239
t1770,4.913030775416637,5.312107109087601,-0.0,10.225137884504239
t1771,4.913030775416637,5.312107109087601,-0.0,10.225137884504239
t1772,4.913030775416637,5.312107109087601,-0.0,10.225137884504239
t1773,4.913030775416637,5.312107109087601,-0.0,10.225137884504239
t1774,4.913030775416637,5.312107109087601,-0.0,10.225137884504239
t1775,4.913030775416637,5.312107109087601,0.0,10.225137884504239
t1776,4.913030775416637,5.312107109087601,-0.0,10.225137884504239
t1777,4.913030775416637,5.312107109087601,-0.0,10.225137884504239
t1778,4.913030775416637,5.312107109087601,-0.0,10.225137884504239
t1779,4.913030775416637,5.312107109087601,-0.0,10.225137884504239
t1780,4.913030775416637,5.312107109087601,-0.0,10.225137884504239
t1781,4.913030775416637,5.312107109087601,-0.0,10.225137884504239
t1782,4.913030775416637,5.312107109087601,-0.0,10.225137884504239
t1783,4.913030775416637,5.312107109087601,-0.0,10.225137884504239
t1784,4.913030775416637,5.312107109087601,-0.0,10.225137884504239
t1785,4.913030775416637,5.312107109087601,-0.0,10.225137884504239
t1786,4.913030775416637,5.312107109087601,-0.0,10.225137884504239
t1787,4.913030775416637,5.312107109087601,-0.0,10.225137884504239
t1788,4.913030775416637,5.312107109087601,-0.0,10.225137884504239
t1789,4.913030775416637,5.312107109087601,-0.0,10.225137884504239
t1790,4.913030775416637,5.312107109087601,-0.0,10.225137884504239
t1791,8.88090139591512,5.312107109087601,-0.0,14.193008505002723
t1792,11.54517181468966,5.312107109087601,-0.0,16.857278923777262
t1793,11.54517181468966,5.312107109087601,-0.0,16.857278923777262
t1794,11.54517181468966,5.312107109087601,-0.0,16.857278923777262
t1795,11.54517181468966,5.312107109087601,-0.0,16.857278923777262
t1796,11.54517181468966,5.312107109087601,-0.0,16.857278923777262
t1797,11.54517181468966,5.312107109087601,-0.0,16.857278923777262
t1798,11.54517181468966,5.312107109087601,-0.0,16.857278923777262
t1799,11.54517181468966,5.312107109087601,-0.0,16.857278923777262
t1800,11.54517181468966,5.312107109087601,-0.0,16.857278923777262
t1801,11.54517181468966,5.312107109087601,-0.0,16.857278923777262
t1802,11.54517181468966,5.312107109087601,-0.0,16.857278923777262
t1803,11.54517181468966,5.312107109087601,-0.0,16.857278923777262
t1804,11.54517181468966,5.312107109087601,-0.0,16.857278923777262
t1805,11.54517181468966,5.312107109087601,-0.0,16.857278923777262
t1806,11.54517181468966,5.312107109087601,-0.0,16.857278923777262
t1807,11.54517181468966,5.312107109087601,-0.0,16.857278923777262
t1808,11.54517181468966,5.312107109087601,-0.0,16.857278923777262
t1809,11.54517181468966,5.312107109087601,-0.0,16.857278923777262
t1810,11.54517181468966,5.312107109087601,-0.0,16.857278923777262
t1811,11.54517181468966,5.312107109087601,-0.0,16.857278923777262
t1812,11.54517181468966,5.312107109087601,-0.0,16.857278923777262
t1813,11.54517181468966,5.312107109087601,-0.0,16.857278923777262
t1814,11.54517181468966,5.312107109087601,-0.0,16.857278923777262
t1815,11.54517181468966,5.312107109087601,-0.0,16.857278923777262
t1816,11.54517181468966,5.312107109087601,-0.0,16.857278923777262
t1817,11.54517181468966,5.312107109087601,-0.0,16.857278923777262
t1818,11.54517181468966,5.312107109087601,-0.0,16.857278923777262
t1819,11.54517181468966,5.312107109087601,-0.0,16.857278923777262
t1820,11.54517181468966,5.312107109087601,-0.0,16.857278923777262
t1821,11.54517181468966,5.312107109087601,-0.0,16.857278923777262
t1822,11.54517181468966,5.312107109087601,-0.0,16.857278923777262
t1823,11.54517181468966,5.312107109087601,-0.0,16.857278923777262
t1824,11.54517181468966,5.3121071090876,-0.0,16.85727892377726
t1825,5.211538795831423,5.3121071090876,-0.0,10.523645904919023
t1826,5.211538795831423,5.312107109087601,-0.0,10.523645904919025
t1827,5.211538795831423,5.312107109087601,-0.0,10.523645904919025
t1828,5.211538795831423,5.312107109087601,-0.0,10.523645904919025
t1829,5.211538795831423,5.312107109087601,-0.0,10.523645904919025
t1830,5.211538795831423,5.312107109087601,-0.0,10.523645904919025
t1831,5.211538795831423,5.312107109087601,-0.0,10.523645904919025
t1832,5.211538795831423,5.312107109087601,-0.0,10.523645904919025
t1833,5.211538795831423,5.312107109087601,-0.0,10.523645904919025
t1834,5.211538795831423,5.312107109087601,-0.0,10.523645904919025
t1835,5.211538795831423,5.312107109087601,-0.0,10.523645904919025
t1836,5.211538795831423,5.312107109087601,-0.0,10.523645904919025
t1837,5.211538795831423,5.312107109087601,-0.0,10.523645904919025
t1838,5.211538795831423,5.312107109087601,-0.0,10.523645904919025
t1839,5.211538795831423,5.3121071090876,-0.0,10.523645904919023
t1840,5.211538795831423,5.312107109087601,-0.0,10.523645904919025
t1841,5.211538795831423,5.312107109087601,-0.0,10.523645904919025
t1842,5.211538795831423,5.312107109087601,-0.0,10.523645904919025
t1843,5.211538795831423,5.312107109087601,-0.0,10.523645904919025
t1844,5.211538795831423,5.312107109087601,-0.0,10.523645904919025
t1845,5.211538795831423,5.312107109087601,-0.0,10.523645904919025
t1846,5.211538795831423,5.312107109087601,-0.0,10.523645904919025
t1847,5.211538795831423,5.312107109087601,-0.0,10.523645904919025
t1848,5.211538795831423,5.3121071090876,-0.0,10.523645904919023
