Line,1,2
t1,-4642.182396944787,-4000.0
t2,-4642.182396944787,-4000.0
t3,-4642.182396944787,-4000.0
t4,-4642.182396944787,-4000.0
t5,-4642.182396944787,-4000.0
t6,-4642.182396944787,-4000.0
t7,-4642.182396944787,-4000.0
t8,-4642.182396944787,-4000.0
t9,-4642.182396944787,-4000.0
t10,-4642.182396944787,-3854.046018306064
t11,-4642.182396944787,-2135.816151583438
t12,-4642.182396944787,-2487.6720797480825
t13,-4642.182396944787,-1989.2250382495356
t14,-4642.182396944787,-2433.9860446967978
t15,-4642.182396944787,-3640.3841687605413
t16,-4642.182396944787,-4000.0
t17,-4642.182396944787,-4000.0
t18,-4642.182396944787,-4000.0
t19,-4642.182396944787,-4000.0
t20,-4642.182396944787,-4000.0
t21,-4642.182396944787,-4000.0
t22,-4642.182396944787,-4000.0
t23,-4642.182396944787,-4000.0
t24,-4642.182396944787,-4000.0
t25,-4642.182396944787,-4000.0
t26,-4642.182396944787,-4000.0
t27,-4642.182396944787,-4000.0
t28,-4642.182396944787,-4000.0
t29,-4642.182396944787,-4000.0
t30,-4642.182396944787,-4000.0
t31,-4642.182396944787,-4000.0
t32,-4642.182396944787,-4000.0
t33,-4642.182396944787,-4000.0
t34,-4642.182396944787,-4000.0
t35,-4642.182396944787,-4000.0
t36,-4642.182396944787,-4000.0
t37,-4642.182396944787,-4000.0
t38,-4642.182396944787,-4000.0
t39,-4642.182396944787,-4000.0
t40,-4642.182396944787,-4000.0
t41,-4642.182396944787,-4000.0
t42,-4642.182396944787,-4000.0
t43,-4642.182396944787,-4000.0
t44,-4642.182396944787,-4000.0
t45,-4642.182396944787,-4000.0
t46,-4642.182396944787,-4000.0
t47,-4642.182396944787,-4000.0
t48,-4642.182396944787,-4000.0
t49,-4642.182396944787,-4000.0
t50,-4642.182396944787,-4000.0
t51,-4642.182396944787,-4000.0
t52,-4642.182396944787,-4000.0
t53,-4642.182396944787,-4000.0
t54,-4642.182396944787,-4000.0
t55,-4642.182396944787,-4000.0
t56,-4642.182396944787,-4000.0
t57,-4642.182396944787,-4000.0
t58,-4642.182396944787,-4000.0
t59,-4642.182396944787,-1997.1071433993532
t60,-4642.182396944787,-857.2921913837072
t61,-4642.182396944787,-451.9169837809381
t62,-4642.182396944787,-497.1968623169583
t63,-4642.182396944787,-1386.2694190757863
t64,-4642.182396944787,-3447.2768332937962
t65,-4642.182396944787,-4000.0
t66,-4642.182396944787,-4000.0
t67,-4642.182396944787,-4000.0
t68,-4642.182396944787,-4000.0
t69,-4642.182396944787,-4000.0
t70,-4642.182396944787,-4000.0
t71,-4642.182396944787,-4000.0
t72,-4642.182396944787,-4000.0
t73,-4642.182396944787,-4000.0
t74,-4642.182396944787,-4000.0
t75,-4642.182396944787,-4000.0
t76,-4642.182396944787,-4000.0
t77,-4642.182396944787,-4000.0
t78,-4642.182396944787,-4000.0
t79,-4642.182396944787,-4000.0
t80,-4642.182396944787,-4000.0
t81,-4642.182396944787,-4000.0
t82,-4642.182396944787,-3898.0065146623283
t83,-4642.182396944787,-2726.1768594861483
t84,-4642.182396944787,-2221.8992516757844
t85,-4642.182396944787,-2254.4178025512497
t86,-4642.182396944787,-3843.92899593004
t87,-4642.182396944787,-3374.489854853838
t88,-4642.182396944787,-4000.0
t89,-4642.182396944787,-4000.0
t90,-4642.182396944787,-4000.0
t91,-4642.182396944787,-4000.0
t92,-4642.182396944787,-4000.0
t93,-4642.182396944787,-4000.0
t94,-4642.182396944787,-4000.0
t95,-4642.182396944787,-4000.0
t96,-4642.182396944787,-4000.0
t97,-4642.182396944787,-4000.0
t98,-4642.182396944787,-4000.0
t99,-4642.182396944787,-4000.0
t100,-4642.182396944787,-4000.0
t101,-4642.182396944787,-4000.0
t102,-4589.102601860393,-4000.0
t103,-3876.703656784805,-4000.0
t104,-3536.2152325866136,-4000.0
t105,-4642.182396944787,-4000.0
t106,-4642.182396944787,-4000.0
t107,-3013.510512316065,-3883.7035482388815
t108,-4642.182396944787,-2497.2097261791328
t109,-4642.182396944787,-2855.1916238540807
t110,-4642.182396944787,-3423.4787735586465
t111,-4642.182396944787,-4000.0
t112,-4642.182396944787,-4000.0
t113,-4642.182396944787,-4000.0
t114,-4642.182396944787,-4000.0
t115,-4642.182396944787,-4000.0
t116,-4642.182396944787,-4000.0
t117,-4642.182396944787,-4000.0
t118,-4642.182396944787,-4000.0
t119,-4642.182396944787,-4000.0
t120,-4642.182396944787,-4000.0
t121,-4642.182396944787,-4000.0
t122,-4642.182396944787,-4000.0
t123,-4642.182396944787,-4000.0
t124,-4642.182396944787,-4000.0
t125,-4642.182396944787,-4000.0
t126,-4642.182396944787,-4000.0
t127,-4642.182396944787,-4000.0
t128,-4642.182396944787,-4000.0
t129,-4642.182396944787,-4000.0
t130,-4642.182396944787,-4000.0
t131,-4642.182396944787,-4000.0
t132,-4642.182396944787,-4000.0
t133,-4642.182396944787,-4000.0
t134,-4642.182396944787,-4000.0
t135,-4642.182396944787,-4000.0
t136,-4642.182396944787,-4000.0
t137,-4351.538072937014,-4000.0
t138,-4642.182396944787,-4000.0
t139,-4642.182396944787,-4000.0
t140,-4642.182396944787,-4000.0
t141,-4642.182396944787,-4000.0
t142,-4642.182396944787,-4000.0
t143,-4642.182396944787,-4000.0
t144,-4642.182396944787,-4000.0
t145,-4642.182396944787,-4000.0
t146,-4642.182396944787,-4000.0
t147,-4642.182396944787,-4000.0
t148,-4642.182396944787,-4000.0
t149,-4642.182396944787,-4000.0
t150,-4642.182396944787,-4000.0
t151,-4642.182396944787,-4000.0
t152,-4642.182396944787,-4000.0
t153,-4642.182396944787,-4000.0
t154,-3556.1903827161486,-4000.0
t155,-3022.1936083321443,-3284.7170384829533
t156,-3761.900131318705,-2898.556754739101
t157,-4642.182396944787,-1047.1220478183766
t158,-4135.054288856711,-0.0
t159,-4616.250302744854,-0.0
t160,-4642.182396944787,-2145.4104041962887
t161,-4642.182396944787,-4000.0
t162,-4642.182396944787,-4000.0
t163,-4642.182396944787,-4000.0
t164,-4642.182396944787,-4000.0
t165,-4642.182396944787,-4000.0
t166,-4642.182396944787,-4000.0
t167,-4642.182396944787,-4000.0
t168,-4642.182396944787,-4000.0
t169,-4642.182396944787,-4000.0
t170,-4642.182396944787,-4000.0
t171,-4642.182396944787,-4000.0
t172,-4642.182396944787,-4000.0
t173,-4642.182396944787,-4000.0
t174,-4642.182396944787,-4000.0
t175,-4642.182396944787,-4000.0
t176,-4642.182396944787,-4000.0
t177,-4642.182396944787,-4000.0
t178,-4642.182396944787,-2014.993906891273
t179,-4642.182396944787,-780.896521958554
t180,-4640.420583697174,-0.0
t181,-4314.392573984851,-0.0
t182,-4163.7911059139215,-0.0
t183,-4642.182396944787,-58.22473327821873
t184,-4642.182396944787,-1954.366367864862
t185,-4642.182396944787,-4000.0
t186,-4642.182396944787,-4000.0
t187,-4642.182396944787,-4000.0
t188,-4642.182396944787,-4000.0
t189,-4642.182396944787,-4000.0
t190,-4642.182396944787,-4000.0
t191,-4642.182396944787,-4000.0
t192,-4048.2718515602583,-4000.0
t193,-4642.182396944787,-4000.0
t194,-1503.4285310026078,-4000.0
t195,-4318.587748826863,-4000.0
t196,-4339.936893740873,-4000.0
t197,-4642.182396944787,-4000.0
t198,-4642.182396944787,-4000.0
t199,-4642.182396944787,-4000.0
t200,-4642.182396944787,-4000.0
t201,-4642.182396944787,-4000.0
t202,-4642.182396944787,-3699.467936762984
t203,-4642.182396944787,-2478.0048527314016
t204,-4642.182396944787,-2111.6711901204235
t205,-4642.182396944787,-1051.5830996939524
t206,-4642.182396944787,-433.67880468539084
t207,-4642.182396944787,-675.1812653611637
t208,-4642.182396944787,-2418.038456008959
t209,-4642.182396944787,-4000.0
t210,-4642.182396944787,-4000.0
t211,-4642.182396944787,-4000.0
t212,-4642.182396944787,-4000.0
t213,-4642.182396944787,-4000.0
t214,-4642.182396944787,-4000.0
t215,-4642.182396944787,-4000.0
t216,-4642.182396944787,-4000.0
t217,-4642.182396944787,-4000.0
t218,-4642.182396944787,-4000.0
t219,-3806.767043235539,-4000.0
t220,-3804.733791338966,-4000.0
t221,-4044.6575151344946,-4000.0
t222,-4094.84830668008,-4000.0
t223,-3239.118777327772,-4000.0
t224,-3718.9475265910614,-4000.0
t225,-4261.722085852123,-4000.0
t226,-2424.035245564123,-4000.0
t227,-2793.6769565399236,-4000.0
t228,-2879.795783584396,-4000.0
t229,-3602.324502014298,-4000.0
t230,-2366.4094712797832,-4000.0
t231,-3486.704501149595,-4000.0
t232,-2709.0682652465257,-4000.0
t233,-1426.2952742435152,-4000.0
t234,-4258.633911492192,-4000.0
t235,-4642.182396944787,-4000.0
t236,-4642.182396944787,-4000.0
t237,-4642.182396944787,-4000.0
t238,-4642.182396944787,-4000.0
t239,-4642.182396944787,-4000.0
t240,-4471.081641069784,-4000.0
t241,-3906.8542397709793,-4000.0
t242,-3604.916333129997,-4000.0
t243,-3458.522196576793,-4000.0
t244,-3443.2728073525004,-4000.0
t245,-3649.6478748545865,-4000.0
t246,-4093.8567628694655,-4000.0
t247,-4113.375419461595,-4000.0
t248,-3563.1127022303185,-4000.0
t249,-4642.182396944787,-4000.0
t250,-3144.8560068096,-4000.0
t251,-3243.905204693765,-4000.0
t252,-2873.4638790154836,-4000.0
t253,-3195.2407909125677,-4000.0
t254,-2939.6751952373224,-4000.0
t255,-3541.3093011152005,-4000.0
t256,-2821.5215131186033,-4000.0
t257,-3904.899220204706,-4000.0
t258,-4367.386424023743,-4000.0
t259,-4642.182396944787,-4000.0
t260,-4642.182396944787,-4000.0
t261,-4642.182396944787,-4000.0
t262,-4642.182396944787,-4000.0
t263,-4069.8068328958175,-4000.0
t264,-2589.5817573930117,-4000.0
t265,-3766.559858907492,-4000.0
t266,-1459.667709723271,-4000.0
t267,-3382.2752504553328,-4000.0
t268,-3433.10654786964,-4000.0
t269,-3672.0136457168815,-4000.0
t270,-1553.2432024686275,-4000.0
t271,-4269.101924723424,-4000.0
t272,-3559.0461984371746,-4000.0
t273,-3515.971195195821,-4000.0
t274,-2207.3226099659,-4000.0
t275,-3095.1567037701902,-3368.7281056033503
t276,-2940.7827225368665,-4000.0
t277,-2472.025604472866,-4000.0
t278,-2866.5370143309897,-4000.0
t279,-1757.0626562388093,-4000.0
t280,-3246.4225621766227,-4000.0
t281,-2816.2414936881614,-4000.0
t282,-4642.182396944787,-4000.0
t283,-4642.182396944787,-4000.0
t284,-4642.182396944787,-4000.0
t285,-4642.182396944787,-4000.0
t286,-4642.182396944787,-4000.0
t287,-4642.182396944787,-4000.0
t288,-4332.021072180846,-4000.0
t289,-3752.327095631487,-4000.0
t290,-4642.182396944787,-4000.0
t291,-4642.182396944787,-4000.0
t292,-4642.182396944787,-4000.0
t293,-4642.182396944787,-4000.0
t294,-4087.8136585659113,-4000.0
t295,-4642.182396944787,-4000.0
t296,-4642.182396944787,-4000.0
t297,-4642.182396944787,-4000.0
t298,-4642.182396944787,-4000.0
t299,-4642.182396944787,-3260.085741218641
t300,-4642.182396944787,-2561.479456293849
t301,-4642.182396944787,-1754.5986081196265
t302,-4642.182396944787,-1268.9164751570952
t303,-4642.182396944787,-921.7782155914032
t304,-4642.182396944787,-2447.212772820818
t305,-4642.182396944787,-4000.0
t306,-4642.182396944787,-4000.0
t307,-4642.182396944787,-4000.0
t308,-4642.182396944787,-4000.0
t309,-4642.182396944787,-4000.0
t310,-4642.182396944787,-4000.0
t311,-4642.182396944787,-4000.0
t312,-4642.182396944787,-4000.0
t313,-4642.182396944787,-4000.0
t314,-4642.182396944787,-4000.0
t315,-4642.182396944787,-4000.0
t316,-4642.182396944787,-4000.0
t317,-4642.182396944787,-4000.0
t318,-4642.182396944787,-4000.0
t319,-4118.312437014495,-4000.0
t320,-3811.7035188618624,-4000.0
t321,-3680.3028642878344,-4000.0
t322,-1980.1807181525144,-4000.0
t323,-3581.9275320068564,-652.4849741238136
t324,-3166.987943602428,-494.4041719760565
t325,-1764.5335168558493,-1880.9202814414361
t326,-2928.7045370332594,-771.2609778619244
t327,-2498.4580133878408,-1831.4766502299617
t328,-2314.8109358866477,-4000.0
t329,-4642.182396944787,-4000.0
t330,-4642.182396944787,-4000.0
t331,-4642.182396944787,-4000.0
t332,-4642.182396944787,-4000.0
t333,-4642.182396944787,-4000.0
t334,-4642.182396944787,-4000.0
t335,-4642.182396944787,-4000.0
t336,-4642.182396944787,-4000.0
t337,-4642.182396944787,-4000.0
t338,-4642.182396944787,-4000.0
t339,-4642.182396944787,-4000.0
t340,-4642.182396944787,-4000.0
t341,-4642.182396944787,-4000.0
t342,-4642.182396944787,-4000.0
t343,-1525.2219028871268,-4000.0
t344,-1589.9867309421131,-4000.0
t345,-3564.0582588646507,-4000.0
t346,-4642.182396944787,-1105.900951598212
t347,-4456.080623573086,-0.0
t348,-4519.431054967929,-0.0
t349,-4642.182396944787,-86.40243651024586
t350,-4642.182396944787,-197.12556320370246
t351,-4642.182396944787,-579.2762068676378
t352,-4642.182396944787,-1934.0886741599713
t353,-4642.182396944787,-3807.8558064249664
t354,-3792.324138603107,-4000.0
t355,-3242.725026080374,-4000.0
t356,-4642.182396944787,-4000.0
t357,-3066.9992394666842,-4000.0
t358,-2304.529778252083,-4000.0
t359,-3878.3166090457385,-4000.0
t360,-4642.182396944787,-4000.0
t361,-4642.182396944787,-4000.0
t362,-4642.182396944787,-4000.0
t363,-4642.182396944787,-4000.0
t364,-2374.581826414067,-4000.0
t365,-0.0,-4000.0
t366,-256.02849245551806,-4000.0
t367,-1555.2764543651995,-4000.0
t368,-3654.2196038375682,-4000.0
t369,-4208.314817505773,-2261.376709488607
t370,-4437.560185530889,-1030.8063062538172
t371,-4384.821081896138,-0.0
t372,-4435.414697161668,144.61837650421842
t373,-4262.885679050514,-0.0
t374,-4423.752699539081,-0.0
t375,-4642.182396944787,-196.90441601131576
t376,-4642.182396944787,-1489.9553641532473
t377,-4642.182396944787,-3912.6614081245657
t378,-2324.5753191101435,-4000.0
t379,-2885.023194723465,-4000.0
t380,-3402.4858024011082,-4000.0
t381,-3232.7092690373242,-4000.0
t382,-2598.83547917669,-4000.0
t383,-1478.0128822954532,-4000.0
t384,-1677.5166997983308,-4000.0
t385,-1290.277924021159,-4000.0
t386,-588.19365599477,-4000.0
t387,-1448.250838382959,-4000.0
t388,-3649.533336395876,-4000.0
t389,-1949.2359208030591,-4000.0
t390,-603.2627781077775,-4000.0
t391,-4169.333897463461,-4000.0
t392,-2888.7908271893634,-4000.0
t393,-3088.713209804515,-4000.0
t394,-3632.6919151645757,-2767.531867330872
t395,-3642.142910515324,-0.0
t396,-4642.182396944787,-212.83214027229047
t397,-4642.182396944787,-103.00076409930965
t398,-4642.182396944787,-59.20344248073893
t399,-4642.182396944787,-475.9352577081746
t400,-4642.182396944787,-1671.9804542209595
t401,-4642.182396944787,-3100.018387910568
t402,-2467.5480727793697,-4000.0
t403,-3041.5835907595315,-4000.0
t404,-3516.3479086091565,-4000.0
t405,-3338.4383676590833,-4000.0
t406,-2616.633944375926,-4000.0
t407,-2226.529844565535,-4000.0
t408,-3756.1603924602814,-4000.0
t409,-3663.101763109423,-4000.0
t410,-4642.182396944787,-4000.0
t411,-3571.284989309248,-0.0
t412,-2952.35965217784,-4000.0
t413,-1866.4162245589666,-4000.0
t414,-3193.1828240741115,-4000.0
t415,-1545.583300925336,-4000.0
t416,-3701.4920107552844,-4000.0
t417,-4357.013424198519,-3495.046027106363
t418,-4642.182396944787,-1312.4418388795095
t419,-4642.182396944787,-4.913898356538204
t420,-4590.418029275174,-0.0
t421,-4600.750427917244,-0.0
t422,-4642.182396944787,-129.66172248516514
t423,-4642.182396944787,-610.4284849586861
t424,-4642.182396944787,-2217.648943589848
t425,-4642.182396944787,-4000.0
t426,-4206.13705291638,-4000.0
t427,-3200.177238692168,-4000.0
t428,-3636.309770506921,-4000.0
t429,-3489.9156339537158,-4000.0
t430,-4642.182396944787,-4000.0
t431,-4642.182396944787,-4000.0
t432,-4642.182396944787,-4000.0
t433,-4642.182396944787,-4000.0
t434,-4642.182396944787,-4000.0
t435,-4642.182396944787,-4000.0
t436,-4642.182396944787,-4000.0
t437,-4642.182396944787,-4000.0
t438,-4642.182396944787,-4000.0
t439,-2906.8869321135326,-4000.0
t440,-4642.182396944787,-4000.0
t441,-4642.182396944787,-4000.0
t442,-4642.182396944787,-2679.903269798472
t443,-4642.182396944787,-1383.2534945371176
t444,-4642.182396944787,-340.3346736698159
t445,-4276.558699066059,-0.0
t446,-4216.337647457821,-0.0
t447,-4581.436149733928,-0.0
t448,-4444.560723201713,-1816.2762168835334
t449,-4642.182396944787,-3799.846674515728
t450,-4642.182396944787,-4000.0
t451,-4002.6974810025063,-4000.0
t452,-2778.277470153422,-4000.0
t453,-2599.351303255061,-4000.0
t454,-4642.182396944787,-4000.0
t455,-2787.645661670423,-4000.0
t456,-2892.9575347874943,-4000.0
t457,-4642.182396944787,-4000.0
t458,-4642.182396944787,-4000.0
t459,-4642.182396944787,-4000.0
t460,-4642.182396944787,-4000.0
t461,-4642.182396944787,-3426.4393962523363
t462,-4642.182396944787,-1828.2566878569762
t463,-4436.527688436191,-850.5812271852758
t464,-4496.811246300502,-0.0
t465,-4642.182396944787,-207.82673831987083
t466,-4642.182396944787,-1044.1328102338605
t467,-4642.182396944787,-796.6069787406426
t468,-4642.182396944787,-1116.9705360217488
t469,-4642.182396944787,256.1463998213063
t470,-3947.581477179886,216.11641385891923
t471,-4642.182396944787,366.9637184563247
t472,-4579.837867807562,-66.40690696754305
t473,-2942.1576561884845,-363.55033401964084
t474,-3293.0632216398394,-1300.8833481926958
t475,-3328.8762522207035,-2492.2656120222605
t476,-3539.4947173018945,-2629.8418061615594
t477,-4642.182396944787,-2427.5374618677174
t478,-2111.876001464967,-3438.2740140638743
t479,-1359.3335606945157,-3577.288283180962
t480,-2505.3579961521264,-1792.3239395124765
t481,-1913.596122923647,-1859.7561033312852
t482,-3376.562391648212,-2592.6572697086426
t483,-2783.3508676349747,-2507.8650908383925
t484,-2311.2182622796786,-2028.1773951943198
t485,-1309.9285898704698,-1871.7918275551626
t486,-1760.6109335955805,-1559.231782145327
t487,-2778.685721899063,-864.9272524114938
t488,-1428.7198320378966,-2075.3593306584817
t489,-1511.7412066308402,-1603.3820147502233
t490,-1159.472366899075,-1466.5076635144483
t491,-1210.5372128695478,-2126.663051102993
t492,-1715.4264318296498,-2254.7621803143215
t493,-2581.933760163543,-2297.850051030399
t494,-2921.2574372699632,-2363.8463789144907
t495,-3016.9466422716737,-2903.7334687351595
t496,-2253.8044485253404,-1811.0861702853772
t497,-1183.2042854459728,-2170.784236264834
t498,-2972.4424729311895,-2388.699080424216
t499,-3873.1089963058525,-2509.2732644438624
t500,-4120.402771597834,-2648.8131938471643
t501,-3724.933043325824,-2848.813465264597
t502,-3262.4333219979007,-2650.7909060995344
t503,-1949.3723477936448,-4000.0
t504,-4642.182396944787,-4000.0
t505,-4642.182396944787,-2053.7920743367376
t506,-4642.182396944787,-1829.3044910592737
t507,-4642.182396944787,-1745.6318463831283
t508,-4642.182396944787,-1750.7338369121617
t509,-4642.182396944787,-1984.405003141885
t510,-4642.182396944787,-2726.2344260633217
t511,-4642.182396944787,-3147.034517352228
t512,-4642.182396944787,-2140.2807176805986
t513,-4642.182396944787,-333.64425413147194
t514,-4642.182396944787,-0.0
t515,-4642.182396944787,-0.0
t516,-4642.182396944787,-0.0
t517,-4642.182396944787,-0.0
t518,-4642.182396944787,-0.0
t519,-4642.182396944787,-0.0
t520,-4642.182396944787,-0.0
t521,-4642.182396944787,-1275.880754625693
t522,-4642.182396944787,-3458.190476724826
t523,-4642.182396944787,-4000.0
t524,-3194.07748300245,-4000.0
t525,-3210.3434981750293,-4000.0
t526,-2509.8882198058814,-4000.0
t527,-3846.2952335718087,-4000.0
t528,-2674.2462084242343,-4000.0
t529,-4642.182396944787,-2390.523449252933
t530,-4642.182396944787,-2119.097553108363
t531,-4642.182396944787,-1996.6497804115654
t532,-4642.182396944787,-1986.4457993534986
t533,-4642.182396944787,-2215.014975054188
t534,-4642.182396944787,-2929.293649118845
t535,-4642.182396944787,-4000.0
t536,-4642.182396944787,-1902.346879912641
t537,-4642.182396944787,-0.0
t538,-4642.182396944787,-0.0
t539,-4300.60013207188,-0.0
t540,-4324.276840048936,-0.0
t541,-4642.182396944787,-0.0
t542,-4642.182396944787,-0.0
t543,-4642.182396944787,-0.0
t544,-4642.182396944787,-0.0
t545,-4642.182396944787,-881.3928340850185
t546,-4280.750969230837,-3276.6286584984523
t547,-3048.7340216390035,-3458.5060494907334
t548,-3330.4033475451724,-3743.7817243908225
t549,-4642.182396944787,-3214.721014597114
t550,-4642.182396944787,-2977.975628692527
t551,-4273.803700855634,-1183.6315094683916
t552,-3108.8630864961738,-1482.4950138405757
t553,-3028.663277206401,-1025.242600154521
t554,-3314.7922062607568,-1401.7473867154458
t555,-4642.182396944787,-962.3630896270548
t556,-4582.332454313424,-564.3988110339893
t557,-4642.182396944787,-339.9452435093577
t558,-4642.182396944787,-574.9381593724305
t559,-4642.182396944787,-311.55144329986416
t560,-4642.182396944787,-0.0
t561,-4642.182396944787,2.890027481077244
t562,-4642.182396944787,813.4665969195852
t563,-4642.182396944787,1187.4837421158786
t564,-4642.182396944787,750.263870780374
t565,-4642.182396944787,393.8014469001931
t566,-4642.182396944787,-0.0
t567,-4642.182396944787,-0.0
t568,-4642.182396944787,-0.0
t569,-4642.182396944787,-1578.143802451648
t570,-4642.182396944787,-2286.7315510335416
t571,-2630.9335538763644,-4000.0
t572,-3204.575018878907,-3924.1580345864277
t573,-3127.9967963638514,-4000.0
t574,-2462.1068002364336,-4000.0
t575,-1987.2721852653751,-4000.0
t576,-3265.969267944756,-4000.0
t577,-4336.8026523484095,-2685.811916296836
t578,-3595.063363892713,-3136.4287497887267
t579,-4121.217018544841,-2474.6506672508153
t580,-4642.182396944787,-4000.0
t581,-4642.182396944787,-2152.7706905999826
t582,-4642.182396944787,-2875.212549511093
t583,-4642.182396944787,-3264.064363978185
t584,-4642.182396944787,-1889.1106907645014
t585,-4642.182396944787,-0.0
t586,-4642.182396944787,-0.0
t587,-4642.182396944787,-0.0
t588,-4642.182396944787,-0.0
t589,-4642.182396944787,-0.0
t590,-4642.182396944787,-1385.2180746930799
t591,-4642.182396944787,-0.0
t592,-4642.182396944787,-0.0
t593,-4642.182396944787,-1255.3314422482865
t594,-4642.182396944787,-2921.608841125456
t595,-4637.444343659638,-1978.60592724368
t596,-4049.3673283279104,-3034.3948284077237
t597,-4225.866632810082,-2908.2605342863467
t598,-4120.890622291864,-2401.387191393789
t599,-2339.4750782884676,-3279.217509462177
t600,-1435.8403189294334,-3315.8055919566036
t601,-2575.060087072966,-3880.224231029527
t602,-4642.182396944787,-4000.0
t603,-4642.182396944787,-2071.1388421354504
t604,-4642.182396944787,-2071.1388421354504
t605,-4642.182396944787,-2280.320453825814
t606,-4642.182396944787,-2974.1911657743385
t607,-4642.182396944787,-3249.021228486762
t608,-4642.182396944787,-1657.4278892167133
t609,-4115.425077475931,-63.088486475286125
t610,-4642.182396944787,-0.0
t611,-3996.186699367553,-0.0
t612,-3876.0135958829183,-0.0
t613,-3600.222740810356,-0.0
t614,-3564.0431222079355,-0.0
t615,-3962.6938484153475,-0.0
t616,-4642.182396944787,-0.0
t617,-4642.182396944787,-0.0
t618,-4642.182396944787,-2513.2585210186644
t619,-4642.182396944787,-3931.1689152578547
t620,-4041.747320353088,-4000.0
t621,-4642.182396944787,-4000.0
t622,-4642.182396944787,-4000.0
t623,-4642.182396944787,-3582.3484368351037
t624,-4642.182396944787,-2789.499108623334
t625,-4642.182396944787,-2233.3821409587076
t626,-4642.182396944787,-1908.8955433121932
t627,-4642.182396944787,-1724.2034861611885
t628,-4642.182396944787,-1685.4283581405357
t629,-4642.182396944787,-1756.8562255470015
t630,-4642.182396944787,-2032.3637141147979
t631,-4374.778171032814,-1769.684138352665
t632,-4642.182396944787,-0.0
t633,-4642.182396944787,-0.0
t634,-4292.73740108194,-0.0
t635,-3076.9653915230488,-0.0
t636,-2817.229310036195,-0.0
t637,-2950.6545651967535,-0.0
t638,-3085.0837905882854,-0.0
t639,-4515.901874699242,-0.0
t640,-4642.182396944787,-0.0
t641,-4642.182396944787,-48.91635618585674
t642,-4642.182396944787,-2049.1548811161856
t643,-4642.182396944787,-3526.902685268842
t644,-4642.182396944787,-4000.0
t645,-4642.182396944787,-4000.0
t646,-4642.182396944787,-3781.3260674673998
t647,-4642.182396944787,-3130.3120759627564
t648,-4642.182396944787,-4000.0
t649,-4642.182396944787,-1952.7726618618792
t650,-4642.182396944787,-1624.2044717921367
t651,-4642.182396944787,-1431.349229794679
t652,-4642.182396944787,-1356.8601680707939
t653,-4642.182396944787,-1370.12534344628
t654,-3385.025126646426,-2772.762193514742
t655,-0.0,-4000.0
t656,-2413.631232424187,-1632.2227824540162
t657,-4642.182396944787,-0.0
t658,-4286.716809364353,-0.0
t659,-3497.299155797007,-0.0
t660,-4319.595726548981,-0.0
t661,-4642.182396944787,-0.0
t662,-4642.182396944787,-0.0
t663,-4642.182396944787,-0.0
t664,-4642.182396944787,-2629.370250224382
t665,-4642.182396944787,-1096.9681138590938
t666,-4642.182396944787,-2678.8926052865504
t667,-3118.4163830171287,-4000.0
t668,-2141.869626526301,-4000.0
t669,-2282.164007389788,-4000.0
t670,-1941.0589541714107,-3817.8860860410123
t671,-1457.8656604142307,-3569.206014726286
t672,-1936.1164577931488,-4000.0
t673,-281.70102989814933,-4000.0
t674,-2542.542217170985,-4000.0
t675,-2373.782309755486,-4000.0
t676,-2345.3167832034746,-4000.0
t677,-2517.1265684638315,-4000.0
t678,-2608.646600410091,-4000.0
t679,-3121.669229155987,-4000.0
t680,-2209.056430477289,-4000.0
t681,-4642.182396944787,-4000.0
t682,-4642.182396944787,-3325.3872998911615
t683,-3667.046098672878,-4000.0
t684,-4183.670238590539,-3094.5977924997874
t685,-4642.182396944787,-2294.3273135375457
t686,-4642.182396944787,-2755.6231341941616
t687,-3946.3128824018977,-4000.0
t688,-4642.182396944787,-4000.0
t689,-4642.182396944787,-4000.0
t690,-4642.182396944787,-4000.0
t691,-4642.182396944787,-4000.0
t692,-2973.469652224359,-4000.0
t693,-4642.182396944787,-4000.0
t694,-2498.705334374734,-4000.0
t695,-1731.0385801688792,-4000.0
t696,-3944.6004478583955,-4000.0
t697,-4642.182396944787,-4000.0
t698,-4642.182396944787,-4000.0
t699,-4294.448229512146,-4000.0
t700,-4642.182396944787,-4000.0
t701,-4642.182396944787,-4000.0
t702,-4073.1169575262784,-4000.0
t703,-2543.6160810515416,-4000.0
t704,-2402.88190995337,-3831.296606328994
t705,-4272.1221772820145,-4000.0
t706,-3429.83997440379,-4000.0
t707,-2897.4894728623785,-4000.0
t708,-3152.7527907375193,-4000.0
t709,-3105.7640998121724,-4000.0
t710,-1704.7133912885315,-4000.0
t711,-2790.225539821672,-4000.0
t712,-3687.8335475226863,-4000.0
t713,-4642.182396944787,-4000.0
t714,-3874.9913476093675,-4000.0
t715,-1980.0911314354391,-4000.0
t716,-4642.182396944787,-4000.0
t717,-2980.5860338623625,-4000.0
t718,-2611.5508146344946,-4000.0
t719,-4642.182396944787,-3933.3653852325915
t720,-760.2749628054416,-4000.0
t721,-104.55122616088342,-4000.0
t722,-2671.653712603324,-4000.0
t723,-0.0,-4000.0
t724,-0.0,-4000.0
t725,-0.0,-4000.0
t726,-1590.9196797315606,-4000.0
t727,-2753.578607179994,-4000.0
t728,-4642.182396944787,-1492.7014997970666
t729,-3478.193620858637,-1391.5949243541288
t730,-4480.5291587206075,-1570.603428813539
t731,-4642.182396944787,-628.5013041606971
t732,-4642.182396944787,-612.8331587903086
t733,-4642.182396944787,-400.4855905230933
t734,-4642.182396944787,-214.3314403513807
t735,-4642.182396944787,-10.141468412463533
t736,-4333.646123325408,-541.9092437033007
t737,-3236.9672547454693,-3056.2034048546075
t738,-3885.0709698747655,-4000.0
t739,-1829.9718574869644,-4000.0
t740,-2750.2814820065496,-4000.0
t741,-3039.5503388629577,-4000.0
t742,-4642.182396944787,-4000.0
t743,-4376.584240443439,-1314.1407722605857
t744,-760.2749628054416,-4000.0
t745,-4642.182396944787,-2412.9722075806794
t746,-0.0,-4000.0
t747,-0.0,-4000.0
t748,-2473.4116526875273,-4000.0
t749,-2632.0053006201647,-4000.0
t750,-2392.999247807762,-4000.0
t751,-602.215348138077,-3255.5201885297975
t752,-2155.9870820715087,-1041.8725797530906
t753,-4044.6410384025094,-733.721969389423
t754,-4642.182396944787,624.6842998035306
t755,-4642.182396944787,1282.1992539540938
t756,-4642.182396944787,1199.5139505976063
t757,-4642.182396944787,1002.8808651604941
t758,-4642.182396944787,767.1657613697953
t759,-4642.182396944787,404.1800399376431
t760,-4642.182396944787,-773.2003670398987
t761,-3193.3236055030243,-3565.805254600565
t762,-1463.9255282907384,-4000.0
t763,-2259.3436446130213,-4000.0
t764,-2999.1056305978386,-4000.0
t765,-3226.6095133476065,-4000.0
t766,-2888.0730725683247,-4000.0
t767,-1920.2451697999236,-4000.0
t768,-3865.172575891247,-4000.0
t769,-3191.1495721775395,-4000.0
t770,-0.0,-4000.0
t771,-2685.765747125557,-3943.9992808945217
t772,-2536.4424614812683,-4000.0
t773,-2686.903101827616,-4000.0
t774,-1211.831844973898,-4000.0
t775,-2919.42037639576,-4000.0
t776,-2894.0415458516904,-3264.729930046681
t777,-4220.798898148899,-437.4017365401548
t778,-4642.182396944787,703.2745943483045
t779,-4642.182396944787,0.5671109241506229
t780,-4642.182396944787,-41.558698179647884
t781,-4642.182396944787,-618.7276299251785
t782,-4642.182396944787,-1609.0197648082788
t783,-3424.1669454649054,-4000.0
t784,-4642.182396944787,-4000.0
t785,-4642.182396944787,-3036.1526740315335
t786,-4642.182396944787,-4000.0
t787,-4642.182396944787,-4000.0
t788,-4642.182396944787,-4000.0
t789,-4642.182396944787,-4000.0
t790,-4642.182396944787,-4000.0
t791,-4642.182396944787,-4000.0
t792,-4642.182396944787,-3519.083754275091
t793,-4642.182396944787,-2825.2130423265676
t794,-4642.182396944787,-4000.0
t795,-4642.182396944787,-4000.0
t796,-4642.182396944787,-4000.0
t797,-4642.182396944787,-4000.0
t798,-4067.641749711313,-4000.0
t799,-2101.4594342900928,-4000.0
t800,-3004.8445010758705,-4000.0
t801,-3119.9708757143176,-4000.0
t802,-2688.5210722336406,-4000.0
t803,-2236.733229345646,-4000.0
t804,-2145.8690039263847,-4000.0
t805,-2058.282121294023,-4000.0
t806,-2372.8527254017554,-4000.0
t807,-2494.8134396820074,-4000.0
t808,-3153.8359249406194,-4000.0
t809,-4599.951720184562,-4000.0
t810,-4003.3023038078973,-4000.0
t811,-1653.5844952385219,-4000.0
t812,-2343.084015148947,-4000.0
t813,-2675.5982493765214,-4000.0
t814,-2592.234921617059,-4000.0
t815,-1932.444681179357,-4000.0
t816,-1143.5429453093152,-4000.0
t817,-3371.0923650241853,-4000.0
t818,-2980.75959805471,-3960.1526852515094
t819,-2673.6869644998965,-4000.0
t820,-2520.17644630869,-4000.0
t821,-0.0,-4000.0
t822,-780.1250214170407,-4000.0
t823,-1485.0640239366583,-4000.0
t824,-2520.7439025236413,-2063.120376687707
t825,-4310.459101158603,210.13803243772227
t826,-4642.182396944787,-48.35362690901377
t827,-1870.4776687820338,-1625.6557144408216
t828,-1815.4151421930997,-2821.9845869828923
t829,-2429.0218105197846,-2420.0222558335577
t830,-4120.481272042613,-867.9697682469058
t831,-4642.182396944787,-557.7895422999537
t832,-4642.182396944787,21.642322159054764
t833,-4642.182396944787,-1620.7065993072576
t834,-4286.686889513309,-4000.0
t835,-4642.182396944787,-4000.0
t836,-4642.182396944787,-4000.0
t837,-4642.182396944787,-4000.0
t838,-2974.4862781726447,-4000.0
t839,-2030.0407722148263,-4000.0
t840,-1502.3796915519704,-4000.0
t841,-2041.7532133048728,-4000.0
t842,-2251.576848295876,-3448.5848538953887
t843,-1561.905765713817,-4000.0
t844,-1533.4402391618053,-4000.0
t845,-1713.3830320084514,-4000.0
t846,-1095.376899159432,-3869.9524018834836
t847,-3177.33099634603,-2689.677820591478
t848,-3600.668304786817,-1692.066197878245
t849,-3716.2212970707546,-865.8246864362567
t850,-4642.182396944787,-1298.8138753459823
t851,-4271.821361137066,-1282.6962257482949
t852,-4277.730675136701,-1060.20153543052
t853,-4603.904098849706,-727.9659987266622
t854,-4642.182396944787,-501.568400889275
t855,-4642.182396944787,-937.5367253863012
t856,-3973.6185097426564,-3096.1307285583216
t857,-4353.355631437154,-4000.0
t858,-3747.0963928152555,-4000.0
t859,-4513.198495796452,-4000.0
t860,-4642.182396944787,-4000.0
t861,-4642.182396944787,-4000.0
t862,-4642.182396944787,-4000.0
t863,-4642.182396944787,-2443.7954754539783
t864,-3103.1107033155986,-4000.0
t865,-2454.5033483090438,-4000.0
t866,-2062.0857322705956,-4000.0
t867,-2839.362768886632,-4000.0
t868,-2512.1936050611766,-3197.462423310222
t869,-3121.302956981222,-2802.1600342562706
t870,-2086.3185214058044,-2636.7925528573937
t871,-4642.182396944787,-1509.620952016504
t872,-4642.182396944787,-372.8625880584595
t873,-3876.1518831548588,-614.8586779644177
t874,-4642.182396944787,-1473.0383806225464
t875,-4642.182396944787,-1349.2221782165916
t876,-3967.296813659574,-2745.9856621321205
t877,-3324.7222740826746,-3419.820125603198
t878,-4047.9374321053033,-2924.1018814590966
t879,-3088.0025461929786,-4000.0
t880,-4146.298779506036,-4000.0
t881,-4314.314859196549,-4000.0
t882,-4039.308699306027,-4000.0
t883,-4642.182396944787,-4000.0
t884,-4642.182396944787,-4000.0
t885,-3117.2214995716577,-4000.0
t886,-4642.182396944787,-4000.0
t887,-3095.1802883287633,-4000.0
t888,-4642.182396944787,-4000.0
t889,-4642.182396944787,-4000.0
t890,-4642.182396944787,-4000.0
t891,-4642.182396944787,-4000.0
t892,-4642.182396944787,-4000.0
t893,-4642.182396944787,-4000.0
t894,-4642.182396944787,-4000.0
t895,-3051.262456099631,-4000.0
t896,-4642.182396944787,-3681.285115482074
t897,-4642.182396944787,-3715.840319516979
t898,-4642.182396944787,-2748.205252285485
t899,-4581.390476736693,-3901.7300058728747
t900,-4642.182396944787,-4000.0
t901,-4642.182396944787,-2249.7651438874414
t902,-4642.182396944787,-3183.6990530957214
t903,-4642.182396944787,-4000.0
t904,-4642.182396944787,-4000.0
t905,-4642.182396944787,-4000.0
t906,-4642.182396944787,-4000.0
t907,-4642.182396944787,-4000.0
t908,-4642.182396944787,-4000.0
t909,-4642.182396944787,-4000.0
t910,-4642.182396944787,-4000.0
t911,-4642.182396944787,-4000.0
t912,-4642.182396944787,-4000.0
t913,-4642.182396944787,-4000.0
t914,-4642.182396944787,-4000.0
t915,-4642.182396944787,-4000.0
t916,-4642.182396944787,-4000.0
t917,-4642.182396944787,-4000.0
t918,-4642.182396944787,-4000.0
t919,-4425.957903425755,-3880.9357489999275
t920,-4642.182396944787,-3343.6026752853645
t921,-4642.182396944787,-2149.2826359695964
t922,-4642.182396944787,-2099.5759056875704
t923,-4642.182396944787,-645.421327286621
t924,-4642.182396944787,-1843.5038894056927
t925,-4642.182396944787,-0.0
t926,-4642.182396944787,-2635.5357231030853
t927,-4642.182396944787,-1389.0465848366553
t928,-4642.182396944787,-1930.9715145218347
t929,-4642.182396944787,-4000.0
t930,-4642.182396944787,-2512.808677482518
t931,-3844.89971987553,-4000.0
t932,-4642.182396944787,-4000.0
t933,-3767.5901167571074,-4000.0
t934,-3448.3682068429207,-4000.0
t935,-4642.182396944787,-1916.1125083663371
t936,-4642.182396944787,-4000.0
t937,-4642.182396944787,-2576.0475305932455
t938,-4642.182396944787,-3980.002106105658
t939,-4642.182396944787,-4000.0
t940,-4642.182396944787,-4000.0
t941,-4487.934718244854,-4000.0
t942,-3585.362697169178,-4000.0
t943,-4642.182396944787,-4000.0
t944,-4642.182396944787,-1116.0916131177523
t945,-4642.182396944787,-710.9277940237467
t946,-4642.182396944787,-2639.2973096797814
t947,-4642.182396944787,-596.6304575216889
t948,-4642.182396944787,-2702.8997627888543
t949,-4445.682110096387,-2014.4544012538515
t950,-4208.066021722509,-3813.2930998067204
t951,-1886.4611710289932,-4000.0
t952,-4642.182396944787,-4000.0
t953,-4642.182396944787,-4000.0
t954,-4642.182396944787,-4000.0
t955,-4642.182396944787,-4000.0
t956,-3940.056812755419,-4000.0
t957,-4124.1406587697575,-4000.0
t958,-3131.839183867942,-4000.0
t959,-4642.182396944787,-3774.3569943162584
t960,-4642.182396944787,-4000.0
t961,-4642.182396944787,-4000.0
t962,-4642.182396944787,-3562.7166278963573
t963,-4642.182396944787,-3169.8633571607947
t964,-4642.182396944787,-2927.008607978811
t965,-4642.182396944787,-2850.478750043312
t966,-4642.182396944787,-2963.122173298611
t967,-4642.182396944787,-2565.9212323923252
t968,-4642.182396944787,-1492.744183227645
t969,-4642.182396944787,-654.2876846258414
t970,-4642.182396944787,33.34104533171395
t971,-4642.182396944787,167.55640702293988
t972,-4642.182396944787,-507.01174192152985
t973,-4500.651644042614,-2651.237808033959
t974,-4642.182396944787,-2301.9368833375784
t975,-4642.182396944787,-2049.515011334673
t976,-4642.182396944787,-1986.5765344293443
t977,-4642.182396944787,-4000.0
t978,-4642.182396944787,-4000.0
t979,-4642.182396944787,-3627.600481684173
t980,-4642.182396944787,-4000.0
t981,-4642.182396944787,-4000.0
t982,-4642.182396944787,-4000.0
t983,-4288.749026559222,-1715.9732153155094
t984,-4642.182396944787,-3403.167471196476
t985,-4642.182396944787,-4000.0
t986,-4642.182396944787,-4000.0
t987,-4642.182396944787,-4000.0
t988,-4642.182396944787,-4000.0
t989,-4642.182396944787,-4000.0
t990,-4177.935004268418,-2586.0514750521
t991,-3500.5587330752214,-4000.0
t992,-3214.0138038668547,-4000.0
t993,-1985.7898445214746,-4000.0
t994,-1175.6571087703467,-4000.0
t995,-560.9836020182645,-4000.0
t996,-1177.7863384817435,-3221.5093054421313
t997,-898.6947563452667,-3813.378001355454
t998,-982.0059574991825,-4000.0
t999,-3237.969316727413,-2883.6532207536907
t1000,-3318.0246605656653,-2221.8552446016683
t1001,-4642.182396944787,-1705.9448139161805
t1002,-4642.182396944787,-3972.2750931358955
t1003,-4642.182396944787,-4000.0
t1004,-4642.182396944787,-4000.0
t1005,-4642.182396944787,-4000.0
t1006,-4642.182396944787,-4000.0
t1007,-4586.779531768355,-4000.0
t1008,-4642.182396944787,-1327.5160817570911
t1009,-3252.6663950493075,-4000.0
t1010,-3721.7342347203125,-4000.0
t1011,-4642.182396944787,-4000.0
t1012,-4642.182396944787,-4000.0
t1013,-4642.182396944787,-4000.0
t1014,-4642.182396944787,-4000.0
t1015,-50.10362168207962,-4000.0
t1016,-2006.6772801198988,-2939.7747960531096
t1017,-2133.8615304590476,-2666.7368367742206
t1018,-3182.6532550676015,-1131.6414496731115
t1019,-2985.141778535015,-1255.8465197517737
t1020,-4642.182396944787,-3361.366861717298
t1021,-4443.535568791881,-4000.0
t1022,-4534.001007637911,-4000.0
t1023,-4642.182396944787,-4000.0
t1024,-4642.182396944787,-4000.0
t1025,-3599.8852918758366,-4000.0
t1026,-4642.182396944787,-4000.0
t1027,-4642.182396944787,-4000.0
t1028,-3463.5662046478096,-4000.0
t1029,-4642.182396944787,-4000.0
t1030,-4642.182396944787,-4000.0
t1031,-4642.182396944787,-4000.0
t1032,-3579.583529772376,-4000.0
t1033,-0.0,-4000.0
t1034,-2202.055369844663,-4000.0
t1035,-1868.6020588068088,-4000.0
t1036,-1718.141418460462,-4000.0
t1037,-0.0,-4000.0
t1038,-2191.889110361801,-4000.0
t1039,-4642.182396944787,-1564.5811614817019
t1040,-1898.7984740130917,-3916.1405509747015
t1041,-3086.8705039180227,-2560.248993779359
t1042,-4642.182396944787,-1928.808536082707
t1043,-4642.182396944787,-1750.0565863764143
t1044,-4642.182396944787,-4000.0
t1045,-4642.182396944787,-4000.0
t1046,-4642.182396944787,-4000.0
t1047,-4642.182396944787,-4000.0
t1048,-4642.182396944787,-4000.0
t1049,-4642.182396944787,-4000.0
t1050,-4642.182396944787,-4000.0
t1051,-4642.182396944787,-4000.0
t1052,-4642.182396944787,-4000.0
t1053,-4642.182396944787,-4000.0
t1054,-4642.182396944787,-4000.0
t1055,-4642.182396944787,-4000.0
t1056,-4642.182396944787,-4000.0
t1057,-4642.182396944787,-4000.0
t1058,-4642.182396944787,-4000.0
t1059,-4642.182396944787,-4000.0
t1060,-2804.277094939438,-4000.0
t1061,-4642.182396944787,-4000.0
t1062,-4134.932229775544,-4000.0
t1063,-4168.281116165593,-4000.0
t1064,-4642.182396944787,-4000.0
t1065,-4183.8892792805245,-3282.938987229524
t1066,-4642.182396944787,-1731.1383366909474
t1067,-4642.182396944787,-892.9498758861964
t1068,-4642.182396944787,-767.0478043650595
t1069,-4642.182396944787,-821.5711983575875
t1070,-3899.214912072261,-2476.6782574880176
t1071,-4642.182396944787,-2095.8432296454703
t1072,-4346.780876466032,-4000.0
t1073,-4642.182396944787,-4000.0
t1074,-4642.182396944787,-3940.4855091611357
t1075,-1752.175244195434,-4000.0
t1076,-2125.686456703256,-4000.0
t1077,-2143.9857237724054,-4000.0
t1078,-1674.3045356642122,-4000.0
t1079,-599.730908325767,-4000.0
t1080,-2411.480315191607,-4000.0
t1081,-1647.994228028718,-4000.0
t1082,-4298.986261367902,-1766.4656147280064
t1083,-3797.5876965868497,-1491.0923489663496
t1084,-4642.182396944787,-1812.9925472962589
t1085,-2500.340930032882,-2323.0702181019456
t1086,-4642.182396944787,-2407.0310004888865
t1087,-4642.182396944787,-1641.339872147335
t1088,-4642.182396944787,-2113.7744054535556
t1089,-4364.456064556839,-240.6381749193558
t1090,-4642.182396944787,-1530.1104574613378
t1091,-4642.182396944787,-0.0
t1092,-4642.182396944787,-49.05580780962908
t1093,-4642.182396944787,-1071.6804285052801
t1094,-4642.182396944787,-272.7325556813081
t1095,-4484.5905909053035,-172.9890048556296
t1096,-4642.182396944787,-1195.8820493019348
t1097,-4642.182396944787,-2441.015572532591
t1098,-2581.777900945759,-4000.0
t1099,-4642.182396944787,-4000.0
t1100,-3336.4879611120436,-4000.0
t1101,-3199.243458093415,-4000.0
t1102,-4642.182396944787,-4000.0
t1103,-4350.185998573268,-4000.0
t1104,-3254.2632263208125,-4000.0
t1105,-4642.182396944787,-1799.7960987353904
t1106,-1656.696466278599,-4000.0
t1107,-1954.0602052539832,-3592.7993605504316
t1108,-1369.4387181983175,-4000.0
t1109,-0.0,-4000.0
t1110,-1936.715997341982,-4000.0
t1111,-1017.6900946556591,-4000.0
t1112,-1015.5453377721095,-4000.0
t1113,-1740.597593772037,-3614.4069566981416
t1114,-2659.247802808205,-2339.5880837983595
t1115,-3640.9634874124276,-2709.9262162450955
t1116,-3822.9010068551383,-657.3082292731071
t1117,-4210.812149619506,-198.1811600020461
t1118,-4520.7163482617,-20.532806798381998
t1119,-3967.5358249820843,-1570.7641063424567
t1120,-4097.617532813081,-1689.4413293032092
t1121,-2852.2961347115747,-4000.0
t1122,-4349.002294570885,-4000.0
t1123,-4642.182396944787,-4000.0
t1124,-2439.8238747236715,-4000.0
t1125,-4642.182396944787,-4000.0
t1126,-4642.182396944787,-4000.0
t1127,-3898.8040775342233,-4000.0
t1128,-0.0,-4000.0
t1129,-2053.627981394887,-4000.0
t1130,-1864.356610120566,-4000.0
t1131,-3051.997994677064,-4000.0
t1132,-1521.91478672604,-4000.0
t1133,-1858.4669136315565,-4000.0
t1134,-862.1423700035368,-4000.0
t1135,-821.8615556727177,-3530.1439473218798
t1136,-1601.523848783147,-1957.3453245925882
t1137,-3203.3633359597434,-542.4666784919099
t1138,-3500.719753378169,-559.1536732731997
t1139,-4141.141190880525,370.7412213308101
t1140,-4642.182396944787,282.37931613462445
t1141,-3336.3410046029308,-1274.0610462479608
t1142,-2700.4132873518442,-2372.915597487421
t1143,-3626.7311645533423,-850.3865186205013
t1144,-4438.204580345847,-2617.5832698475065
t1145,-2801.6999214577695,-3410.4088488219463
t1146,-3247.6582558473674,-4000.0
t1147,-3859.977273267654,-4000.0
t1148,-3713.7781549461465,-4000.0
t1149,-4642.182396944787,-4000.0
t1150,-3326.443668649129,-4000.0
t1151,-2633.104771917984,-4000.0
t1152,-1856.402547427376,-4000.0
t1153,-984.2201517687666,-4000.0
t1154,-1528.662878885462,-3209.5790138540724
t1155,-1926.5635528726239,-2521.429278412499
t1156,-2573.589964758361,-1704.6568067144185
t1157,-1323.8121266759797,-2919.2763786958635
t1158,-1032.7801901381054,-3270.5712699067126
t1159,-879.3357753784476,-3152.4579286514186
t1160,-1692.8806897157099,-1117.0922263939192
t1161,-2648.9349191896526,-0.0
t1162,-3429.6757663561143,82.92574289400163
t1163,-4247.381889115574,546.9694180351247
t1164,-4523.020528242586,697.2543072764298
t1165,-4553.523872957301,-380.18064802534855
t1166,-4642.182396944787,-110.34980298995382
t1167,-3505.8711145272805,-0.0
t1168,-2825.9645452445047,-202.4476466442661
t1169,-1395.5050159103625,-2837.2128916959978
t1170,-1736.8171273808045,-4000.0
t1171,-937.1049154517473,-4000.0
t1172,-326.25852823679634,-4000.0
t1173,-3354.9091952011418,-4000.0
t1174,-3041.7884031290105,-4000.0
t1175,-2262.0363007935443,-4000.0
t1176,-1416.2035118194792,-4000.0
t1177,-0.0,-1811.5811488343563
t1178,-0.0,-2806.9458408274254
t1179,-0.0,-2593.6826367138347
t1180,299.1273040116273,-2824.1687231059027
t1181,751.6655798998626,-3552.128690136935
t1182,809.1885908813704,-3972.0472312378574
t1183,469.75693547268236,-3971.0686557148115
t1184,-1036.792253403863,-0.0
t1185,-3070.0726667886966,1363.6743927684527
t1186,-4490.41022219287,1466.1497221831917
t1187,-4507.714137878903,1536.0038477317764
t1188,-4159.765555762547,1422.6388370135076
t1189,-3752.7403056867365,1360.1297433803406
t1190,-4189.936209635849,1292.1505187684857
t1191,-4531.837549582344,189.2197351339781
t1192,-4642.182396944787,-50.519516097891234
t1193,-3923.1177849194437,-645.3354274626332
t1194,-2559.6313178413693,-3204.3925650686188
t1195,-2960.8930601417824,-4000.0
t1196,-131.83140455620037,-4000.0
t1197,-234.51062533309945,-4000.0
t1198,-0.0,-4000.0
t1199,-0.0,-4000.0
t1200,-2470.416730185675,-2862.120442091104
t1201,-2810.5521861536226,-2198.885549728352
t1202,-1094.5890921965204,-2180.7396343887426
t1203,-232.88258182890442,-2787.482757971366
t1204,-0.0,-2919.1896324661566
t1205,-2129.985050842809,-2221.098604937203
t1206,-1951.9641061169098,-4000.0
t1207,-1316.9263430143722,-3916.7231299622636
t1208,-4642.182396944787,-1147.3335188277879
t1209,-4642.182396944787,-343.1134395309807
t1210,-4642.182396944787,786.6828357053322
t1211,-4642.182396944787,819.3632538386246
t1212,-4642.182396944787,-109.91215449844725
t1213,-4642.182396944787,-697.9286636008782
t1214,-4642.182396944787,-283.4140451106845
t1215,-4642.182396944787,192.49782203190372
t1216,-4642.182396944787,981.1750777374406
t1217,-3467.321168263055,-931.74592449473
t1218,-2424.156770175738,-4000.0
t1219,-529.9516045452526,-4000.0
t1220,-471.3844712837699,-4000.0
t1221,-526.2822724912213,-4000.0
t1222,-0.0,-3786.405602827205
t1223,-1597.9279890047542,-4000.0
t1224,-3159.0517612244216,-1384.1144760218992
t1225,-923.0964349482451,-2877.35323594943
t1226,-2145.0451237983357,-1283.5799373376947
t1227,-1077.3227245907008,-1965.4193001661483
t1228,-1953.3193340573102,-1889.7904607674768
t1229,-2195.7795180292637,-2902.2681263986824
t1230,-924.747383127483,-2918.2009546847858
t1231,-166.84417131380485,-3289.3188984515227
t1232,-1617.0519437037374,-1060.4759152191598
t1233,-3657.763426019686,1122.1019278130605
t1234,-4642.182396944787,1026.809874638456
t1235,-4642.182396944787,1366.440155737592
t1236,-4642.182396944787,1109.382735829779
t1237,-4642.182396944787,853.2976399634623
t1238,-4642.182396944787,121.63409825775047
t1239,-4642.182396944787,-235.1526565480632
t1240,-4272.8588798574365,-289.0431819370977
t1241,-3580.460837298338,-854.4260602913743
t1242,-1070.158239217297,-4000.0
t1243,-724.6959920078226,-4000.0
t1244,-679.792790682428,-4000.0
t1245,-3657.6121602324647,-4000.0
t1246,-2586.996924603431,-4000.0
t1247,-2338.114281499234,-4000.0
t1248,-4642.182396944787,-4000.0
t1249,-4642.182396944787,-4000.0
t1250,-4642.182396944787,-4000.0
t1251,-4528.808002401951,-4000.0
t1252,-4404.779636711043,-4000.0
t1253,-3137.8598315015356,-4000.0
t1254,-458.94559956291454,-4000.0
t1255,-744.0640076234688,-4000.0
t1256,-2478.6806973804287,-4000.0
t1257,-2709.9294786529836,-533.3433766645927
t1258,-3310.916705175503,376.99663944099353
t1259,-4153.731696638532,244.41796395001728
t1260,-4642.182396944787,-1057.3094870351129
t1261,-4642.182396944787,-509.6418648919421
t1262,-4642.182396944787,-2003.7940156627192
t1263,-4642.182396944787,-2714.2213029482477
t1264,-4642.182396944787,-2656.439785548604
t1265,-4028.8276616194285,-3662.2617871174207
t1266,-889.8232740192085,-4000.0
t1267,-1544.8223887461188,-4000.0
t1268,-1437.1791221555975,-4000.0
t1269,-1459.5448930178943,-4000.0
t1270,-865.7266610723844,-4000.0
t1271,-0.0,-4000.0
t1272,-4642.182396944787,-4000.0
t1273,-4642.182396944787,-4000.0
t1274,-4642.182396944787,-4000.0
t1275,-2967.042022079413,-3457.9123658318
t1276,-1666.4976810464586,-2402.626225029485
t1277,-79.80414108600161,-3471.736206310006
t1278,-3620.065940622201,-390.7827034841521
t1279,-880.4548996206144,-3292.0566834075075
t1280,-3126.869903246321,-31.317622124269715
t1281,-3002.2304721372884,881.2246297697598
t1282,-4151.652643244376,1464.6637221255396
t1283,-4472.161868393951,1327.340056443858
t1284,-4124.496142118914,1246.5773682413094
t1285,-4326.460494298528,1377.2209353655503
t1286,-4425.350658711374,1422.3844187717377
t1287,-4207.531251027112,899.6063656386957
t1288,-3251.6437997204384,-1146.605529869453
t1289,-3472.230351082804,-2205.378973713424
t1290,-1277.7456384365137,-4000.0
t1291,-4550.910172756373,-798.18211278331
t1292,-1180.9893831874917,-4000.0
t1293,-1112.8754446523212,-4000.0
t1294,-3326.1921010911847,-4000.0
t1295,-0.0,-3418.0418866310024
t1296,-0.0,-4000.0
t1297,-562.7181536031319,-1662.4155816886632
t1298,-720.2706576885082,-3229.909715107584
t1299,-1348.1064889955637,-2244.64577854492
t1300,-468.99073779491357,-2922.9438389902925
t1301,-0.0,-2189.4891622202767
t1302,-0.0,-3528.3673016327293
t1303,-0.0,-3369.0549287156496
t1304,-864.4459123124806,-1620.6665714016833
t1305,-2355.2307000884043,-918.303995856957
t1306,-3583.113692703604,-194.2060179985131
t1307,-4491.743065888349,288.560919185041
t1308,-4642.182396944787,-622.1869807993891
t1309,-4642.182396944787,-244.95414914347919
t1310,-4446.270145755102,-1831.2057043564614
t1311,-4642.182396944787,-2086.8846450718497
t1312,-3889.3897554467853,-3671.668481455736
t1313,-4642.182396944787,-4000.0
t1314,-4068.9388743928507,-4000.0
t1315,-2441.661390653183,-4000.0
t1316,-1449.4980190438007,-4000.0
t1317,-2732.4825472920793,-4000.0
t1318,-1284.0051371482712,-4000.0
t1319,-1360.0375171057979,-4000.0
t1320,-947.4796250263408,-4000.0
t1321,-262.18257062278104,-4000.0
t1322,446.41334706853274,-4000.0
t1323,-170.66087578395428,-4000.0
t1324,-153.91083385414265,-4000.0
t1325,316.108285607775,-4000.0
t1326,319.744960756766,-4000.0
t1327,-935.8585646259749,-4000.0
t1328,-2537.2009797289325,-3081.7211111895012
t1329,-3799.631592391444,-1057.347413116248
t1330,-4642.182396944787,821.3708934542269
t1331,-4354.524253113193,1089.586542256682
t1332,-4414.747315677786,787.7758987216677
t1333,-4425.726438996858,453.2728640035069
t1334,-3978.2594946462946,-272.6141632621045
t1335,-4639.5065318729,-326.2749440424292
t1336,-4642.182396944787,-678.1598917419107
t1337,-3700.3846568145054,-2718.601644097613
t1338,-1790.0891453289785,-4000.0
t1339,-3074.774957342861,-4000.0
t1340,-171.98489126004034,-4000.0
t1341,-3074.0688659162215,-4000.0
t1342,-4642.182396944787,-4000.0
t1343,-3894.8880786313484,-4000.0
t1344,-374.0581991511183,-4000.0
t1345,-0.0,-4000.0
t1346,-4642.182396944787,-4000.0
t1347,-2141.9915935462473,-4000.0
t1348,-2124.7089524253834,-4000.0
t1349,-2311.768126910032,-4000.0
t1350,-689.4832946730372,-4000.0
t1351,-1330.6021197939642,-4000.0
t1352,-2968.4679686219247,-4000.0
t1353,-2802.801838306829,-4000.0
t1354,-2478.735307465406,-4000.0
t1355,-1710.168381334446,-4000.0
t1356,-1806.0923778642455,-4000.0
t1357,-1725.036822174798,-4000.0
t1358,-1933.6888298706729,-4000.0
t1359,-2630.6658888100073,-4000.0
t1360,-4239.815997044779,-4000.0
t1361,-3459.5959797447836,-4000.0
t1362,-2980.486740927585,-4000.0
t1363,-3214.410001968173,-4000.0
t1364,-3562.0960762820323,-4000.0
t1365,-3104.6143995532707,-4000.0
t1366,-2301.4799004072233,-4000.0
t1367,-1711.5895492822428,-4000.0
t1368,-3618.728876747492,-4000.0
t1369,-4642.182396944787,-4000.0
t1370,-4597.641050078522,-4000.0
t1371,-3076.6739252915663,-4000.0
t1372,-4642.182396944787,-4000.0
t1373,-4044.4510319643646,-4000.0
t1374,-4642.182396944787,-4000.0
t1375,-4642.182396944787,-4000.0
t1376,-4642.182396944787,-4000.0
t1377,-4642.182396944787,-2370.5106183471476
t1378,-4104.807188791488,-1062.0521518239016
t1379,-4642.182396944787,-1108.7139725454517
t1380,-4354.419981548211,-0.0
t1381,-4394.528843857054,-0.0
t1382,-4642.182396944787,-1427.8810133460083
t1383,-4642.182396944787,-647.5396377232391
t1384,-4481.3330525403335,-2589.3602982081443
t1385,-4642.182396944787,-4000.0
t1386,-4642.182396944787,-4000.0
t1387,-4642.182396944787,-4000.0
t1388,-4604.5176860143465,-4000.0
t1389,-4642.182396944787,-4000.0
t1390,-4642.182396944787,-4000.0
t1391,-4642.182396944787,-4000.0
t1392,-4642.182396944787,-4000.0
t1393,-4642.182396944787,-4000.0
t1394,-4642.182396944787,-4000.0
t1395,-4642.182396944787,-4000.0
t1396,-4642.182396944787,-4000.0
t1397,-4642.182396944787,-4000.0
t1398,-3936.4742692598284,-4000.0
t1399,-1666.520253981585,-4000.0
t1400,-4642.182396944787,-4000.0
t1401,-4411.549554965502,-4000.0
t1402,-4642.182396944787,-4000.0
t1403,-4642.182396944787,-4000.0
t1404,-4358.125893399526,-4000.0
t1405,-4642.182396944787,-4000.0
t1406,-4642.182396944787,-4000.0
t1407,-2907.2968274543523,-4000.0
t1408,-3944.7193298396814,-4000.0
t1409,-2231.237660617796,-4000.0
t1410,-3720.689724214669,-4000.0
t1411,-4642.182396944787,-4000.0
t1412,-4642.182396944787,-4000.0
t1413,-4642.182396944787,-4000.0
t1414,-4642.182396944787,-4000.0
t1415,-1855.1811091096108,-4000.0
t1416,-1289.6214152886162,-4000.0
t1417,-4642.182396944787,-4000.0
t1418,-4642.182396944787,-4000.0
t1419,-2907.4115316695606,-4000.0
t1420,-4642.182396944787,-4000.0
t1421,-4642.182396944787,-4000.0
t1422,-3541.885524336256,-4000.0
t1423,-1899.9126508342006,-4000.0
t1424,-4045.5943279389876,-4000.0
t1425,-2266.7461256202614,-4000.0
t1426,-2794.886186389363,-4000.0
t1427,-1774.3261498944412,-4000.0
t1428,-3187.7769059500342,-2698.9168800182797
t1429,-3465.300737289875,-2067.5286681601438
t1430,-2035.1850845113586,-3571.221311167569
t1431,-2253.9675383706067,-4000.0
t1432,-3825.3616587942133,-4000.0
t1433,-2620.2908110408243,-4000.0
t1434,-4642.182396944787,-4000.0
t1435,-4642.182396944787,-4000.0
t1436,-4642.182396944787,-4000.0
t1437,-3275.4075588653423,-4000.0
t1438,-4642.182396944787,-4000.0
t1439,-3990.1295958205487,-4000.0
t1440,-4395.036830845227,-4000.0
t1441,-3387.5985524239622,-4000.0
t1442,-2906.6639694604914,-4000.0
t1443,-4551.712572243054,-4000.0
t1444,-3057.493602545903,-4000.0
t1445,-4290.213255995015,-4000.0
t1446,-4137.930811104299,-4000.0
t1447,-4642.182396944787,-4000.0
t1448,-3905.7369401098535,-4000.0
t1449,-4479.784136908291,-4000.0
t1450,-4642.182396944787,-4000.0
t1451,-4642.182396944787,-4000.0
t1452,-4642.182396944787,-4000.0
t1453,-4642.182396944787,-4000.0
t1454,-4642.182396944787,-4000.0
t1455,-4358.263425931482,-4000.0
t1456,-4642.182396944787,-4000.0
t1457,-4642.182396944787,-4000.0
t1458,-4642.182396944787,-4000.0
t1459,-4642.182396944787,-4000.0
t1460,-3281.507314555058,-4000.0
t1461,-2840.291652998875,-4000.0
t1462,-2249.6319770446316,-4000.0
t1463,-1487.1625158300287,-4000.0
t1464,-2147.912235155615,-4000.0
t1465,-658.9698262728422,-4000.0
t1466,-71.16470246437325,-4000.0
t1467,-2438.846370445799,-4000.0
t1468,-2339.217027513758,-4000.0
t1469,-0.0,-4000.0
t1470,-0.0,-4000.0
t1471,-161.48227926490853,-4000.0
t1472,-158.04627056413048,-4000.0
t1473,-1766.2222929427826,-4000.0
t1474,-3157.1308822037795,-4000.0
t1475,-2539.1630050513136,-4000.0
t1476,-2723.0044727060103,-4000.0
t1477,-2955.37490743113,-4000.0
t1478,-2556.7540416739607,-4000.0
t1479,-1903.7834705365963,-4000.0
t1480,-529.3262663151481,-4000.0
t1481,-4214.838049564179,-4000.0
t1482,-2145.9361303194446,-4000.0
t1483,-2444.8241591155684,-4000.0
t1484,-2902.061510368085,-4000.0
t1485,-2209.983565061472,-4000.0
t1486,-1735.2192472118466,-4000.0
t1487,-4014.616590289309,-4000.0
t1488,-404.4558809052948,-4000.0
t1489,-2775.3495593285097,-4000.0
t1490,-0.0,-4000.0
t1491,-0.0,-4000.0
t1492,-0.0,-4000.0
t1493,-0.0,-4000.0
t1494,-0.0,-4000.0
t1495,-0.0,-4000.0
t1496,-2629.5930531433924,-4000.0
t1497,-2418.3068534702984,-4000.0
t1498,-2411.365425208212,-4000.0
t1499,-2910.6908893169652,-4000.0
t1500,-3346.799498913672,-4000.0
t1501,-3498.097970331785,-4000.0
t1502,-3160.8328846811946,-4000.0
t1503,-2716.1341591928363,-4000.0
t1504,-3039.960870822219,-4000.0
t1505,-2574.6709544101627,-4000.0
t1506,-2144.2604681759203,-4000.0
t1507,-2626.8002038587874,-4000.0
t1508,-4642.182396944787,-4000.0
t1509,-4642.182396944787,-4000.0
t1510,-4642.182396944787,-4000.0
t1511,-4642.182396944787,-4000.0
t1512,-4642.182396944787,-4000.0
t1513,-1203.9402806478731,-4000.0
t1514,-0.0,-2462.7297007491125
t1515,-65.58415662256205,-3153.313113399399
t1516,-213.60869896418507,-2162.369324788098
t1517,-698.0084924851703,-1408.1259904803762
t1518,-1594.710135844169,-1474.2220712286319
t1519,-224.5091140245033,-319.991633675683
t1520,-0.0,-0.0
t1521,-3891.5546536022916,59.669686981020114
t1522,-2974.5583368113216,284.2725503239846
t1523,-4642.182396944787,2556.4906377960388
t1524,-4642.182396944787,1451.3842189451298
t1525,-4054.954978982426,347.85695609511754
t1526,-4023.693880582055,-0.0
t1527,-4642.182396944787,558.7563171564217
t1528,-1871.0693599753383,-2728.057077154901
t1529,-1695.4197748904862,-2024.4810062855972
t1530,-0.0,-1815.6395515479044
t1531,-0.0,-593.3450903643039
t1532,-0.0,-2027.8984903995117
t1533,-0.0,-1481.6417952409754
t1534,-0.0,-514.1014672889136
t1535,-0.0,-0.0
t1536,-328.78084379082003,-5.911291315679312
t1537,-0.0,-0.0
t1538,-0.0,-0.0
t1539,-0.0,-0.0
t1540,-0.0,-0.0
t1541,-0.0,-0.0
t1542,-0.0,-0.0
t1543,-0.0,-0.0
t1544,-0.0,-0.0
t1545,-0.0,-0.0
t1546,-2464.698102698737,-0.0
t1547,-2487.716040006068,1049.4008723486027
t1548,-2669.279247336227,1119.2644312611674
t1549,-2671.323258255481,1042.7762721305944
t1550,-2662.35256444809,551.0511215209816
t1551,-2356.927701330107,413.5329465869852
t1552,-739.6368503749177,-0.0
t1553,-0.0,-0.0
t1554,-0.0,-0.0
t1555,-0.0,-0.0
t1556,-0.0,-0.0
t1557,-0.0,-0.0
t1558,-0.0,-0.0
t1559,-0.0,-0.0
t1560,-364.0741548378409,-0.0
t1561,-0.0,-0.0
t1562,-0.0,-0.0
t1563,-0.0,-0.0
t1564,-0.0,-0.0
t1565,-2518.0879698353306,-0.0
t1566,-0.0,-0.0
t1567,-0.0,-0.0
t1568,-0.0,-4000.0
t1569,-1418.0007333196816,-0.0
t1570,-4035.445086324851,316.51478137445815
t1571,-3425.3375948479693,347.98597499900103
t1572,-2812.3773651453735,310.86350528501055
t1573,-2878.1274813890386,694.3380180483679
t1574,-2981.5535861900134,689.1725844654621
t1575,-4620.854400510984,919.3173133925276
t1576,-3724.115891918368,902.4412958844072
t1577,-670.2023285249801,-0.0
t1578,-0.0,-0.0
t1579,-0.0,-1323.7088011253213
t1580,-4555.876174323611,-0.0
t1581,-0.0,-0.0
t1582,-0.0,-0.0
t1583,-0.0,-0.0
t1584,-0.0,-0.0
t1585,-2887.059141628457,-0.0
t1586,-0.0,-0.0
t1587,-956.520544490638,-1549.2729732727462
t1588,-285.18542181757397,-2223.099063086722
t1589,-1346.1402071081286,-1367.654554765389
t1590,-0.0,-1479.0752358230804
t1591,-0.0,-1783.6555716459297
t1592,-0.0,-1965.360902861469
t1593,-1894.2679853016039,-2515.1371538283097
t1594,-0.0,-2906.040314944527
t1595,-1392.4706356261306,-39.278045936787144
t1596,-2858.2831451837005,1014.7557494290106
t1597,-4642.182396944787,2591.5432930118495
t1598,-3883.516373882372,2440.684110335971
t1599,-3016.173998167114,670.4047233212084
t1600,-2624.8277698724783,-2037.954750972752
t1601,-2534.657560342341,-1333.2978690731497
t1602,-4642.182396944787,-672.4535943907883
t1603,-0.0,-851.2560321829824
t1604,-98.84980202041207,-2654.7371417657255
t1605,-1043.8962980369151,-4000.0
t1606,-2975.212810740112,-4000.0
t1607,-1971.8293326216149,-3629.5336913358287
t1608,-1142.217073301016,-4000.0
t1609,-1982.3050867691188,-4000.0
t1610,-716.4765800758396,-4000.0
t1611,214.28619484214497,-4000.0
t1612,496.67623826282977,-4000.0
t1613,-174.9430761986291,-2381.3520309798932
t1614,-0.0,-1718.0735732405387
t1615,-0.0,-821.1948441756451
t1616,-0.0,-0.0
t1617,-626.630364564706,-696.4102663306747
t1618,-2748.897972729453,-1390.196346903826
t1619,-1724.5607987143155,-1063.5265292737768
t1620,-1472.9244394313728,-491.84487920860545
t1621,-1095.1849928768224,-735.6635667899651
t1622,-1486.4262212240924,-686.5401933967744
t1623,-3322.93096566388,27.825618622802168
t1624,-1538.7585679827655,-0.0
t1625,-0.0,-0.0
t1626,-0.0,-0.0
t1627,-0.0,-0.0
t1628,-0.0,-0.0
t1629,-0.0,-0.0
t1630,-0.0,-0.0
t1631,-0.0,-0.0
t1632,-18.20407924262768,-0.0
t1633,-0.0,-0.0
t1634,-662.5850916863577,-0.0
t1635,-1392.9123435484967,-0.0
t1636,-1983.2446937350487,-387.35885974652496
t1637,-2319.9008701231787,-115.14370042145502
t1638,-1851.7818107835526,-0.0
t1639,-1886.9538453800728,-0.0
t1640,-2434.4798265025415,-0.0
t1641,-4134.280682630289,841.735945502392
t1642,-4444.84691625319,813.1235029287009
t1643,-3803.843267633743,747.8426745596759
t1644,-3969.2150668809913,844.5230002678832
t1645,-3715.742424307438,707.8143279089858
t1646,-3853.9207612348505,746.785755514574
t1647,-4205.600573674208,853.3897021564065
t1648,-3088.7706879706184,705.047860622212
t1649,-4642.182396944787,-0.0
t1650,-0.0,-0.0
t1651,-0.0,-0.0
t1652,-0.0,-0.0
t1653,-0.0,-0.0
t1654,-0.0,-0.0
t1655,-161.70285039008184,-0.0
t1656,-361.22861880858903,-0.0
t1657,-2555.007311608475,-144.78167385888423
t1658,-21.57404124710769,-307.1408444401851
t1659,-146.28235583912033,-216.52168749080664
t1660,-0.0,-546.9830048426418
t1661,-0.0,-801.1334850778591
t1662,-0.0,-1057.0184232631937
t1663,-895.7584687036225,-1659.766139267308
t1664,-759.4041687127208,-2247.8892765622386
t1665,-276.3175721346124,-1905.9668964859177
t1666,-1911.4633261213078,-2077.6899087923666
t1667,-1330.749420444257,-1889.61723753273
t1668,-1904.0363664964916,-1804.7101579095847
t1669,-1374.7069068327944,-2131.568550749651
t1670,-1511.9323359258835,-1896.8818183625963
t1671,-528.0345856361711,-3453.8989084442305
t1672,-2046.5498388467913,-2960.434587219586
t1673,-0.0,-2322.43914314416
t1674,-0.0,-1598.9870928590753
t1675,-0.0,-1426.682732875375
t1676,-3697.466187779933,-1595.2254896336992
t1677,-710.5076417769507,-1751.3842538828546
t1678,-0.0,-2051.823430843905
t1679,-706.4928372061127,-1744.6892949075373
t1680,-783.7035562961711,-2746.0842092296484
t1681,-400.2625457538597,-4000.0
t1682,-55.48202502599103,-4000.0
t1683,-3104.4770957215806,-908.6402419269913
t1684,-0.0,-2717.5841446349864
t1685,-4280.180823345589,-0.0
t1686,-1074.7199289067614,-4000.0
t1687,-2463.430974265621,-4000.0
t1688,-2927.262118563491,-1274.1436013886253
t1689,-2122.2624610480616,-2698.687955127984
t1690,-3824.7454468296614,-2516.6646856101775
t1691,-3636.107233571142,-1346.8042501099699
t1692,-4483.419031370489,304.8225982502142
t1693,-4151.192228692223,-0.0
t1694,-2760.0990112158215,-1653.309808428746
t1695,-4135.598694330558,-1859.2270526629643
t1696,-2964.9070117120805,-2365.141948490655
t1697,-1090.668958827697,-4000.0
t1698,-1926.5305065505968,-4000.0
t1699,-1882.815590774293,-4000.0
t1700,-1612.39308853018,-4000.0
t1701,-1164.0610453359945,-4000.0
t1702,-3331.629534101981,-4000.0
t1703,-2328.2197231435657,-4000.0
t1704,-1423.4226291689065,-4000.0
t1705,-806.3306785592222,-4000.0
t1706,-0.0,-4000.0
t1707,-0.0,-4000.0
t1708,-0.0,-4000.0
t1709,-4607.534378693724,-0.0
t1710,-1396.9903545134666,-4000.0
t1711,-0.0,-3851.046301393148
t1712,-3509.5390750520564,-4000.0
t1713,-1348.581753136479,-3361.6007755587198
t1714,-3108.8734513221066,226.77965559198677
t1715,-4078.4879392372245,496.86642427115123
t1716,-4056.9042989183276,-0.48821359194451847
t1717,-4207.661704792047,418.84152826149676
t1718,-4642.182396944787,-482.8968066731917
t1719,-4642.182396944787,-1033.9787782333638
t1720,-2744.39015669513,-1570.8739646454258
t1721,-1596.127073357601,-4000.0
t1722,-4187.446104107887,-1951.1013394970132
t1723,-2029.209727327496,-4000.0
t1724,-4642.182396944787,-3946.816830261527
t1725,-1176.260556715428,-4000.0
t1726,-3299.0975037568246,-4000.0
t1727,-2202.1581055560855,-4000.0
t1728,-1560.665872228476,-3665.3106859295126
t1729,-2440.294088710966,-2163.036987330569
t1730,-2493.998150833479,-2739.103317307467
t1731,-1759.2089579102421,-2491.531345390427
t1732,-3322.360418571215,-1676.4209489083419
t1733,-4642.182396944787,-2071.0429523911957
t1734,-1691.8900474921766,-3232.582166417934
t1735,-1640.9042402277125,-2353.5385155118774
t1736,-2994.1097192709854,-4000.0
t1737,-3422.439121697782,-2824.538617713864
t1738,-4642.182396944787,-2190.64136306089
t1739,-4642.182396944787,-1372.167038485335
t1740,-4642.182396944787,-1065.46234127138
t1741,-4642.182396944787,-1471.4029499192418
t1742,-4642.182396944787,-2812.3431518877082
t1743,-4642.182396944787,-3784.9343003854674
t1744,-4642.182396944787,-4000.0
t1745,-4642.182396944787,-4000.0
t1746,-4642.182396944787,-4000.0
t1747,-4642.182396944787,-4000.0
t1748,-4642.182396944787,-4000.0
t1749,-4642.182396944787,-4000.0
t1750,-4642.182396944787,-4000.0
t1751,-4642.182396944787,-4000.0
t1752,-4642.182396944787,-4000.0
t1753,-4642.182396944787,-4000.0
t1754,-4642.182396944787,-4000.0
t1755,-4642.182396944787,-4000.0
t1756,-4642.182396944787,-4000.0
t1757,-4642.182396944787,-4000.0
t1758,-4642.182396944787,-4000.0
t1759,-4642.182396944787,-4000.0
t1760,-4642.182396944787,-4000.0
t1761,-4545.94020545802,-3970.1081094624947
t1762,-3610.335866362787,-4000.0
t1763,-1756.9097433079894,-3704.145048057892
t1764,-1717.646349838444,-2969.6051379307355
t1765,-1033.5870686472238,-3429.1957769871333
t1766,-2974.1668948150264,-4000.0
t1767,-2334.00662126976,-4000.0
t1768,-2930.4179538401413,-4000.0
t1769,-1857.7809292477339,-4000.0
t1770,-3182.902607152542,-4000.0
t1771,-3186.969110945687,-4000.0
t1772,-2981.610669391887,-4000.0
t1773,-2594.27618309487,-4000.0
t1774,-1888.7377749842926,-4000.0
t1775,-3783.8505096095946,-4000.0
t1776,-4642.182396944787,-2164.003109064408
t1777,-4642.182396944787,-3502.4137395378443
t1778,-4277.085726900856,-4000.0
t1779,-4130.889859850417,-4000.0
t1780,-3520.1255095381653,-4000.0
t1781,-4463.001859706887,-4000.0
t1782,-4642.182396944787,-4000.0
t1783,-4642.182396944787,-4000.0
t1784,-4642.182396944787,-4000.0
t1785,-4642.182396944787,-4000.0
t1786,-4642.182396944787,-4000.0
t1787,-4642.182396944787,-4000.0
t1788,-4344.534459882327,-4000.0
t1789,-3818.381054161669,-4000.0
t1790,-4203.253015565697,-4000.0
t1791,-2948.9684521551526,-4000.0
t1792,-3393.705380699891,-4000.0
t1793,-1817.7515300839843,-4000.0
t1794,-4642.182396944787,-4000.0
t1795,-1930.5970103437448,-4000.0
t1796,-1556.478661374447,-4000.0
t1797,-1124.4126333528407,-4000.0
t1798,-527.6532017088778,-4000.0
t1799,-0.0,-4000.0
t1800,-1667.4128567575822,-4000.0
t1801,-937.7129004474403,-4000.0
t1802,-2416.3219945898622,-1634.677072959011
t1803,-0.9137835504099158,-4000.0
t1804,-0.0,-4000.0
t1805,-0.0,-4000.0
t1806,-615.2050002814328,-4000.0
t1807,-1155.0333788213707,-4000.0
t1808,-4642.182396944787,-1156.0280108803352
t1809,-611.5487511889431,-4000.0
t1810,-86.39328430872092,-4000.0
t1811,-2239.37697659867,-3061.902517637027
t1812,-3399.482261011897,-1176.6964191957672
t1813,-4070.6672552206132,-559.571881827551
t1814,-4029.553525079777,-365.44994428074455
t1815,-3385.9344980566534,-1456.4943702622593
t1816,-2030.9452834137153,-2349.238983385895
t1817,-895.6717949884599,-4000.0
t1818,-4211.010979369493,-4000.0
t1819,-1094.9304808525421,-4000.0
t1820,-743.1779027455393,-4000.0
t1821,-607.6477337677653,-3781.9549065474266
t1822,-3731.7433693942335,-3076.978123266374
t1823,-2129.977663227774,-4000.0
t1824,-2501.0793078169336,-4000.0
t1825,-4642.182396944787,-4000.0
t1826,-4518.713214233372,-4000.0
t1827,-4483.831557724318,-4000.0
t1828,-4391.318596430281,-4000.0
t1829,-4445.199771689447,-4000.0
t1830,-4642.182396944787,-4000.0
t1831,-4642.182396944787,-4000.0
t1832,-4642.182396944787,-4000.0
t1833,-4096.290411387141,-4000.0
t1834,-3462.5249089218064,-4000.0
t1835,-2810.6081023876213,-4000.0
t1836,-1880.566876333834,-4000.0
t1837,-2228.18383546098,-4000.0
t1838,-2833.1779795610673,-4000.0
t1839,-2835.8540442977064,-4000.0
t1840,-730.0349440634723,-4000.0
t1841,-1034.949549903659,-4000.0
t1842,-1669.3241416342075,-4000.0
t1843,-1606.2933328404667,-4000.0
t1844,-1721.8316401287454,-4000.0
t1845,-3831.8095006587655,-4000.0
t1846,-4642.182396944787,-2478.4639560057576
t1847,-4642.182396944787,-1535.6161062404094
t1848,-4642.182396944787,-3200.21761038596
