Zone,1,2,3
t1,2.7604920879729358,0.1,0.1
t2,2.0595205032602926,0.1,0.1
t3,2.0595205032602926,0.1,0.1
t4,2.0595205032602926,0.44536862003780714,0.1
t5,2.0595205032602926,0.44536862003780714,0.1
t6,2.7604920879729358,0.44536862003780714,0.1
t7,2.7604920879729358,0.44536862003780714,0.1
t8,2.7604920879729358,0.44536862003780714,0.1
t9,2.0595205032602926,0.1,0.1
t10,0.4542086975197808,0.1,0.44536862003780714
t11,0.4542086975197808,0.44536862003780714,0.44536862003780714
t12,0.4542086975197808,0.1,0.44536862003780714
t13,0.4542086975197808,0.1,0.44536862003780714
t14,0.4542086975197808,0.44536862003780714,0.44536862003780714
t15,0.4542086975197808,0.44536862003780714,0.44536862003780714
t16,2.0595205032602926,0.44536862003780714,0.44536862003780714
t17,2.7604920879729358,0.44536862003780714,0.44536862003780714
t18,42.780400000000014,0.44536862003780714,0.1
t19,219.25766761131467,0.1,0.1
t20,2.7604920879729358,0.44536862003780714,0.1
t21,2.7604920879729358,0.44536862003780714,0.1
t22,2.7604920879729358,0.44536862003780714,0.1
t23,2.7604920879729358,0.1,0.1
t24,2.7604920879729358,0.44536862003780714,0.1
t25,2.0595205032602926,0.1,0.1
t26,2.0595205032602926,0.1,0.1
t27,2.0595205032602926,0.1,0.1
t28,2.0595205032602926,0.1,0.1
t29,2.0595205032602926,0.1,0.1
t30,2.7604920879729358,0.1,0.1
t31,2.7604920879729358,0.44536862003780714,0.1
t32,2.7604920879729358,0.44536862003780714,0.1
t33,2.7604920879729358,0.44536862003780714,0.1
t34,2.0595205032602926,0.1,0.1
t35,2.0595205032602926,0.1,0.1
t36,2.0595205032602926,0.1,0.1
t37,2.0595205032602926,0.1,0.1
t38,2.0595205032602926,0.1,0.1
t39,2.0595205032602926,0.1,0.1
t40,2.7604920879729358,0.1,0.1
t41,2.7604920879729358,0.44536862003780714,0.1
t42,219.25766761131464,0.1,0.1
t43,42.7804,0.1,0.1
t44,2.7604920879729358,0.1,0.1
t45,2.7604920879729358,0.1,0.1
t46,2.7604920879729358,0.1,0.1
t47,2.7604920879729358,0.1,0.1
t48,2.0595205032602926,0.1,0.1
t49,2.0595205032602926,0.1,0.1
t50,2.0595205032602926,0.1,0.1
t51,2.0595205032602926,0.1,0.1
t52,2.0595205032602926,0.1,0.1
t53,2.0595205032602926,0.44536862003780714,0.1
t54,2.0595205032602926,0.44536862003780714,0.1
t55,2.7604920879729358,0.44536862003780714,0.1
t56,2.7604920879729358,0.44536862003780714,0.1
t57,2.7604920879729358,0.1,0.1
t58,2.0595205032602926,0.1,0.1
t59,0.10198489006280309,0.1,0.1
t60,0.10198489006280309,0.1,0.1
t61,0.10198489006280309,0.1,0.1
t62,0.10198489006280309,0.1,0.1
t63,0.10198489006280309,0.1,0.1
t64,0.10198489006280309,0.1,0.1
t65,2.0595205032602926,0.1,0.1
t66,2.7604920879729358,0.44536862003780714,0.1
t67,2.7604920879729358,0.44536862003780714,0.1
t68,2.7604920879729358,0.44536862003780714,0.1
t69,2.7604920879729358,0.44536862003780714,0.1
t70,2.7604920879729358,0.1,0.1
t71,2.7604920879729358,0.1,0.1
t72,2.0595205032602926,0.1,0.1
t73,2.0595205032602926,0.1,0.1
t74,2.0595205032602926,0.1,0.1
t75,2.0595205032602926,0.1,0.1
t76,2.0595205032602926,0.1,0.1
t77,2.0595205032602926,0.1,0.1
t78,2.0595205032602926,0.1,0.1
t79,2.7604920879729358,0.1,0.1
t80,2.7604920879729358,0.1,0.1
t81,2.0595205032602926,0.1,0.1
t82,0.10198489006280309,0.1,0.1
t83,0.10198489006280309,0.1,0.1
t84,0.10198489006280309,0.1,0.1
t85,0.10198489006280309,0.1,0.1
t86,0.10198489006280309,0.1,0.1
t87,0.10198489006280309,0.1,0.1
t88,2.0595205032602926,0.1,0.1
t89,2.0595205032602926,0.44536862003780714,0.1
t90,43.481371584712655,0.44536862003780714,0.1
t91,218.80904579709855,0.44536862003780714,0.1
t92,2.7604920879729358,0.44536862003780714,0.1
t93,2.7604920879729358,0.44536862003780714,0.1
t94,2.7604920879729358,0.44536862003780714,0.1
t95,2.7604920879729358,0.44536862003780714,0.44536862003780714
t96,2.0595205032602926,0.44536862003780714,0.1
t97,2.0595205032602926,0.44536862003780714,0.1
t98,2.0595205032602926,0.44536862003780714,0.1
t99,2.0595205032602926,0.44536862003780714,0.1
t100,2.0595205032602926,0.44536862003780714,0.1
t101,2.0595205032602926,0.44536862003780714,0.1
t102,2.0595205032602926,2.0343313663554743,0.1
t103,2.7604920879729358,2.7267296597676602,0.1
t104,174.8665512173321,172.72783131058006,0.1
t105,2.7604920879729358,0.44536862003780714,0.1
t106,2.0595205032602926,0.44536862003780714,0.1
t107,0.45088318434565655,0.44536862003780714,0.4421078299618691
t108,0.4542086975197808,0.44536862003780714,0.44536862003780714
t109,0.4542086975197808,0.44536862003780714,0.44536862003780714
t110,0.4542086975197808,0.44536862003780714,0.44536862003780714
t111,2.0595205032602926,0.44536862003780714,0.44536862003780714
t112,2.0595205032602926,0.44536862003780714,0.44536862003780714
t113,2.7604920879729358,0.44536862003780714,0.44536862003780714
t114,174.91560964478867,0.44536862003780714,0.44536862003780714
t115,82.80030791202707,0.44536862003780714,0.44536862003780714
t116,2.7604920879729353,0.44536862003780714,0.44536862003780714
t117,2.7604920879729358,0.44536862003780714,0.1
t118,2.7604920879729358,0.44536862003780714,0.1
t119,2.7604920879729358,0.44536862003780714,0.1
t120,2.0595205032602926,0.44536862003780714,0.1
t121,2.0595205032602926,0.1,0.1
t122,2.0595205032602926,0.1,0.1
t123,2.0595205032602926,0.1,0.1
t124,2.0595205032602926,0.1,0.1
t125,2.0595205032602926,0.1,0.1
t126,2.0595205032602926,0.1,0.1
t127,2.7604920879729358,0.1,0.1
t128,2.7604920879729358,0.44536862003780714,0.1
t129,2.7604920879729358,0.44536862003780714,0.1
t130,2.7604920879729358,0.44536862003780714,0.1
t131,2.7604920879729358,0.44536862003780714,0.1
t132,2.7604920879729358,0.44536862003780714,0.1
t133,2.7604920879729358,0.44536862003780714,0.1
t134,2.7604920879729358,0.44536862003780714,0.1
t135,2.7604920879729358,0.44536862003780714,0.1
t136,2.7604920879729358,0.44536862003780714,0.1
t137,2.7604920879729353,2.7267296597676607,0.1
t138,2.7604920879729358,0.1,0.1
t139,2.7604920879729358,0.1,0.1
t140,2.7604920879729358,0.1,0.1
t141,2.7604920879729358,0.1,0.1
t142,2.7604920879729358,0.1,0.1
t143,2.7604920879729358,0.1,0.1
t144,2.0595205032602926,0.1,0.1
t145,2.0595205032602926,0.1,0.1
t146,2.0595205032602926,0.1,0.1
t147,2.0595205032602926,0.1,0.1
t148,2.0595205032602926,0.1,0.1
t149,2.0595205032602926,0.1,0.1
t150,2.0595205032602926,0.1,0.1
t151,2.0595205032602926,0.44536862003780714,0.1
t152,2.7604920879729358,0.44536862003780714,0.1
t153,2.0595205032602926,0.1,0.1
t154,0.4508831843456565,0.44536862003780714,0.1
t155,0.10198489006280309,0.10073755537788583,0.1
t156,0.10198489006280309,0.10073755537788583,0.1
t157,0.10198489006280309,0.1,0.1
t158,0.10123820225757742,0.1,0.1
t159,0.10123820225757742,0.1,0.1
t160,0.4542086975197808,0.1,0.44536862003780714
t161,2.0595205032602926,0.1,0.44536862003780714
t162,2.7604920879729358,0.1,0.1
t163,2.7604920879729358,0.1,0.1
t164,2.7604920879729358,0.44536862003780714,0.1
t165,2.7604920879729358,0.1,0.1
t166,2.7604920879729358,0.1,0.1
t167,2.7604920879729358,0.1,0.1
t168,2.0595205032602926,0.1,0.1
t169,0.4576380224923672,0.4486534602463119,0.1
t170,0.4576380224923672,0.4486534602463119,0.1
t171,0.4576380224923672,0.4486534602463119,0.1
t172,0.4576380224923672,0.4486534602463119,0.1
t173,0.4576380224923672,0.4486534602463119,0.1
t174,0.4576380224923672,0.4486534602463119,0.1
t175,0.4576380224923672,0.4486534602463119,0.1
t176,0.4576380224923672,0.4486534602463119,0.1
t177,0.4576380224923672,0.1,0.1
t178,0.10198489006280309,0.1,0.1
t179,0.10198489006280309,0.1,0.1
t180,0.10123820225757738,0.1,0.1
t181,0.10123820225757738,0.1,0.1
t182,0.10123820225757738,0.1,0.1
t183,0.10198489006280309,0.1,0.1
t184,0.10198489006280309,0.1,0.1
t185,0.4576380224923672,0.1,0.1
t186,0.8679088167442901,0.4486534602463119,0.1
t187,192.45993549505468,0.4486534602463119,0.1
t188,33.1214,0.4486534602463119,0.1
t189,0.8679088167442901,0.4486534602463119,0.1
t190,0.8679088167442901,0.4486534602463119,0.1
t191,0.8679088167442901,0.4486534602463119,0.1
t192,0.8679088167442901,0.8572937857352457,0.1
t193,0.8679088167442901,0.8572937857352456,0.1
t194,0.8679088167442899,0.8572937857352456,0.1
t195,0.8679088167442899,0.8572937857352456,0.1
t196,0.8679088167442899,0.8572937857352456,0.1
t197,0.4576380224923672,0.4486534602463119,0.1
t198,0.8679088167442901,0.4486534602463119,0.1
t199,0.8679088167442901,0.4486534602463119,0.1
t200,0.8679088167442901,0.4486534602463119,0.1
t201,0.4576380224923672,0.4486534602463119,0.1
t202,0.10198489006280309,0.1,0.1
t203,0.10198489006280309,0.1,0.1
t204,0.10198489006280309,0.1,0.1
t205,0.10198489006280309,0.1,0.1
t206,0.10198489006280309,0.1,0.1
t207,0.10198489006280309,0.1,0.1
t208,0.10198489006280309,0.1,0.1
t209,0.4576380224923672,0.1,0.1
t210,0.8679088167442901,0.4486534602463119,0.1
t211,205.70652707020338,0.8572937857352456,0.1
t212,0.8679088167442901,0.8572937857352456,0.1
t213,0.8679088167442901,0.8572937857352456,0.44536862003780714
t214,0.8679088167442901,0.4486534602463119,0.44536862003780714
t215,0.8679088167442901,0.4486534602463119,0.44536862003780714
t216,0.8679088167442901,0.4486534602463119,0.44536862003780714
t217,0.4576380224923672,0.4486534602463119,0.44536862003780714
t218,0.4576380224923672,0.4486534602463119,0.44536862003780714
t219,0.8679088167442901,0.8572937857352456,0.1
t220,0.8679088167442901,0.8572937857352456,0.1
t221,0.8679088167442901,0.8572937857352456,0.1
t222,0.8679088167442901,0.8572937857352456,0.1
t223,0.8679088167442901,0.8572937857352456,0.1
t224,143.69265682597205,141.93521182881048,0.1
t225,0.8679088167442901,0.8572937857352456,0.44536862003780714
t226,0.8679088167442901,0.8572937857352456,0.44536862003780714
t227,0.4576380224923672,0.45204084257443855,0.44536862003780714
t228,0.4576380224923672,0.45204084257443855,0.44536862003780714
t229,0.4542086975197808,0.4486534602463119,0.44536862003780714
t230,0.4542086975197808,0.4486534602463119,0.44536862003780714
t231,0.4576380224923672,0.45204084257443855,0.44536862003780714
t232,0.4576380224923672,0.45204084257443855,0.44536862003780714
t233,0.8679088167442901,0.8572937857352457,0.1
t234,0.8679088167442901,0.8572937857352456,0.1
t235,196.83424580204252,0.8572937857352456,0.1
t236,0.8679088167442901,0.8572937857352456,0.1
t237,0.8679088167442901,0.8572937857352456,0.1
t238,0.8679088167442901,0.8572937857352456,0.1
t239,0.8679088167442901,0.8572937857352456,0.1
t240,0.8679088167442901,0.8572937857352456,0.1
t241,0.8679088167442901,0.8572937857352456,0.1
t242,0.8679088167442901,0.8572937857352456,0.1
t243,0.8679088167442901,0.8572937857352456,0.44536862003780714
t244,0.8679088167442901,0.8572937857352456,0.44536862003780714
t245,0.8679088167442901,0.8572937857352456,0.44536862003780714
t246,0.8679088167442901,0.8572937857352457,0.44536862003780714
t247,0.8679088167442901,0.8572937857352457,0.44536862003780714
t248,0.8679088167442901,0.8572937857352456,0.44536862003780714
t249,0.8679088167442901,0.8572937857352456,0.44536862003780714
t250,0.8679088167442901,0.8572937857352456,0.44536862003780714
t251,0.4576380224923672,0.45204084257443855,0.44536862003780714
t252,0.4576380224923672,0.45204084257443855,0.44536862003780714
t253,0.4576380224923672,0.45204084257443855,0.44536862003780714
t254,0.4576380224923672,0.45204084257443855,0.44536862003780714
t255,0.4576380224923672,0.45204084257443855,0.44536862003780714
t256,0.4576380224923672,0.45204084257443866,0.44536862003780714
t257,0.8679088167442901,0.8572937857352456,0.44536862003780714
t258,189.38640597420803,187.07009977553508,0.44536862003780714
t259,36.19492952084668,0.8572937857352456,0.44536862003780714
t260,0.8679088167442901,0.8572937857352456,0.44536862003780714
t261,0.8679088167442901,0.8572937857352456,0.44536862003780714
t262,0.8679088167442901,0.8572937857352456,0.44536862003780714
t263,0.8679088167442901,0.8572937857352457,0.44536862003780714
t264,0.8679088167442901,0.8572937857352457,0.44536862003780714
t265,0.8679088167442899,0.8572937857352456,0.44536862003780714
t266,0.8679088167442901,0.8572937857352456,0.44536862003780714
t267,0.8679088167442899,0.8572937857352456,0.44536862003780714
t268,0.8679088167442899,0.8572937857352456,0.44536862003780714
t269,0.8679088167442899,0.8572937857352456,0.44536862003780714
t270,0.8679088167442899,0.8572937857352456,0.44536862003780714
t271,0.8679088167442901,0.8572937857352457,0.44536862003780714
t272,0.8679088167442899,0.8572937857352456,0.44536862003780714
t273,0.8679088167442899,0.8572937857352456,0.44536862003780714
t274,0.4576380224923672,0.45204084257443855,0.44536862003780714
t275,0.4542086975197807,0.4486534602463119,0.44536862003780714
t276,0.4576380224923672,0.45204084257443855,0.44536862003780714
t277,0.4576380224923672,0.45204084257443855,0.44536862003780714
t278,0.4576380224923672,0.45204084257443855,0.44536862003780714
t279,0.8679088167442901,0.8572937857352456,0.44536862003780714
t280,0.8679088167442901,0.8572937857352456,0.44536862003780714
t281,0.8679088167442901,0.8572937857352456,0.44536862003780714
t282,0.8679088167442901,0.8572937857352456,0.44536862003780714
t283,207.5545693688183,0.8572937857352456,0.1
t284,0.8679088167442901,0.8572937857352456,0.1
t285,0.8679088167442901,0.8572937857352456,0.1
t286,0.8679088167442901,0.8572937857352456,0.1
t287,0.8679088167442901,0.8572937857352456,0.1
t288,0.8679088167442901,0.8572937857352456,0.1
t289,0.8679088167442901,0.8572937857352456,0.1
t290,0.4576380224923672,0.4486534602463119,0.1
t291,0.4576380224923672,0.4486534602463119,0.1
t292,0.4576380224923672,0.4486534602463119,0.1
t293,0.4576380224923672,0.4486534602463119,0.1
t294,0.8679088167442901,0.8572937857352456,0.1
t295,0.8679088167442901,0.8572937857352456,0.1
t296,0.8679088167442901,0.8572937857352456,0.1
t297,0.8679088167442901,0.8572937857352456,0.1
t298,0.4576380224923672,0.4486534602463119,0.1
t299,0.10198489006280309,0.1,0.1
t300,0.10198489006280309,0.1,0.1
t301,0.10198489006280309,0.1,0.1
t302,0.10198489006280309,0.1,0.1
t303,0.10198489006280309,0.1,0.1
t304,0.10198489006280309,0.1,0.1
t305,0.4576380224923672,0.1,0.1
t306,0.8679088167442901,0.4486534602463119,0.1
t307,0.8679088167442901,0.8572937857352456,0.1
t308,0.8679088167442901,0.8572937857352456,0.1
t309,0.8679088167442901,0.8572937857352456,0.1
t310,0.8679088167442901,0.4486534602463119,0.1
t311,0.8679088167442901,0.4486534602463119,0.1
t312,0.4576380224923672,0.4486534602463119,0.1
t313,0.4576380224923672,0.4486534602463119,0.1
t314,0.4576380224923672,0.4486534602463119,0.1
t315,0.4576380224923672,0.4486534602463119,0.1
t316,0.4576380224923672,0.4486534602463119,0.1
t317,0.4576380224923672,0.4486534602463119,0.1
t318,0.4576380224923672,0.4486534602463119,0.1
t319,0.8679088167442899,0.8572937857352456,0.1
t320,0.8679088167442899,0.8572937857352456,0.1
t321,0.4576380224923672,0.45204084257443855,0.1
t322,0.4542086975197808,0.4486534602463119,0.1
t323,0.10198489006280309,0.10073755537788581,0.1
t324,0.10198489006280309,0.10073755537788581,0.1
t325,0.10198489006280309,0.10073755537788581,0.1
t326,0.10198489006280309,0.10073755537788581,0.1
t327,0.10198489006280309,0.10073755537788581,0.1
t328,0.4542086975197808,0.4486534602463119,0.1
t329,0.4576380224923672,0.4486534602463119,0.1
t330,0.8679088167442901,0.8572937857352456,0.1
t331,0.8679088167442901,0.8572937857352456,0.1
t332,0.8679088167442901,0.4486534602463119,0.1
t333,0.8679088167442901,0.4486534602463119,0.1
t334,0.8679088167442901,0.4486534602463119,0.1
t335,0.8679088167442901,0.4486534602463119,0.1
t336,0.4576380224923672,0.4486534602463119,0.1
t337,0.10466752723016373,0.1,0.1
t338,0.10466752723016373,0.1,0.1
t339,0.10466752723016373,0.1,0.1
t340,0.10466752723016373,0.1,0.1
t341,0.10466752723016373,0.1,0.1
t342,0.10466752723016373,0.1,0.1
t343,0.4508831843456565,0.44536862003780714,0.1
t344,0.45088318434565655,0.44536862003780714,0.1
t345,0.10466752723016373,0.10338738232812669,0.1
t346,0.10198489006280309,0.1,0.1
t347,0.10123820225757742,0.1,0.1
t348,0.10123820225757742,0.1,0.1
t349,0.10198489006280309,0.1,0.1
t350,0.10198489006280309,0.1,0.1
t351,0.10198489006280309,0.1,0.1
t352,0.10198489006280309,0.1,0.1
t353,0.10198489006280309,0.1,0.1
t354,0.45088318434565655,0.4453686200378071,0.1
t355,0.45088318434565655,0.4453686200378071,0.1
t356,0.45088318434565655,0.1,0.1
t357,0.45088318434565655,0.44536862003780714,0.1
t358,0.4508831843456565,0.44536862003780714,0.1
t359,0.45088318434565655,0.4453686200378071,0.1
t360,0.10466752723016373,0.1,0.1
t361,0.10466752723016373,0.1,0.1
t362,0.10466752723016373,0.1,0.1
t363,0.10466752723016373,0.1,0.1
t364,0.10466752723016373,0.10338738232812669,0.1
t365,0.45088318434565655,0.44536862003780714,0.1
t366,0.4508831843456565,0.44536862003780714,0.1
t367,0.4508831843456565,0.44536862003780714,0.1
t368,0.10466752723016373,0.10338738232812669,0.1
t369,0.10466752723016373,0.10338738232812669,0.10263042610107112
t370,0.10466752723016373,0.10338738232812669,0.10263042610107112
t371,0.10123820225757742,0.1,0.1
t372,0.10123820225757742,0.1,0.10324766927394854
t373,0.10123820225757742,0.1,0.1
t374,0.10123820225757742,0.1,0.1
t375,0.10198489006280309,0.1,0.1
t376,0.10466752723016373,0.1,0.10263042610107112
t377,0.10198489006280309,0.1,0.1
t378,0.45088318434565655,0.4453686200378071,0.1
t379,0.4508831843456565,0.44536862003780714,0.1
t380,0.4508831843456565,0.44536862003780714,0.1
t381,0.4508831843456565,0.44536862003780714,0.1
t382,0.45088318434565655,0.4453686200378071,0.1
t383,0.4508831843456565,0.44536862003780714,0.1
t384,0.45088318434565655,0.4453686200378071,0.1
t385,0.45088318434565655,0.4453686200378071,0.1
t386,0.45088318434565655,0.4453686200378071,0.1
t387,0.45088318434565655,0.4453686200378071,0.1
t388,0.10466752723016373,0.10338738232812669,0.1
t389,0.45088318434565655,0.4453686200378071,0.1
t390,0.45088318434565655,0.4453686200378071,0.1
t391,0.45088318434565655,0.4453686200378071,0.1
t392,0.45088318434565655,0.4453686200378071,0.1
t393,0.10466752723016373,0.10338738232812669,0.1
t394,0.10198489006280309,0.10073755537788583,0.1
t395,0.10123820225757742,0.1,0.1
t396,0.10198489006280309,0.1,0.1
t397,0.10198489006280309,0.1,0.1
t398,0.10198489006280309,0.1,0.1
t399,0.10198489006280309,0.1,0.1
t400,0.10466752723016373,0.1,0.10263042610107112
t401,0.10466752723016373,0.1,0.10263042610107112
t402,0.45088318434565655,0.4453686200378071,0.1
t403,0.4508831843456565,0.44536862003780714,0.1
t404,0.45088318434565655,0.44536862003780714,0.1
t405,0.45088318434565655,0.44536862003780714,0.1
t406,0.4508831843456565,0.44536862003780714,0.1
t407,0.45088318434565655,0.4453686200378071,0.1
t408,0.10466752723016373,0.10338738232812669,0.1
t409,0.10466752723016373,0.10338738232812669,0.1
t410,0.10466752723016373,0.1,0.1
t411,0.4508831843456565,0.44536862003780714,0.44536862003780714
t412,0.10466752723016373,0.10338738232812669,0.1
t413,0.45088318434565655,0.4453686200378071,0.1
t414,0.4508831843456565,0.44536862003780714,0.1
t415,0.4508831843456565,0.44536862003780714,0.1
t416,0.10466752723016373,0.10338738232812669,0.1
t417,0.10198489006280309,0.10073755537788583,0.1
t418,0.10198489006280309,0.1,0.1
t419,0.10198489006280309,0.1,0.1
t420,0.10123820225757742,0.1,0.1
t421,0.10123820225757742,0.1,0.1
t422,0.10198489006280309,0.1,0.1
t423,0.10198489006280309,0.1,0.1
t424,0.10198489006280309,0.1,0.1
t425,0.10466752723016373,0.1,0.1
t426,0.45088318434565655,0.44536862003780714,0.1
t427,0.4508831843456565,0.44536862003780714,0.1
t428,0.4508831843456565,0.44536862003780714,0.1
t429,0.4508831843456565,0.44536862003780714,0.1
t430,0.45088318434565655,0.1,0.1
t431,0.45088318434565655,0.1,0.1
t432,0.10466752723016373,0.1,0.1
t433,0.10466752723016373,0.1,0.1
t434,0.10466752723016373,0.1,0.1
t435,0.10466752723016373,0.1,0.1
t436,0.10466752723016373,0.1,0.1
t437,0.10466752723016373,0.1,0.1
t438,0.10466752723016373,0.1,0.1
t439,0.45088318434565655,0.4453686200378071,0.1
t440,0.10466752723016373,0.1,0.1
t441,0.10466752723016373,0.1,0.1
t442,0.10198489006280309,0.1,0.1
t443,0.10198489006280309,0.1,0.1
t444,0.10198489006280309,0.1,0.1
t445,0.10123820225757742,0.1,0.1
t446,0.10123820225757742,0.1,0.1
t447,0.10123820225757742,0.1,0.1
t448,0.10198489006280309,0.10073755537788583,0.1
t449,0.10198489006280309,0.1,0.1
t450,0.10466752723016373,0.1,0.1
t451,0.45088318434565655,0.4453686200378071,0.1
t452,0.4508831843456565,0.44536862003780714,0.1
t453,0.4508831843456565,0.44536862003780714,0.1
t454,0.45088318434565655,0.44536862003780714,0.1
t455,0.45088318434565655,0.4453686200378071,0.1
t456,0.45088318434565655,0.4453686200378071,0.1
t457,0.10466752723016373,0.1,0.1
t458,0.10466752723016373,0.1,0.1
t459,0.10466752723016373,0.1,0.1
t460,0.10466752723016373,0.1,0.1
t461,0.10466752723016373,0.1,0.10263042610107112
t462,0.10466752723016373,0.1,0.10263042610107112
t463,0.45088318434565655,0.4453686200378071,0.4421078299618691
t464,0.45088318434565655,0.4453686200378071,0.44536862003780714
t465,0.10466752723016373,0.1,0.10263042610107112
t466,0.10198489006280309,0.1,0.1
t467,0.10466752723016373,0.1,0.10263042610107112
t468,0.10466752723016373,0.1,0.10263042610107112
t469,0.10466752723016373,0.1,0.10674506257713694
t470,0.10123820225757742,0.1,0.10324766927394853
t471,0.10466752723016373,0.1,0.10674506257713694
t472,0.10466752723016373,0.10338738232812669,0.10263042610107112
t473,0.45088318434565655,0.4453686200378071,0.4421078299618691
t474,0.45088318434565655,0.44536862003780714,0.4421078299618691
t475,0.45088318434565655,0.44536862003780714,0.4421078299618691
t476,0.45088318434565655,0.44536862003780714,0.4421078299618691
t477,0.45088318434565655,0.44536862003780714,0.4421078299618691
t478,0.45088318434565655,0.44536862003780714,0.4421078299618691
t479,0.45088318434565655,0.44536862003780714,0.4421078299618691
t480,0.45088318434565655,0.44536862003780714,0.4421078299618691
t481,0.45088318434565655,0.44536862003780714,0.4421078299618691
t482,0.45088318434565655,0.44536862003780714,0.4421078299618691
t483,0.45088318434565655,0.4453686200378071,0.4421078299618691
t484,0.45088318434565655,0.4453686200378071,0.4421078299618691
t485,0.45088318434565655,0.44536862003780714,0.4421078299618691
t486,0.45088318434565655,0.44536862003780714,0.4421078299618691
t487,0.45088318434565655,0.44536862003780714,0.4421078299618691
t488,0.45088318434565655,0.44536862003780714,0.4421078299618691
t489,0.45088318434565655,0.44536862003780714,0.4421078299618691
t490,0.45088318434565655,0.44536862003780714,0.4421078299618691
t491,0.45088318434565655,0.4453686200378071,0.4421078299618691
t492,0.45088318434565655,0.4453686200378071,0.4421078299618691
t493,0.10466752723016373,0.10338738232812669,0.10263042610107112
t494,0.10466752723016373,0.10338738232812669,0.10263042610107112
t495,0.10466752723016373,0.10338738232812669,0.10263042610107112
t496,0.45088318434565655,0.4453686200378071,0.4421078299618691
t497,0.45088318434565655,0.44536862003780714,0.4421078299618691
t498,0.45088318434565655,0.44536862003780714,0.4421078299618691
t499,0.4542086975197808,0.448653460246312,0.44536862003780714
t500,0.4542086975197808,0.448653460246312,0.44536862003780714
t501,0.45088318434565655,0.44536862003780714,0.4421078299618691
t502,0.45088318434565655,0.44536862003780714,0.4421078299618691
t503,0.45088318434565655,0.4453686200378071,0.1
t504,0.10466752723016373,0.1,0.1
t505,0.10198489006280309,0.1,0.1
t506,0.10198489006280309,0.1,0.1
t507,0.10198489006280309,0.1,0.1
t508,0.10198489006280309,0.1,0.1
t509,0.10198489006280309,0.1,0.1
t510,0.10198489006280309,0.1,0.1
t511,0.4477137169929148,0.1,0.4390000486515299
t512,0.10198489006280309,0.1,0.1
t513,0.10198489006280309,0.1,0.1
t514,0.10198489006280309,0.1,0.1
t515,0.10198489006280309,0.1,0.1
t516,0.10198489006280309,0.1,0.1
t517,0.10198489006280309,0.1,0.1
t518,0.10198489006280309,0.1,0.1
t519,0.10198489006280309,0.1,0.1
t520,0.10198489006280309,0.1,0.1
t521,0.10198489006280309,0.1,0.1
t522,0.10198489006280309,0.1,0.1
t523,0.4477137169929148,0.1,0.1
t524,0.4508831843456565,0.44536862003780714,0.1
t525,0.4508831843456565,0.44536862003780714,0.1
t526,0.4508831843456565,0.44536862003780714,0.1
t527,0.44771371699291473,0.44223791711928057,0.1
t528,0.44771371699291473,0.44223791711928057,0.1
t529,0.10198489006280309,0.1,0.1
t530,0.10198489006280309,0.1,0.1
t531,0.10198489006280309,0.1,0.1
t532,0.10198489006280309,0.1,0.1
t533,0.10198489006280309,0.1,0.1
t534,0.10198489006280309,0.1,0.1
t535,0.10198489006280309,0.1,0.1
t536,0.10198489006280309,0.1,0.1
t537,0.10198489006280309,0.1,0.1
t538,0.10198489006280309,0.1,0.1
t539,0.10123820225757742,0.1,0.1
t540,0.10123820225757742,0.1,0.1
t541,0.10198489006280309,0.1,0.1
t542,0.10198489006280309,0.1,0.1
t543,0.10198489006280309,0.1,0.1
t544,0.10198489006280309,0.1,0.1
t545,0.10198489006280309,0.1,0.1
t546,0.4477137169929148,0.4422379171192807,0.4390000486515299
t547,0.45088318434565655,0.44536862003780714,0.4421078299618691
t548,0.45088318434565655,0.44536862003780714,0.4421078299618691
t549,0.4477137169929148,0.1,0.4390000486515299
t550,0.4477137169929148,0.1,0.4390000486515299
t551,0.45088318434565655,0.44536862003780714,0.4421078299618691
t552,0.45088318434565655,0.44536862003780714,0.4421078299618691
t553,0.45088318434565655,0.44536862003780714,0.4421078299618691
t554,0.4477137169929148,0.4422379171192806,0.4390000486515299
t555,0.4477137169929148,0.1,0.4390000486515299
t556,0.4477137169929148,0.4422379171192806,0.4390000486515299
t557,0.4477137169929148,0.1,0.4390000486515299
t558,0.4477137169929148,0.1,0.4390000486515299
t559,0.4542086975197808,0.1,0.44536862003780714
t560,0.4477137169929148,0.1,0.44536862003780714
t561,0.43670059335608025,0.1,0.44536862003780714
t562,0.10198489006280309,0.1,0.10400917801122031
t563,0.10198489006280309,0.1,0.10400917801122031
t564,0.10198489006280309,0.1,0.10400917801122031
t565,0.10198489006280309,0.1,0.10400917801122031
t566,0.10198489006280309,0.1,0.1
t567,0.10198489006280309,0.1,0.1
t568,0.10198489006280309,0.1,0.1
t569,0.10198489006280309,0.1,0.1
t570,0.4477137169929148,0.1,0.4390000486515299
t571,0.4508831843456565,0.44536862003780714,0.1
t572,0.45088318434565655,0.44536862003780714,0.4421078299618691
t573,0.4508831843456565,0.44536862003780714,0.1
t574,0.4508831843456565,0.44536862003780714,0.1
t575,0.44771371699291473,0.44223791711928073,0.1
t576,0.44771371699291473,0.44223791711928073,0.1
t577,0.10198489006280309,0.10073755537788583,0.1
t578,0.10198489006280309,0.10073755537788583,0.1
t579,0.10198489006280309,0.10073755537788583,0.1
t580,0.10198489006280309,0.1,0.1
t581,0.10198489006280309,0.1,0.1
t582,0.10198489006280309,0.1,0.1
t583,0.10198489006280309,0.1,0.1
t584,0.10198489006280309,0.1,0.1
t585,0.10198489006280309,0.1,0.1
t586,0.10198489006280309,0.1,0.1
t587,0.10198489006280309,0.1,0.1
t588,0.10198489006280309,0.1,0.1
t589,0.10198489006280309,0.1,0.1
t590,0.10198489006280309,0.1,0.1
t591,0.10198489006280309,0.1,0.1
t592,0.10198489006280309,0.1,0.1
t593,0.10198489006280309,0.1,0.1
t594,0.4477137169929148,0.1,0.4390000486515299
t595,0.4542086975197808,0.448653460246312,0.44536862003780714
t596,0.4542086975197808,0.448653460246312,0.44536862003780714
t597,0.4542086975197808,0.448653460246312,0.44536862003780714
t598,0.4542086975197808,0.448653460246312,0.44536862003780714
t599,0.45088318434565655,0.44536862003780714,0.4421078299618691
t600,0.45088318434565655,0.44536862003780714,0.4421078299618691
t601,0.4477137169929148,0.4422379171192807,0.4390000486515299
t602,0.10198489006280306,0.1,0.1
t603,0.10198489006280309,0.1,0.1
t604,0.10198489006280309,0.1,0.1
t605,0.10198489006280309,0.1,0.1
t606,0.10198489006280309,0.1,0.1
t607,0.10198489006280309,0.1,0.1
t608,0.10198489006280309,0.1,0.1
t609,0.10198489006280306,0.10073755537788585,0.09999999999999998
t610,0.10198489006280306,0.1,0.1
t611,0.10123820225757742,0.1,0.1
t612,0.10123820225757742,0.1,0.1
t613,0.10123820225757742,0.1,0.1
t614,0.10123820225757742,0.1,0.1
t615,0.10123820225757742,0.1,0.1
t616,0.10198489006280306,0.1,0.1
t617,0.10198489006280306,0.1,0.1
t618,0.10198489006280309,0.1,0.1
t619,0.10198489006280309,0.1,0.1
t620,0.44771371699291473,0.44223791711928073,0.1
t621,0.4477137169929148,0.1,0.1
t622,0.4477137169929148,0.1,0.1
t623,0.10198489006280309,0.1,0.1
t624,0.10198489006280309,0.1,0.1
t625,0.10198489006280309,0.1,0.1
t626,0.10198489006280309,0.1,0.1
t627,0.10198489006280309,0.1,0.1
t628,0.10198489006280309,0.1,0.1
t629,0.10198489006280309,0.1,0.1
t630,0.10198489006280309,0.1,0.1
t631,0.10198489006280309,0.10073755537788583,0.1
t632,0.10198489006280306,0.1,0.1
t633,0.10198489006280306,0.1,0.1
t634,0.10123820225757742,0.1,0.1
t635,0.10123820225757742,0.1,0.1
t636,0.10123820225757742,0.1,0.1
t637,0.10123820225757742,0.1,0.1
t638,0.10123820225757742,0.1,0.1
t639,0.10123820225757742,0.1,0.1
t640,0.10198489006280306,0.1,0.1
t641,0.10198489006280309,0.1,0.1
t642,0.10198489006280309,0.1,0.1
t643,0.10198489006280309,0.1,0.1
t644,0.4477137169929148,0.1,0.1
t645,0.4477137169929148,0.1,0.1
t646,0.10198489006280309,0.1,0.1
t647,0.10198489006280309,0.1,0.1
t648,0.10198489006280306,0.1,0.1
t649,0.10198489006280309,0.1,0.1
t650,0.10198489006280309,0.1,0.1
t651,0.10198489006280309,0.1,0.1
t652,0.10198489006280309,0.1,0.1
t653,0.10198489006280309,0.1,0.1
t654,0.10198489006280309,0.10073755537788583,0.1
t655,0.44771371699291473,0.44536862003780714,0.1
t656,0.10198489006280309,0.10073755537788583,0.1
t657,0.10198489006280306,0.1,0.1
t658,0.10123820225757742,0.1,0.1
t659,0.10123820225757742,0.1,0.1
t660,0.10123820225757742,0.1,0.1
t661,0.10198489006280306,0.1,0.1
t662,0.10198489006280306,0.1,0.1
t663,0.10198489006280306,0.1,0.1
t664,0.10198489006280309,0.1,0.1
t665,0.10198489006280309,0.1,0.1
t666,0.10198489006280309,0.1,0.1
t667,0.44771371699291473,0.44223791711928073,0.1
t668,0.4508831843456565,0.44536862003780714,0.1
t669,0.4508831843456565,0.44536862003780714,0.1
t670,0.45088318434565655,0.44536862003780714,0.4421078299618691
t671,0.45088318434565655,0.44536862003780714,0.4421078299618691
t672,0.44771371699291473,0.44223791711928073,0.1
t673,20.100950315352087,19.855103969754257,0.1
t674,20.10095031535208,19.85510396975425,16.405358661555645
t675,20.10095031535208,19.85510396975425,16.405358661555645
t676,20.10095031535208,19.85510396975425,0.1
t677,20.10095031535208,19.85510396975425,0.1
t678,20.10095031535208,19.85510396975425,0.1
t679,20.10095031535208,19.85510396975425,0.1
t680,20.10095031535208,19.855103969754264,0.1
t681,16.736484346914004,16.5284,0.1
t682,0.10198489006280309,0.1,0.1
t683,16.733055021941425,16.5284,0.1
t684,0.10198489006280309,0.10073755537788583,0.1
t685,0.10198489006280309,0.1,0.1
t686,16.730986995396066,0.1,16.405358661555645
t687,16.733055021941425,16.5284,16.405358661555645
t688,16.736484346914004,16.5284,16.405358661555645
t689,16.736484346914004,16.5284,16.405358661555645
t690,16.736484346914004,16.5284,16.405358661555645
t691,20.100950315352087,16.5284,16.405358661555645
t692,20.10095031535208,19.85510396975425,19.709733768378598
t693,20.100950315352087,16.5284,16.405358661555645
t694,20.10095031535208,19.85510396975425,16.405358661555645
t695,20.10095031535208,19.855103969754264,16.405358661555645
t696,16.736484346914004,16.531787382328123,16.405358661555645
t697,16.736484346914004,16.5284,16.405358661555645
t698,16.736484346914004,16.5284,16.405358661555645
t699,16.736484346914004,16.531787382328123,16.405358661555645
t700,16.736484346914004,16.5284,16.405358661555645
t701,16.736484346914004,16.5284,16.405358661555645
t702,16.736484346914004,16.531787382328123,16.405358661555645
t703,20.10095031535208,19.855103969754264,16.405358661555645
t704,20.100950315352083,19.855103969754254,19.709733768378598
t705,16.733055021941425,16.5284,16.405358661555645
t706,16.733055021941425,16.5284,16.405358661555645
t707,16.733055021941425,16.5284,16.405358661555645
t708,16.733055021941425,16.5284,16.405358661555645
t709,16.733055021941425,16.5284,16.405358661555645
t710,16.733055021941425,16.5284,16.405358661555645
t711,16.733055021941425,16.5284,16.405358661555645
t712,16.733055021941425,16.5284,16.405358661555645
t713,16.736484346914004,16.5284,16.405358661555645
t714,20.100950315352083,19.85510396975425,19.709733768378598
t715,20.10095031535208,19.85510396975425,19.709733768378598
t716,20.100950315352087,19.85510396975425,19.709733768378598
t717,20.10095031535208,19.85510396975425,19.709733768378598
t718,20.10095031535208,19.85510396975425,19.709733768378598
t719,20.100950315352083,19.85510396975425,19.709733768378598
t720,20.10095031535208,19.85510396975425,19.709733768378598
t721,20.10095031535208,19.85510396975425,19.709733768378598
t722,20.10095031535208,19.85510396975425,19.709733768378598
t723,20.100950315352087,19.85510396975425,19.709733768378598
t724,20.100950315352087,19.85510396975425,19.709733768378598
t725,20.100950315352087,19.85510396975425,19.709733768378598
t726,20.10095031535208,19.85510396975425,19.709733768378598
t727,20.10095031535208,19.85510396975425,19.709733768378598
t728,20.100950315352083,19.85510396975425,19.709733768378598
t729,20.100950315352083,19.855103969754254,19.709733768378598
t730,16.736484346914004,16.531787382328123,16.410749020376986
t731,16.736484346914004,16.5284,16.410749020376986
t732,16.736484346914004,16.5284,16.410749020376986
t733,16.736484346914004,16.5284,16.410749020376986
t734,16.736484346914004,16.5284,16.410749020376986
t735,16.736484346914004,16.5284,16.410749020376986
t736,20.100950315352083,19.855103969754254,19.709733768378598
t737,20.100950315352083,19.855103969754254,19.709733768378598
t738,20.10095031535208,19.85510396975425,19.709733768378598
t739,20.10095031535208,19.85510396975425,19.709733768378598
t740,20.10095031535208,19.85510396975425,19.709733768378598
t741,20.10095031535208,19.85510396975425,19.709733768378598
t742,20.100950315352087,19.85510396975425,19.709733768378598
t743,20.100950315352083,19.85510396975425,19.709733768378598
t744,20.10095031535208,19.85510396975425,19.709733768378598
t745,20.100950315352083,19.85510396975425,19.709733768378598
t746,20.100950315352087,19.85510396975425,19.709733768378598
t747,20.100950315352087,19.85510396975425,19.709733768378598
t748,20.10095031535208,19.85510396975425,19.709733768378598
t749,20.10095031535208,19.85510396975425,19.709733768378598
t750,20.10095031535208,19.85510396975425,19.709733768378598
t751,20.100950315352083,19.855103969754254,19.709733768378598
t752,20.100950315352083,19.855103969754254,19.709733768378598
t753,20.100950315352083,19.855103969754254,19.709733768378598
t754,19.326131308511677,16.5284,19.709733768378598
t755,16.736484346914004,16.5284,17.068685161578497
t756,16.736484346914004,16.5284,17.068685161578497
t757,16.736484346914004,16.5284,17.068685161578497
t758,16.736484346914004,16.5284,17.068685161578497
t759,19.326131308511677,16.5284,19.709733768378598
t760,20.100950315352083,16.5284,19.709733768378598
t761,20.100950315352083,19.855103969754254,19.709733768378598
t762,20.10095031535208,19.85510396975425,19.709733768378598
t763,20.10095031535208,19.85510396975425,19.709733768378598
t764,20.10095031535208,19.85510396975425,19.709733768378598
t765,20.10095031535208,19.85510396975425,19.709733768378598
t766,20.10095031535208,19.85510396975425,16.405358661555645
t767,20.10095031535208,19.85510396975425,16.405358661555645
t768,20.10095031535208,19.85510396975425,16.405358661555645
t769,20.10095031535208,19.85510396975425,19.709733768378598
t770,20.100950315352087,19.85510396975425,16.405358661555645
t771,20.100950315352083,19.85510396975425,19.709733768378598
t772,20.10095031535208,19.85510396975425,19.709733768378598
t773,20.10095031535208,19.85510396975425,16.405358661555645
t774,20.100950315352087,19.855103969754257,16.405358661555645
t775,20.10095031535208,19.85510396975425,19.709733768378598
t776,20.100950315352083,19.855103969754254,19.709733768378598
t777,20.100950315352083,19.855103969754254,19.709733768378598
t778,16.736484346914004,16.5284,17.068685161578497
t779,16.736484346914004,16.5284,17.068685161578497
t780,16.736484346914004,16.5284,16.41074902037699
t781,16.736484346914004,16.5284,16.41074902037699
t782,16.736484346914004,16.5284,16.41074902037699
t783,16.73305502194142,16.5284,16.405358661555645
t784,16.736484346914004,16.5284,16.405358661555645
t785,16.736484346914004,16.5284,16.41074902037699
t786,20.100950315352087,16.5284,19.709733768378598
t787,20.100950315352087,19.85510396975425,19.709733768378598
t788,20.100950315352087,16.5284,19.709733768378598
t789,20.100950315352087,16.5284,19.709733768378598
t790,20.100950315352087,19.85510396975425,19.709733768378598
t791,20.100950315352087,19.85510396975425,19.709733768378598
t792,20.100950315352083,16.5284,19.709733768378598
t793,20.100950315352083,16.5284,19.709733768378598
t794,16.736484346914004,16.5284,16.405358661555645
t795,16.736484346914004,16.5284,16.405358661555645
t796,16.736484346914004,16.5284,16.405358661555645
t797,16.736484346914004,16.5284,16.405358661555645
t798,16.733055021941425,16.5284,16.405358661555645
t799,16.736484346914004,16.531787382328123,16.405358661555645
t800,16.736484346914004,16.531787382328123,16.405358661555645
t801,16.733055021941425,16.5284,16.405358661555645
t802,16.733055021941425,16.5284,16.405358661555645
t803,16.733055021941425,16.5284,16.405358661555645
t804,16.733055021941425,16.5284,16.405358661555645
t805,16.733055021941425,16.5284,16.405358661555645
t806,16.733055021941425,16.5284,16.405358661555645
t807,16.733055021941425,16.5284,16.405358661555645
t808,16.733055021941425,16.5284,16.405358661555645
t809,16.736484346914004,16.531787382328123,16.405358661555645
t810,16.736484346914004,16.531787382328123,16.405358661555645
t811,20.10095031535208,19.85510396975425,16.405358661555645
t812,20.10095031535208,19.85510396975425,19.709733768378598
t813,20.10095031535208,19.85510396975425,19.709733768378598
t814,20.10095031535208,19.85510396975425,19.709733768378598
t815,20.10095031535208,19.85510396975425,16.405358661555645
t816,20.10095031535208,19.85510396975425,16.405358661555645
t817,20.10095031535208,19.85510396975425,16.405358661555645
t818,20.100950315352083,19.85510396975425,19.709733768378598
t819,20.10095031535208,19.85510396975425,19.709733768378598
t820,20.10095031535208,19.85510396975425,16.405358661555645
t821,20.100950315352087,19.85510396975425,16.405358661555645
t822,20.100950315352087,19.855103969754257,16.405358661555645
t823,20.10095031535208,19.85510396975425,19.709733768378598
t824,20.100950315352083,19.855103969754254,19.709733768378598
t825,16.736484346914004,16.531787382328123,17.068685161578497
t826,16.736484346914004,16.5284,16.410749020376986
t827,16.73305502194142,16.5284,16.407386438949025
t828,16.73305502194142,16.5284,16.407386438949025
t829,16.73305502194142,16.5284,16.407386438949025
t830,16.73305502194142,16.5284,16.407386438949025
t831,16.736484346914004,16.5284,16.410749020376986
t832,16.736484346914004,16.5284,17.068685161578497
t833,20.100950315352083,16.5284,19.709733768378598
t834,20.10095031535208,19.85510396975425,19.709733768378598
t835,20.100950315352087,16.5284,19.709733768378598
t836,20.100950315352087,19.85510396975425,19.709733768378598
t837,20.100950315352087,19.85510396975425,16.405358661555645
t838,20.10095031535208,19.85510396975425,19.709733768378598
t839,20.10095031535208,19.85510396975425,16.405358661555645
t840,20.100950315352087,19.855103969754257,19.709733768378598
t841,20.118899999999996,19.872834119290335,19.727334105680384
t842,20.118899999999996,19.872834119290335,19.72733410568038
t843,20.118899999999996,19.872834119290335,16.42025558704788
t844,20.118899999999996,19.872834119290335,16.42025558704788
t845,20.118899999999996,19.872834119290335,16.42025558704788
t846,16.751676959999998,16.546794180895468,16.42564594586922
t847,20.118899999999996,19.872834119290335,19.72733410568038
t848,20.118899999999996,19.872834119290335,19.72733410568038
t849,16.751676959999998,16.546794180895468,16.42564594586922
t850,16.751676959999998,16.543406798567343,16.42564594586922
t851,16.748247635027415,16.543406798567343,16.42228336444126
t852,16.748247635027415,16.543406798567343,16.42228336444126
t853,16.748247635027415,16.543406798567343,16.42228336444126
t854,16.751676959999998,16.543406798567343,16.42564594586922
t855,16.751676959999998,16.543406798567343,16.42564594586922
t856,16.748247635027415,16.543406798567343,16.42228336444126
t857,16.751676959999998,16.546794180895468,16.42025558704788
t858,20.118899999999996,19.872834119290335,16.42025558704788
t859,20.118899999999996,19.872834119290335,16.42025558704788
t860,16.751676959999998,16.543406798567343,16.42025558704788
t861,20.118899999999996,19.872834119290335,16.42025558704788
t862,20.118899999999996,19.872834119290335,16.42025558704788
t863,20.118899999999996,19.872834119290335,19.727334105680384
t864,20.118899999999996,19.872834119290335,16.42025558704788
t865,20.118899999999996,19.872834119290335,16.42025558704788
t866,20.118899999999996,19.872834119290335,16.42025558704788
t867,16.751676959999998,16.546794180895468,16.42025558704788
t868,20.118899999999996,19.872834119290335,19.727334105680388
t869,20.118899999999996,19.872834119290335,19.72733410568038
t870,20.118899999999996,19.872834119290335,19.72733410568038
t871,20.118899999999996,19.872834119290335,19.727334105680384
t872,20.118899999999996,19.872834119290335,19.727334105680388
t873,20.118899999999996,19.872834119290335,19.727334105680384
t874,16.751676959999998,16.543406798567343,16.42564594586922
t875,16.751676959999998,16.543406798567343,16.42564594586922
t876,16.748247635027415,16.543406798567343,16.42228336444126
t877,16.748247635027415,16.543406798567343,16.42228336444126
t878,16.748247635027415,16.543406798567343,16.42228336444126
t879,16.748247635027415,16.543406798567343,16.42025558704788
t880,16.748247635027415,16.543406798567343,16.42025558704788
t881,16.751676959999998,16.546794180895468,16.42025558704788
t882,20.118899999999996,19.872834119290335,16.42025558704788
t883,20.118899999999996,19.872834119290335,16.42025558704788
t884,20.118899999999996,19.872834119290335,16.42025558704788
t885,20.118899999999996,19.872834119290335,16.42025558704788
t886,20.118899999999996,19.872834119290335,16.42025558704788
t887,20.118899999999996,19.872834119290335,19.727334105680384
t888,16.751676959999998,16.543406798567343,16.42025558704788
t889,16.751676959999998,16.543406798567343,16.42025558704788
t890,16.751676959999998,16.543406798567343,16.42025558704788
t891,16.751676959999998,16.543406798567343,16.42025558704788
t892,16.751676959999998,16.543406798567343,16.42025558704788
t893,16.751676959999998,16.543406798567343,16.42025558704788
t894,16.751676959999998,16.543406798567343,16.42025558704788
t895,16.751676959999998,16.546794180895468,16.42025558704788
t896,16.751676959999998,16.543406798567343,16.42564594586922
t897,16.751676959999998,16.543406798567343,16.42564594586922
t898,16.751676959999998,16.543406798567343,16.42564594586922
t899,16.748247635027415,16.543406798567343,16.42228336444126
t900,16.751676959999998,16.543406798567343,16.42025558704788
t901,16.751676959999998,16.543406798567343,16.42564594586922
t902,16.751676959999998,16.543406798567343,16.42564594586922
t903,16.751676959999998,16.543406798567343,16.42025558704788
t904,20.118899999999996,16.543406798567343,16.42025558704788
t905,20.118899999999996,16.543406798567343,16.42025558704788
t906,20.118899999999996,19.872834119290335,19.727334105680384
t907,20.118899999999996,19.872834119290335,19.727334105680384
t908,27.998201913599985,19.872834119290335,19.727334105680384
t909,20.118899999999996,19.872834119290335,19.727334105680384
t910,20.118899999999996,19.872834119290335,16.42025558704788
t911,20.118899999999996,19.872834119290335,16.42025558704788
t912,20.118899999999996,19.872834119290335,16.42025558704788
t913,20.118899999999996,19.872834119290335,16.42025558704788
t914,20.118899999999996,16.543406798567343,16.42025558704788
t915,16.751676959999998,16.543406798567343,16.42025558704788
t916,16.751676959999998,16.543406798567343,16.42025558704788
t917,16.751676959999998,16.543406798567343,16.42025558704788
t918,16.751676959999998,16.543406798567343,16.42025558704788
t919,20.118899999999996,19.872834119290335,19.727334105680384
t920,20.118899999999996,16.543406798567343,19.727334105680384
t921,20.118899999999996,16.543406798567343,19.727334105680388
t922,20.118899999999996,16.543406798567343,19.727334105680384
t923,16.751676959999998,16.543406798567343,16.42564594586922
t924,20.118899999999996,16.543406798567343,19.727334105680384
t925,20.118899999999996,16.543406798567343,19.727334105680384
t926,20.118899999999996,16.543406798567343,19.727334105680384
t927,20.118899999999996,16.543406798567343,19.727334105680384
t928,20.118899999999996,19.872834119290335,19.727334105680384
t929,20.118899999999996,19.872834119290335,19.727334105680384
t930,20.118899999999996,19.872834119290335,19.727334105680384
t931,20.118899999999996,19.872834119290335,19.727334105680384
t932,20.118899999999996,19.872834119290335,19.727334105680384
t933,27500.000000000004,27163.658961498113,19.727334105680384
t934,20.118899999999996,19.872834119290335,19.727334105680384
t935,20.118899999999996,19.872834119290335,19.727334105680384
t936,20.118899999999996,19.872834119290335,19.727334105680384
t937,20.118899999999996,19.872834119290335,19.72733410568038
t938,20.118899999999996,19.872834119290335,19.72733410568038
t939,20.118899999999996,19.872834119290335,16.42025558704788
t940,16.751676959999998,16.543406798567343,16.42025558704788
t941,16.751676959999998,16.546794180895468,16.42025558704788
t942,16.751676959999998,16.546794180895468,16.42025558704788
t943,20.118899999999996,19.872834119290335,19.727334105680384
t944,20.118899999999996,19.872834119290335,19.72733410568038
t945,20.118899999999996,19.872834119290335,19.72733410568038
t946,20.118899999999996,16.543406798567343,19.727334105680384
t947,20.118899999999996,16.543406798567343,19.72733410568038
t948,20.118899999999996,16.543406798567343,19.727334105680384
t949,20.118899999999996,19.872834119290335,19.72733410568038
t950,20.118899999999996,19.872834119290335,19.727334105680384
t951,20.118899999999996,19.872834119290335,16.42025558704788
t952,20.118899999999996,19.872834119290335,16.42025558704788
t953,20.118899999999996,19.872834119290335,16.42025558704788
t954,20.118899999999996,19.872834119290335,16.42025558704788
t955,20.118899999999996,19.872834119290335,19.727334105680384
t956,24.84648114815999,24.542594192796727,19.727334105680384
t957,20.118899999999996,19.872834119290335,19.727334105680384
t958,20.118899999999996,19.872834119290335,19.727334105680384
t959,20.118899999999996,19.872834119290335,19.72733410568038
t960,20.118899999999996,19.872834119290335,16.42025558704788
t961,20.118899999999996,16.543406798567343,19.727334105680384
t962,20.118899999999996,16.543406798567343,19.727334105680384
t963,20.118899999999996,16.543406798567343,19.727334105680384
t964,20.118899999999996,16.543406798567343,19.727334105680384
t965,20.118899999999996,16.543406798567343,19.727334105680384
t966,20.118899999999996,16.543406798567343,19.727334105680384
t967,20.118899999999996,16.543406798567343,19.727334105680384
t968,20.118899999999996,16.543406798567343,19.727334105680384
t969,20.118899999999996,16.543406798567343,19.727334105680384
t970,16.751676959999998,16.543406798567343,17.084179331331907
t971,16.751676959999998,16.543406798567343,17.084179331331907
t972,16.751676959999998,16.543406798567343,16.42564594586922
t973,16.748247635027415,16.543406798567343,16.42228336444126
t974,16.751676959999998,16.543406798567343,16.42564594586922
t975,16.751676959999998,16.543406798567343,16.42564594586922
t976,20.118899999999996,16.543406798567343,19.727334105680384
t977,16.751676959999998,16.5284,16.42025558704788
t978,20.118899999999996,16.543406798567343,16.42025558704788
t979,20.118899999999996,16.543406798567343,19.727334105680384
t980,20.1189,19.872834119290335,19.727334105680384
t981,20.1189,19.872834119290335,19.727334105680384
t982,20.1189,19.872834119290335,19.727334105680384
t983,20.118899999999996,19.872834119290335,19.727334105680384
t984,20.118899999999996,16.543406798567343,19.727334105680384
t985,16.751676959999994,16.543406798567343,16.42025558704788
t986,16.751676959999994,16.543406798567343,16.42025558704788
t987,16.751676959999994,16.543406798567343,16.42025558704788
t988,16.751676959999994,16.543406798567343,16.42025558704788
t989,16.751676959999994,16.543406798567343,16.42025558704788
t990,11.512770573210684,11.371962674642402,11.288702244147178
t991,16.751676959999994,16.54679418089547,16.42025558704788
t992,16.748247635027415,16.543406798567343,16.42025558704788
t993,16.748247635027415,16.543406798567343,16.42025558704788
t994,16.748247635027415,16.543406798567343,16.42025558704788
t995,16.748247635027415,16.543406798567343,16.42025558704788
t996,16.74617960848206,16.54136406519275,16.42025558704788
t997,16.74617960848206,16.54136406519275,16.42025558704788
t998,16.748247635027415,16.543406798567343,16.42025558704788
t999,16.748247635027415,16.543406798567343,16.42228336444126
t1000,16.751676959999994,16.54679418089547,16.425645945869224
t1001,20.118899999999996,19.872834119290335,19.72733410568038
t1002,20.118899999999996,19.872834119290335,19.727334105680384
t1003,20.118899999999996,19.872834119290335,19.727334105680384
t1004,20.118899999999996,19.872834119290335,19.727334105680384
t1005,20.118899999999996,19.872834119290335,19.727334105680384
t1006,20.118899999999996,19.872834119290335,19.727334105680384
t1007,20.118899999999996,19.872834119290335,19.727334105680384
t1008,20.118899999999996,19.872834119290335,19.72733410568038
t1009,18.595638313860114,18.368202811965954,17.098554813113633
t1010,18.595638313860114,18.368202811965954,17.098554813113633
t1011,18.595638313860114,18.364815429637833,17.098554813113633
t1012,18.595638313860114,18.364815429637833,17.098554813113633
t1013,18.595638313860114,18.364815429637833,17.098554813113633
t1014,18.595638313860114,18.364815429637833,17.098554813113633
t1015,22.29749328197083,22.0247819348273,17.098554813113633
t1016,20.9362,20.680138063626064,20.5287273311834
t1017,20.9362,20.680138063626064,20.5287273311834
t1018,20.9362,20.680138063626064,20.5287273311834
t1019,20.9362,20.680138063626064,20.5287273311834
t1020,18.595638313860114,18.364815429637833,18.23371903662276
t1021,18.592208988887528,18.364815429637833,17.098554813113633
t1022,18.592208988887528,18.364815429637833,17.098554813113633
t1023,18.595638313860114,18.364815429637833,17.098554813113633
t1024,18.595638313860114,18.364815429637833,17.098554813113633
t1025,22.29749328197083,22.024781934827306,17.098554813113633
t1026,22.29749328197083,22.024781934827306,17.098554813113633
t1027,22.29749328197083,22.024781934827306,17.098554813113633
t1028,22.29749328197083,22.024781934827306,17.098554813113633
t1029,22.29749328197083,22.024781934827306,17.098554813113633
t1030,22.29749328197083,22.024781934827306,17.098554813113633
t1031,22.29749328197083,22.024781934827306,0.10000000000000002
t1032,22.29749328197083,22.024781934827306,17.098554813113633
t1033,22.29749328197083,22.024781934827306,17.098554813113633
t1034,22.29749328197083,22.024781934827306,17.098554813113633
t1035,22.29749328197083,22.024781934827306,17.098554813113633
t1036,22.29749328197083,22.024781934827306,17.098554813113633
t1037,22.29749328197083,22.024781934827306,20.5287273311834
t1038,22.29749328197083,22.024781934827306,20.5287273311834
t1039,20.9362,18.364815429637833,20.5287273311834
t1040,20.9362,20.68013806362606,20.5287273311834
t1041,20.9362,20.68013806362606,20.5287273311834
t1042,20.9362,18.364815429637833,20.5287273311834
t1043,20.9362,0.10000000000000002,20.5287273311834
t1044,18.595638313860114,0.10000000000000002,17.098554813113633
t1045,18.595638313860114,0.10000000000000002,17.098554813113633
t1046,18.595638313860114,0.10000000000000002,17.098554813113633
t1047,18.595638313860114,0.10000000000000002,17.098554813113633
t1048,20.9362,0.10000000000000002,17.098554813113633
t1049,20.9362,18.364815429637833,17.098554813113633
t1050,22.29749328197083,18.364815429637833,17.098554813113633
t1051,22.29749328197083,18.364815429637833,17.098554813113633
t1052,22.29749328197083,18.364815429637833,0.10000000000000002
t1053,22.29749328197083,18.364815429637833,0.10000000000000002
t1054,22.29749328197083,18.364815429637833,0.10000000000000002
t1055,20.9362,18.364815429637833,0.10000000000000002
t1056,18.595638313860114,18.364815429637833,0.10000000000000002
t1057,18.595638313860114,18.364815429637833,0.10000000000000002
t1058,18.595638313860114,18.364815429637833,0.10000000000000002
t1059,18.595638313860114,18.364815429637833,0.10000000000000002
t1060,18.595638313860114,18.368202811965954,0.10000000000000002
t1061,18.595638313860114,18.364815429637833,0.10000000000000002
t1062,18.592208988887528,18.364815429637833,0.10000000000000002
t1063,18.595638313860114,18.368202811965954,0.10000000000000002
t1064,18.595638313860114,18.364815429637833,17.098554813113633
t1065,17.43794232848206,17.224666123678507,17.098554813113633
t1066,17.43794232848206,0.10000000000000002,17.098554813113633
t1067,0.10198489006280309,0.10000000000000002,0.10000000000000002
t1068,0.10198489006280309,0.10000000000000002,0.10000000000000002
t1069,0.10198489006280309,0.10000000000000002,0.10000000000000002
t1070,0.10198489006280309,0.10073755537788583,0.10000000000000002
t1071,0.10198489006280309,0.10000000000000002,0.10000000000000002
t1072,18.592208988887528,18.364815429637833,17.098554813113633
t1073,18.595638313860114,18.364815429637833,17.098554813113633
t1074,20.9362,18.364815429637833,20.528727331183404
t1075,22.29749328197083,22.024781934827306,20.5287273311834
t1076,22.29749328197083,22.024781934827306,20.5287273311834
t1077,22.29749328197083,22.024781934827306,20.5287273311834
t1078,22.29749328197083,22.024781934827306,17.098554813113633
t1079,22.29749328197083,22.024781934827306,17.098554813113633
t1080,22.29749328197083,22.024781934827306,20.5287273311834
t1081,22.29749328197083,22.024781934827306,20.5287273311834
t1082,20.9362,20.68013806362606,20.528727331183404
t1083,20.9362,20.68013806362606,20.528727331183404
t1084,20.9362,18.364815429637833,20.5287273311834
t1085,20.9362,20.680138063626064,20.5287273311834
t1086,20.9362,18.364815429637833,20.5287273311834
t1087,20.9362,18.364815429637833,20.528727331183404
t1088,20.9362,18.364815429637833,20.528727331183404
t1089,20.9362,20.680138063626064,20.5287273311834
t1090,20.9362,18.364815429637833,20.5287273311834
t1091,20.9362,18.364815429637833,20.5287273311834
t1092,20.9362,18.364815429637833,20.528727331183404
t1093,20.9362,18.364815429637833,20.5287273311834
t1094,20.9362,18.364815429637833,20.528727331183404
t1095,20.9362,20.680138063626064,20.5287273311834
t1096,20.9362,18.364815429637833,20.5287273311834
t1097,20.9362,18.364815429637833,20.5287273311834
t1098,22.29749328197083,22.0247819348273,20.5287273311834
t1099,22.29749328197083,22.024781934827306,20.5287273311834
t1100,22.29749328197083,22.024781934827306,20.5287273311834
t1101,22.29749328197083,22.024781934827306,20.5287273311834
t1102,22.29749328197083,22.024781934827306,20.5287273311834
t1103,22.29749328197083,22.024781934827306,20.5287273311834
t1104,22.29749328197083,22.024781934827306,20.5287273311834
t1105,20.9362,18.364815429637833,20.5287273311834
t1106,22.29749328197083,22.0247819348273,20.5287273311834
t1107,20.9362,20.680138063626064,20.5287273311834
t1108,22.29749328197083,22.024781934827306,20.5287273311834
t1109,22.29749328197083,22.024781934827306,20.5287273311834
t1110,22.29749328197083,22.024781934827306,20.5287273311834
t1111,22.29749328197083,22.0247819348273,20.5287273311834
t1112,22.29749328197083,22.0247819348273,20.5287273311834
t1113,20.9362,20.680138063626064,20.5287273311834
t1114,20.9362,20.680138063626064,20.5287273311834
t1115,20.9362,20.680138063626064,20.5287273311834
t1116,20.9362,20.680138063626064,20.5287273311834
t1117,20.9362,20.680138063626064,20.5287273311834
t1118,20.9362,20.680138063626064,20.5287273311834
t1119,20.9362,20.680138063626064,20.5287273311834
t1120,20.9362,20.680138063626064,20.5287273311834
t1121,22.29749328197083,22.024781934827306,20.5287273311834
t1122,22.29749328197083,22.024781934827306,20.5287273311834
t1123,22.29749328197083,22.024781934827306,20.5287273311834
t1124,22.29749328197083,22.024781934827306,17.098554813113633
t1125,22.29749328197083,22.024781934827306,20.5287273311834
t1126,22.29749328197083,22.024781934827306,17.098554813113633
t1127,22.29749328197083,22.024781934827306,17.098554813113633
t1128,22.29749328197083,22.024781934827306,17.098554813113633
t1129,22.29749328197083,22.024781934827306,17.098554813113633
t1130,20.9362,20.68013806362606,17.098554813113633
t1131,18.59563831386011,18.368202811965958,17.098554813113633
t1132,20.9362,20.68013806362606,17.098554813113633
t1133,20.9362,20.68013806362606,17.098554813113633
t1134,22.29749328197083,22.024781934827306,17.098554813113633
t1135,20.9362,20.68013806362606,20.528727331183404
t1136,20.9362,20.680138063626064,20.5287273311834
t1137,20.9362,20.68013806362606,20.528727331183404
t1138,20.9362,20.680138063626064,20.5287273311834
t1139,20.129185135701626,19.882993461783855,20.5287273311834
t1140,20.129185135701626,18.364815429637833,20.5287273311834
t1141,20.9362,20.680138063626064,20.5287273311834
t1142,20.9362,20.680138063626064,20.5287273311834
t1143,20.9362,20.680138063626064,20.5287273311834
t1144,20.9362,20.680138063626064,20.5287273311834
t1145,20.9362,20.680138063626064,20.5287273311834
t1146,22.29749328197083,22.024781934827306,20.5287273311834
t1147,22.29749328197083,22.024781934827306,20.5287273311834
t1148,22.29749328197083,22.024781934827306,20.5287273311834
t1149,20.9362,18.364815429637833,20.5287273311834
t1150,22.29749328197083,22.024781934827306,20.5287273311834
t1151,22.29749328197083,22.024781934827306,20.5287273311834
t1152,22.29749328197083,22.024781934827306,20.5287273311834
t1153,22.29749328197083,22.024781934827306,20.5287273311834
t1154,20.9362,20.680138063626064,20.5287273311834
t1155,20.9362,20.680138063626064,20.5287273311834
t1156,20.9362,20.680138063626064,20.5287273311834
t1157,20.9362,20.680138063626064,20.5287273311834
t1158,20.9362,20.680138063626064,20.5287273311834
t1159,20.9362,20.680138063626064,20.5287273311834
t1160,20.9362,20.680138063626064,20.5287273311834
t1161,20.9362,20.68013806362606,20.5287273311834
t1162,20.129185135701626,19.882993461783855,20.5287273311834
t1163,18.59563831386011,18.368202811965958,18.96474129086672
t1164,18.59563831386011,18.368202811965958,18.96474129086672
t1165,18.59563831386011,18.368202811965958,18.23371903662275
t1166,18.59563831386011,18.364815429637833,18.23371903662275
t1167,20.9362,20.68013806362606,20.5287273311834
t1168,20.9362,20.680138063626064,20.5287273311834
t1169,20.9362,20.680138063626064,20.5287273311834
t1170,22.29749328197083,22.024781934827306,20.5287273311834
t1171,22.29749328197083,22.024781934827306,20.5287273311834
t1172,22.29749328197083,22.024781934827306,20.5287273311834
t1173,22.29749328197083,22.024781934827306,20.5287273311834
t1174,22.29749328197083,22.024781934827306,20.5287273311834
t1175,22.29749328197083,22.024781934827306,20.5287273311834
t1176,22.29749328197083,22.024781934827306,20.5287273311834
t1177,20.125943438950067,19.87979141287418,19.73424046106865
t1178,20.12594343895006,19.87979141287418,19.734240461068648
t1179,20.12594343895006,19.87979141287418,19.734240461068648
t1180,19.63664996963756,19.87979141287418,19.25446990975346
t1181,19.2273,19.46537286267117,18.853086950586196
t1182,19.63664996963756,19.87979141287418,19.25446990975346
t1183,19.2273,19.46537286267117,18.853086950586196
t1184,20.125943438950063,19.87979141287418,19.734240461068648
t1185,19.2273,18.99213890728773,19.608940767045333
t1186,16.757638526727337,16.552682834184832,17.0902592286048
t1187,16.757638526727337,16.552682834184832,17.0902592286048
t1188,19.2273,18.99213890728773,19.608940767045333
t1189,19.2273,18.99213890728773,19.608940767045333
t1190,19.2273,18.99213890728773,19.608940767045333
t1191,19.2273,18.99213890728773,19.608940767045333
t1192,19.2273,16.549295451856707,18.853086950586196
t1193,19.2273,18.99213890728773,18.853086950586196
t1194,20.12594343895006,19.879791412874177,19.734240461068648
t1195,20.125943438950063,19.87979141287418,19.734240461068648
t1196,20.125943438950063,19.87979141287418,16.426101126248504
t1197,20.125943438950063,19.87979141287418,16.426101126248504
t1198,20.125943438950063,19.87979141287418,19.734240461068648
t1199,20.125943438950063,19.87979141287418,19.734240461068648
t1200,19.2273,18.99213890728773,18.853086950586196
t1201,19.2273,18.99213890728773,18.853086950586196
t1202,20.12594343895006,19.879791412874177,19.734240461068648
t1203,20.12594343895006,19.879791412874177,19.734240461068648
t1204,20.12594343895006,19.87979141287418,19.734240461068648
t1205,19.2273,18.99213890728773,18.853086950586196
t1206,19.2273,18.99213890728773,16.426101126248504
t1207,19.2273,18.99213890728773,18.853086950586196
t1208,16.757638526727337,16.549295451856707,16.431491485069852
t1209,16.757638526727337,16.549295451856707,16.431491485069852
t1210,16.757638526727337,16.549295451856707,17.0902592286048
t1211,16.757638526727337,0.1,17.0902592286048
t1212,16.757638526727337,16.549295451856707,16.431491485069852
t1213,16.757638526727337,16.549295451856707,16.431491485069852
t1214,16.757638526727337,16.549295451856707,16.431491485069852
t1215,16.757638526727337,16.549295451856707,17.0902592286048
t1216,19.2273,16.549295451856707,19.608940767045333
t1217,20.12594343895006,19.879791412874177,19.734240461068648
t1218,20.125943438950063,19.87979141287418,19.734240461068648
t1219,20.125943438950063,19.87979141287418,19.734240461068648
t1220,20.125943438950063,19.87979141287418,19.734240461068648
t1221,20.125943438950063,19.87979141287418,19.734240461068648
t1222,20.12594343895006,19.87979141287418,19.734240461068648
t1223,20.125943438950063,19.87979141287418,19.734240461068648
t1224,20.125943438950063,19.87979141287418,19.734240461068648
t1225,20.12594343895006,19.879791412874177,19.734240461068648
t1226,19.2273,18.99213890728773,18.853086950586196
t1227,20.12594343895006,19.879791412874177,19.734240461068648
t1228,19.2273,18.99213890728773,18.853086950586196
t1229,19.2273,18.99213890728773,18.853086950586196
t1230,19.2273,18.99213890728773,18.853086950586196
t1231,20.12594343895006,19.879791412874177,19.734240461068648
t1232,20.12594343895006,19.879791412874177,19.734240461068648
t1233,19.2273,18.99213890728773,19.608940767045333
t1234,16.757638526727337,16.549295451856707,17.0902592286048
t1235,16.757638526727337,16.549295451856707,17.0902592286048
t1236,16.757638526727337,16.549295451856707,17.0902592286048
t1237,16.757638526727337,16.549295451856707,17.0902592286048
t1238,16.757638526727337,16.549295451856707,17.0902592286048
t1239,16.757638526727337,16.549295451856707,16.431491485069852
t1240,19.2273,18.99213890728773,18.853086950586196
t1241,20.125943438950063,19.87979141287418,19.734240461068648
t1242,20.125943438950063,19.87979141287418,19.734240461068648
t1243,20.125943438950063,19.87979141287418,19.734240461068648
t1244,20.125943438950063,19.87979141287418,16.426101126248504
t1245,20.125943438950063,19.87979141287418,16.426101126248504
t1246,20.125943438950063,19.87979141287418,16.426101126248504
t1247,19.2273,18.99213890728773,16.426101126248504
t1248,16.757638526727337,16.549295451856707,16.426101126248504
t1249,16.757638526727337,16.549295451856707,16.426101126248504
t1250,16.757638526727337,16.549295451856707,16.426101126248504
t1251,16.75420920175475,16.549295451856707,16.426101126248504
t1252,16.75420920175475,16.549295451856707,16.426101126248504
t1253,16.757638526727337,16.552682834184832,16.426101126248504
t1254,19.2273,18.99213890728773,16.426101126248504
t1255,19.2273,18.99213890728773,16.426101126248504
t1256,16.757638526727337,16.552682834184832,16.426101126248504
t1257,19.2273,18.99213890728773,18.853086950586196
t1258,19.2273,18.99213890728773,19.608940767045333
t1259,19.2273,18.99213890728773,19.608940767045333
t1260,16.757638526727337,16.549295451856707,16.431491485069852
t1261,16.757638526727337,16.549295451856707,16.431491485069852
t1262,16.757638526727337,16.549295451856707,16.431491485069852
t1263,16.757638526727337,16.549295451856707,16.431491485069852
t1264,16.757638526727337,16.549295451856707,16.431491485069852
t1265,19.2273,18.99213890728773,18.85308695058619
t1266,20.125943438950063,19.87979141287418,19.734240461068648
t1267,20.125943438950063,19.87979141287418,19.734240461068648
t1268,20.125943438950063,19.87979141287418,16.426101126248504
t1269,20.125943438950063,19.87979141287418,16.426101126248504
t1270,20.125943438950063,19.87979141287418,16.426101126248504
t1271,20.125943438950063,19.87979141287418,16.426101126248504
t1272,16.757638526727337,16.549295451856707,16.426101126248504
t1273,16.757638526727337,16.549295451856707,16.426101126248504
t1274,16.757638526727337,16.549295451856707,16.426101126248504
t1275,16.757638526727337,16.552682834184832,16.431491485069852
t1276,19.2273,18.99213890728773,18.85308695058619
t1277,20.12594343895006,19.879791412874177,19.734240461068648
t1278,20.125943438950063,19.87979141287418,19.734240461068648
t1279,20.12594343895006,19.879791412874177,19.734240461068648
t1280,20.125943438950063,19.87979141287418,19.734240461068648
t1281,19.350161037498935,19.11349728264325,19.734240461068648
t1282,19.2273,18.99213890728773,19.608940767045333
t1283,19.2273,18.99213890728773,19.608940767045333
t1284,19.2273,18.99213890728773,19.608940767045333
t1285,19.2273,18.99213890728773,19.608940767045333
t1286,19.2273,18.99213890728773,19.608940767045333
t1287,19.350161037498935,19.11349728264325,19.734240461068648
t1288,20.12594343895006,19.879791412874177,19.734240461068648
t1289,20.12594343895006,19.879791412874177,19.734240461068648
t1290,20.125943438950063,19.87979141287418,19.734240461068648
t1291,20.12594343895006,19.879791412874177,19.734240461068648
t1292,20.125943438950063,19.87979141287418,19.734240461068648
t1293,20.125943438950063,19.87979141287418,19.734240461068648
t1294,20.125943438950063,19.87979141287418,19.734240461068648
t1295,20.12594343895006,19.87979141287418,19.734240461068648
t1296,20.125943438950063,19.87979141287418,19.734240461068648
t1297,20.125943438950063,19.87979141287418,19.734240461068648
t1298,20.12594343895006,19.879791412874177,19.734240461068648
t1299,20.12594343895006,19.879791412874177,19.734240461068648
t1300,20.12594343895006,19.879791412874177,19.734240461068648
t1301,20.125943438950063,19.87979141287418,19.734240461068648
t1302,20.12594343895006,19.87979141287418,19.734240461068648
t1303,20.12594343895006,19.87979141287418,19.734240461068648
t1304,19.2273,18.99213890728773,18.853086950586196
t1305,19.2273,18.99213890728773,18.853086950586196
t1306,16.757638526727337,16.552682834184832,16.431491485069852
t1307,16.757638526727337,16.552682834184832,17.090259228604808
t1308,16.757638526727337,16.549295451856707,16.431491485069852
t1309,16.757638526727337,16.549295451856707,16.431491485069852
t1310,16.75420920175475,16.549295451856707,16.428128903641884
t1311,16.757638526727337,16.549295451856707,16.431491485069852
t1312,16.75420920175475,16.549295451856707,16.428128903641884
t1313,16.757638526727337,16.549295451856707,16.426101126248504
t1314,16.757638526727337,16.552682834184832,16.426101126248504
t1315,20.125943438950067,19.879791412874184,16.426101126248504
t1316,20.125943438950067,19.879791412874184,16.426101126248504
t1317,20.125943438950063,19.879791412874184,16.426101126248504
t1318,20.125943438950067,19.879791412874184,16.426101126248504
t1319,20.125943438950063,19.879791412874184,16.426101126248504
t1320,19.2273,18.99213890728773,16.426101126248504
t1321,19.2273,18.99213890728773,16.426101126248504
t1322,19.2273,19.46537286267117,16.426101126248504
t1323,19.2273,18.99213890728773,16.426101126248504
t1324,19.2273,18.99213890728773,16.426101126248504
t1325,19.2273,19.46537286267117,16.426101126248504
t1326,19.2273,19.46537286267117,16.426101126248504
t1327,16.757638526727337,16.552682834184832,16.426101126248504
t1328,16.757638526727337,16.552682834184832,16.431491485069852
t1329,16.75420920175475,16.549295451856707,16.428128903641884
t1330,16.757638526727337,16.549295451856707,17.090259228604808
t1331,16.75420920175475,16.549295451856707,17.08676183530162
t1332,16.75420920175475,16.549295451856707,17.08676183530162
t1333,16.75420920175475,16.549295451856707,17.08676183530162
t1334,16.75420920175475,16.549295451856707,16.428128903641884
t1335,16.75420920175475,16.549295451856707,16.428128903641884
t1336,16.757638526727337,16.549295451856707,16.431491485069852
t1337,16.757638526727337,16.552682834184832,16.431491485069852
t1338,20.125943438950063,19.879791412874184,19.734240461068648
t1339,20.125943438950063,19.879791412874184,19.734240461068648
t1340,20.125943438950067,19.879791412874184,16.426101126248504
t1341,20.125943438950063,19.879791412874184,16.426101126248504
t1342,19.2273,16.549295451856707,16.426101126248504
t1343,16.757638526727337,16.552682834184832,16.426101126248504
t1344,20.125943438950067,19.879791412874184,16.426101126248504
t1345,17.736540217810767,17.51961198667298,0.4453686200378072
t1346,14.735247640355032,14.551639585520013,0.1
t1347,16.228483821889657,16.03,0.1
t1348,17.736540217810767,17.519611986672984,0.4453686200378072
t1349,17.736540217810767,17.519611986672984,0.4453686200378072
t1350,17.736540217810767,17.51961198667298,0.4453686200378072
t1351,17.736540217810767,17.519611986672984,0.4453686200378072
t1352,17.736540217810767,17.519611986672984,0.4453686200378072
t1353,14.735247640355032,14.555026967848136,0.4453686200378072
t1354,14.731818315382446,14.551639585520013,0.4453686200378072
t1355,14.731818315382446,14.551639585520013,0.4453686200378072
t1356,14.731818315382446,14.551639585520013,0.4453686200378072
t1357,14.731818315382446,14.551639585520013,0.4453686200378072
t1358,14.731818315382446,14.551639585520013,0.4453686200378072
t1359,14.731818315382446,14.551639585520013,0.4453686200378072
t1360,14.731818315382446,14.551639585520013,0.4453686200378072
t1361,17.736540217810767,17.519611986672984,0.4453686200378072
t1362,17.736540217810767,17.519611986672984,0.4453686200378072
t1363,17.736540217810767,17.519611986672984,0.4453686200378072
t1364,17.736540217810767,17.519611986672984,0.4453686200378072
t1365,17.736540217810767,17.519611986672984,0.1
t1366,17.736540217810767,17.519611986672984,0.1
t1367,17.736540217810767,17.51961198667298,0.10000000000000005
t1368,14.735247640355032,14.555026967848136,0.10000000000000005
t1369,14.735247640355032,14.551639585520013,0.10000000000000005
t1370,14.735247640355032,14.555026967848137,0.10000000000000005
t1371,14.735247640355032,14.555026967848137,0.10000000000000005
t1372,14.735247640355032,14.551639585520013,0.10000000000000005
t1373,14.735247640355032,14.555026967848137,0.1
t1374,14.735247640355032,14.551639585520013,0.1
t1375,14.735247640355032,14.551639585520013,0.10000000000000005
t1376,14.735247640355032,14.551639585520013,0.10000000000000005
t1377,0.10198489006280313,0.1,0.10000000000000005
t1378,0.1019848900628031,0.10073755537788585,0.1
t1379,0.1019848900628031,0.1,0.1
t1380,0.1012382022575774,0.1,0.1
t1381,0.1012382022575774,0.1,0.1
t1382,0.1019848900628031,0.1,0.1
t1383,0.1019848900628031,0.1,0.1
t1384,0.1019848900628031,0.10073755537788585,0.1
t1385,14.735247640355032,14.551639585520013,0.1
t1386,17.736540217810767,14.551639585520013,0.1
t1387,17.736540217810767,17.519611986672984,0.1
t1388,17.736540217810767,17.51961198667298,0.1
t1389,17.736540217810767,14.551639585520013,0.1
t1390,17.736540217810767,14.551639585520013,0.1
t1391,14.735247640355032,14.551639585520013,0.1
t1392,14.735247640355032,14.551639585520013,0.1
t1393,14.735247640355032,14.551639585520013,0.1
t1394,14.735247640355032,14.551639585520013,0.1
t1395,14.735247640355032,14.551639585520013,0.1
t1396,14.735247640355032,14.551639585520013,0.1
t1397,14.735247640355032,14.551639585520013,0.1
t1398,14.735247640355032,14.555026967848137,0.1
t1399,17.736540217810767,17.519611986672984,0.1
t1400,14.735247640355032,14.551639585520013,0.10000000000000005
t1401,14.735247640355032,14.555026967848137,0.10000000000000005
t1402,14.735247640355032,14.551639585520013,0.10000000000000005
t1403,14.735247640355032,14.551639585520013,0.1
t1404,14.73181831538245,14.551639585520013,0.10000000000000005
t1405,14.735247640355032,14.551639585520013,0.10000000000000005
t1406,14.735247640355032,14.551639585520013,0.10000000000000005
t1407,14.735247640355032,14.555026967848137,0.10000000000000005
t1408,14.735247640355032,14.555026967848137,0.10000000000000005
t1409,17.736540217810767,17.519611986672984,0.10000000000000005
t1410,17.736540217810767,17.519611986672984,0.10000000000000005
t1411,17.736540217810767,17.519611986672984,0.10000000000000005
t1412,17.736540217810767,17.519611986672984,0.10000000000000005
t1413,17.736540217810767,17.519611986672984,0.1
t1414,17.736540217810767,17.519611986672984,0.10000000000000005
t1415,17.736540217810767,17.519611986672984,0.1
t1416,17.736540217810767,17.51961198667298,0.1
t1417,14.735247640355032,14.551639585520013,0.10000000000000005
t1418,14.735247640355032,14.551639585520013,0.10000000000000005
t1419,14.735247640355032,14.555026967848137,0.10000000000000005
t1420,14.735247640355032,14.551639585520013,0.10000000000000005
t1421,14.735247640355032,14.551639585520013,0.10000000000000005
t1422,17.736540217810767,17.519611986672984,0.1
t1423,17.736540217810767,17.519611986672984,0.1
t1424,14.735247640355032,14.555026967848136,0.10000000000000005
t1425,14.735247640355032,14.555026967848137,0.1
t1426,14.731818315382446,14.551639585520013,0.1
t1427,14.731818315382446,14.551639585520013,0.1
t1428,0.1019848900628031,0.10073755537788585,0.1
t1429,0.1019848900628031,0.10073755537788585,0.1
t1430,0.10198489006280313,0.10073755537788588,0.10000000000000005
t1431,14.731818315382446,14.551639585520013,0.10000000000000005
t1432,14.731818315382446,14.551639585520013,0.10000000000000005
t1433,17.736540217810767,17.51961198667298,0.4453686200378072
t1434,17.736540217810767,17.519611986672984,0.4453686200378072
t1435,17.736540217810767,17.519611986672984,0.4453686200378072
t1436,17.736540217810767,17.519611986672984,0.1
t1437,17.736540217810767,17.519611986672984,0.10000000000000005
t1438,17.736540217810767,17.519611986672984,0.4453686200378072
t1439,17.736540217810767,17.51961198667298,0.10000000000000005
t1440,14.735247640355032,14.555026967848136,0.4453686200378072
t1441,14.735247640355032,14.555026967848137,0.4453686200378072
t1442,14.735247640355032,14.555026967848137,0.4453686200378072
t1443,14.735247640355032,14.555026967848137,0.4453686200378072
t1444,14.735247640355032,14.555026967848137,0.4453686200378072
t1445,14.735247640355032,14.555026967848137,0.4453686200378072
t1446,14.735247640355032,14.555026967848137,0.4453686200378072
t1447,14.735247640355032,14.551639585520013,0.4453686200378072
t1448,17.736540217810767,17.51961198667298,0.4453686200378072
t1449,14.735247640355032,14.555026967848137,0.4453686200378072
t1450,14.735247640355032,14.551639585520013,0.4453686200378072
t1451,14.735247640355032,14.551639585520013,0.4453686200378072
t1452,14.735247640355032,14.551639585520013,0.4453686200378072
t1453,14.735247640355032,14.551639585520013,0.4453686200378072
t1454,14.735247640355032,14.551639585520013,0.4453686200378072
t1455,14.735247640355032,14.555026967848137,0.4453686200378072
t1456,14.735247640355032,14.551639585520013,0.1
t1457,17.736540217810767,14.551639585520013,0.4453686200378072
t1458,17.736540217810767,14.551639585520013,0.4453686200378072
t1459,17.736540217810767,14.551639585520013,0.4453686200378072
t1460,17.736540217810767,17.519611986672984,0.4453686200378072
t1461,17.736540217810767,17.519611986672984,0.4453686200378072
t1462,17.736540217810767,17.519611986672984,0.4453686200378072
t1463,17.736540217810767,17.519611986672984,0.4453686200378072
t1464,17.736540217810767,17.51961198667298,0.4453686200378072
t1465,17.736540217810767,17.51961198667298,0.4453686200378072
t1466,17.736540217810767,17.51961198667298,0.4453686200378072
t1467,17.736540217810767,17.519611986672984,0.4453686200378072
t1468,17.736540217810767,17.519611986672984,0.4453686200378072
t1469,17.736540217810767,17.51961198667298,0.4453686200378072
t1470,17.736540217810767,17.51961198667298,0.10000000000000005
t1471,17.736540217810767,17.519611986672984,0.10000000000000005
t1472,17.736540217810767,17.519611986672984,0.1
t1473,16.228483821889657,16.03,0.1
t1474,14.735247640355032,14.555026967848137,0.10000000000000005
t1475,14.735247640355032,14.555026967848137,0.1
t1476,14.735247640355032,14.555026967848137,0.10000000000000005
t1477,14.735247640355032,14.555026967848137,0.1
t1478,14.735247640355032,14.555026967848137,0.1
t1479,14.735247640355032,14.555026967848137,0.10000000000000005
t1480,17.736540217810767,17.51961198667298,0.10000000000000005
t1481,17.736540217810767,17.519611986672984,0.1
t1482,17.736540217810767,17.519611986672984,0.10000000000000005
t1483,17.736540217810767,17.519611986672984,0.1
t1484,17.736540217810767,17.519611986672984,0.4453686200378072
t1485,17.736540217810767,17.519611986672984,0.4453686200378072
t1486,17.736540217810767,17.519611986672984,0.4453686200378072
t1487,17.736540217810767,17.519611986672984,0.4453686200378072
t1488,17.736540217810767,17.519611986672984,0.4453686200378072
t1489,17.736540217810767,17.519611986672984,0.4453686200378072
t1490,17.736540217810767,17.51961198667298,0.4453686200378072
t1491,17.736540217810767,17.51961198667298,0.4453686200378072
t1492,17.736540217810767,17.51961198667298,0.4453686200378072
t1493,17.736540217810767,17.51961198667298,0.4453686200378072
t1494,17.736540217810767,17.51961198667298,0.4453686200378072
t1495,17.736540217810763,17.51961198667298,0.4453686200378072
t1496,17.736540217810767,17.519611986672984,0.4453686200378072
t1497,17.736540217810767,17.519611986672984,0.4453686200378072
t1498,14.735247640355032,14.555026967848136,0.4453686200378072
t1499,14.735247640355032,14.555026967848137,0.4453686200378072
t1500,14.731818315382446,14.551639585520013,0.4453686200378072
t1501,14.731818315382446,14.551639585520013,0.4453686200378072
t1502,14.731818315382446,14.551639585520013,0.4453686200378072
t1503,14.731818315382446,14.551639585520013,0.4453686200378072
t1504,14.735247640355032,14.555026967848137,0.4453686200378072
t1505,17.736540217810767,17.519611986672984,0.4453686200378072
t1506,17.736540217810767,17.519611986672984,0.4453686200378072
t1507,17.736540217810767,17.519611986672984,0.4453686200378072
t1508,17.736540217810767,17.519611986672984,0.1
t1509,17.736540217810767,14.551639585520013,0.10000000000000005
t1510,17.736540217810767,14.551639585520013,0.10000000000000005
t1511,14.735247640355032,14.551639585520013,0.4453686200378072
t1512,14.735247640355032,14.551639585520013,0.4453686200378072
t1513,42319.72304,41802.12814558596,41496.06624725258
t1514,45000.0,45000.0,44124.18346706915
t1515,42319.72304,41802.12814558596,41496.0716376114
t1516,45000.0,44449.62375517872,44124.18346706915
t1517,50000.0,49388.47083908747,49026.87051896573
t1518,50000.0,49388.470839087466,49026.87051896571
t1519,50000.0,49388.47083908747,49026.87051896573
t1520,50000.0,49388.470839087466,49026.87051896571
t1521,42319.72304,41802.12814558596,43159.723017226745
t1522,40688.44533900953,40190.80192226952,41496.06624725258
t1523,23.908200000000004,0.1,24.38275148599509
t1524,23.908200000000004,0.1,24.38275148599509
t1525,0.10123820225757742,0.1,0.10324766927394853
t1526,0.10123820225757742,0.1,0.1
t1527,23.908200000000004,0.1,24.38275148599509
t1528,42319.71754264848,41802.122715470265,41496.06624725258
t1529,50000.0,49388.47083908747,49026.87051896571
t1530,50000.0,49388.470839087466,49026.87051896573
t1531,50000.0,49388.470839087466,49026.87051896573
t1532,50000.0,49388.470839087466,49026.87051896573
t1533,50000.0,49388.470839087466,49026.87051896573
t1534,50000.0,49388.470839087466,49026.87051896573
t1535,50000.0,49388.470839087466,49026.87051896571
t1536,50000.0,49388.470839087466,49026.87051896571
t1537,50000.0,49388.470839087466,49026.87051896571
t1538,50000.0,49388.470839087466,49026.87051896571
t1539,50000.0,49388.470839087466,49026.87051896571
t1540,50000.0,49388.470839087466,49026.87051896571
t1541,50000.0,49388.470839087466,49026.87051896571
t1542,50000.0,49388.470839087466,49026.87051896571
t1543,50000.0,49388.470839087466,49026.87051896571
t1544,50000.0,49388.470839087466,49026.87051896571
t1545,50000.0,49388.470839087466,49026.87051896571
t1546,49999.99999999999,49388.470839087466,49026.87051896571
t1547,45557.19101590983,45000.0,46461.45117327684
t1548,42319.72304,41802.12814558596,43159.723017226745
t1549,48072.6806576686,47484.7237363606,49026.87051896571
t1550,48072.6806576686,47484.7237363606,49026.87051896571
t1551,48072.6806576686,47484.7237363606,49026.87051896571
t1552,50000.0,49388.47083908747,49026.87051896571
t1553,50000.0,49388.470839087466,49026.87051896571
t1554,50000.0,49388.470839087466,49026.87051896571
t1555,50000.0,49388.470839087466,49026.87051896571
t1556,50000.0,49388.470839087466,49026.87051896571
t1557,50000.0,49388.470839087466,49026.87051896571
t1558,50000.0,49388.470839087466,49026.87051896571
t1559,50000.0,49388.470839087466,49026.87051896571
t1560,49999.99999999999,49388.470839087466,49026.87051896571
t1561,50000.0,49388.470839087466,49026.87051896571
t1562,50000.0,49388.470839087466,49026.87051896571
t1563,50000.0,49388.470839087466,49026.87051896571
t1564,50000.0,49388.470839087466,49026.87051896571
t1565,49999.99999999999,49388.470839087466,49026.87051896571
t1566,50000.0,49388.470839087466,49026.87051896571
t1567,50000.0,49388.470839087466,49026.87051896571
t1568,50000.0,49388.470839087466,49026.87051896571
t1569,50000.0,49388.47083908747,49026.87051896571
t1570,42319.72304,41802.12814558596,43159.723017226745
t1571,42319.71961067503,41802.12475820364,43159.719519833445
t1572,42319.71961067503,41802.12475820364,43159.719519833445
t1573,42319.71961067503,41802.12475820364,43159.719519833445
t1574,42319.71961067503,41802.12475820364,43159.719519833445
t1575,42319.71961067503,41802.12475820364,43159.719519833445
t1576,48072.6806576686,47484.7237363606,49026.87051896571
t1577,50000.0,49388.47083908747,49026.87051896571
t1578,50000.0,49388.470839087466,49026.87051896571
t1579,50000.0,49388.470839087466,49026.87051896571
t1580,50000.0,49388.47083908747,49026.87051896571
t1581,50000.0,49388.470839087466,49026.87051896571
t1582,50000.0,49388.470839087466,49026.87051896571
t1583,50000.0,49388.470839087466,49026.87051896571
t1584,50000.0,49388.470839087466,49026.87051896571
t1585,49999.99999999999,49388.470839087466,49026.87051896571
t1586,50000.0,49388.470839087466,49026.87051896571
t1587,50000.0,49388.470839087466,49026.87051896571
t1588,50000.0,49388.470839087466,49026.87051896571
t1589,50000.0,49388.470839087466,49026.87051896571
t1590,50000.0,49388.470839087466,49026.87051896571
t1591,50000.0,49388.470839087466,49026.87051896573
t1592,50000.0,49388.470839087466,49026.87051896573
t1593,42319.72304,41802.12814558596,41496.0716376114
t1594,42319.717542648476,41802.12475820364,41496.06624725258
t1595,42319.71754264848,41802.122715470265,41496.06624725258
t1596,40688.44533900953,40190.80192226952,41496.06624725258
t1597,23.908200000000004,23.363599999999998,24.38275148599509
t1598,40688.44533900953,40190.80192226952,41496.06624725258
t1599,40688.44533900953,40190.80192226952,41496.06624725258
t1600,42319.71961067503,41802.12475820364,41496.068275029975
t1601,50000.0,49388.47083908747,49026.87051896571
t1602,50000.0,49388.470839087466,49026.87051896573
t1603,50000.0,49388.470839087466,49026.87051896573
t1604,50000.0,49388.47083908747,49026.87051896573
t1605,50000.0,49388.47083908747,41496.06624725258
t1606,42319.72304,41802.12814558596,41496.06624725258
t1607,42319.72304,41802.12814558596,41496.0716376114
t1608,42319.72304,41802.12814558596,41496.06624725258
t1609,42319.71961067503,41802.12475820364,41496.06624725258
t1610,42319.72304,41802.12814558596,41496.06624725258
t1611,42319.72304,42843.72680608177,41496.06624725258
t1612,42319.72304,42843.72680608177,41496.06624725258
t1613,50000.0,49388.470839087466,49026.87051896571
t1614,50000.0,49388.470839087466,49026.87051896571
t1615,50000.0,49388.470839087466,49026.87051896573
t1616,50000.0,49388.470839087466,49026.87051896571
t1617,50000.0,49388.47083908747,49026.87051896571
t1618,42319.71961067503,41802.12475820364,41496.068275029975
t1619,42319.71961067503,41802.12475820364,41496.068275029975
t1620,42319.71961067503,41802.12475820364,41496.068275029975
t1621,42319.71961067503,41802.12475820364,41496.068275029975
t1622,42319.71961067503,41802.12475820364,41496.068275029975
t1623,42319.72304,41802.12814558596,43159.723017226745
t1624,50000.0,49388.47083908747,49026.87051896571
t1625,50000.0,49388.470839087466,49026.87051896571
t1626,50000.0,49388.470839087466,49026.87051896571
t1627,50000.0,49388.470839087466,49026.87051896571
t1628,50000.0,49388.470839087466,49026.87051896571
t1629,50000.0,49388.470839087466,49026.87051896571
t1630,50000.0,49388.470839087466,49026.87051896571
t1631,50000.0,49388.470839087466,49026.87051896571
t1632,50000.0,49388.47083908747,49026.87051896571
t1633,50000.0,49388.470839087466,49026.87051896571
t1634,50000.0,49388.47083908747,49026.87051896571
t1635,50000.0,49388.47083908747,49026.87051896571
t1636,50000.0,49388.47083908747,49026.87051896571
t1637,50000.0,49388.47083908747,49026.87051896571
t1638,50000.0,49388.47083908747,49026.87051896571
t1639,50000.0,49388.47083908747,49026.87051896571
t1640,50000.0,49388.470839087466,49026.87051896571
t1641,42319.72304,41802.12814558596,43159.723017226745
t1642,42319.71961067503,41802.12475820364,43159.719519833445
t1643,42319.71961067503,41802.12475820364,43159.719519833445
t1644,42319.71961067503,41802.12475820364,43159.719519833445
t1645,42319.71961067503,41802.12475820364,43159.719519833445
t1646,42319.71961067503,41802.12475820364,43159.719519833445
t1647,42319.71961067503,41802.12475820364,43159.719519833445
t1648,42319.72304,41802.12814558596,43159.723017226745
t1649,50000.0,49388.470839087466,49026.87051896571
t1650,50000.0,49388.470839087466,49026.87051896571
t1651,50000.0,49388.470839087466,49026.87051896571
t1652,50000.0,49388.470839087466,49026.87051896571
t1653,50000.0,49388.470839087466,49026.87051896571
t1654,50000.0,49388.470839087466,49026.87051896571
t1655,50000.0,49388.47083908747,49026.87051896571
t1656,49999.99999999999,49388.470839087466,49026.87051896571
t1657,50000.0,49388.470839087466,49026.87051896571
t1658,50000.0,49388.47083908747,49026.87051896573
t1659,50000.0,49388.47083908747,49026.87051896571
t1660,50000.0,49388.470839087466,49026.87051896571
t1661,50000.0,49388.470839087466,49026.87051896573
t1662,50000.0,49388.470839087466,49026.87051896573
t1663,50000.0,49388.470839087466,49026.87051896571
t1664,50000.0,49388.470839087466,49026.87051896571
t1665,50000.0,49388.470839087466,49026.87051896571
t1666,42319.71961067503,41802.12475820364,41496.068275029975
t1667,42319.71961067503,41802.12475820364,41496.068275029975
t1668,42319.71961067503,41802.12475820364,41496.068275029975
t1669,42319.71961067503,41802.12475820364,41496.068275029975
t1670,42319.71961067503,41802.12475820364,41496.068275029975
t1671,42319.71961067503,41802.12475820364,41496.068275029975
t1672,42319.72304,41802.12814558596,41496.0716376114
t1673,50000.0,49388.470839087466,49026.87051896571
t1674,50000.0,49388.470839087466,49026.87051896573
t1675,50000.0,49388.470839087466,49026.87051896573
t1676,50000.0,49388.470839087466,49026.87051896571
t1677,50000.0,49388.470839087466,49026.87051896571
t1678,50000.0,49388.470839087466,49026.87051896573
t1679,50000.0,49388.47083908747,49026.87051896573
t1680,42319.72304,41802.12814558596,41496.0716376114
t1681,37.63866397404695,37.17832116208859,36.906118103249185
t1682,37.63866397404695,37.17832116208859,36.906118103249185
t1683,37.638663974046935,37.17832116208859,36.90611810324917
t1684,37.63866397404695,37.17832116208859,36.906118103249185
t1685,37.638663974046935,37.17832116208859,36.906118103249185
t1686,37.638663974046935,37.17832116208859,36.906118103249185
t1687,37.638663974046935,37.17832116208859,36.906118103249185
t1688,37.638663974046935,37.17832116208859,36.90611810324917
t1689,35.35039999999999,34.91804399100155,34.662389671872916
t1690,31.576975862660742,31.190771031591783,30.962406139983475
t1691,31.5749078361154,31.188728298217196,30.960378362590117
t1692,0.10123820225757742,0.1,0.10324766927394853
t1693,30.86104862339086,30.4836,30.960378362590117
t1694,31.5749078361154,31.188728298217196,30.960378362590117
t1695,31.576975862660742,31.190771031591783,30.962406139983475
t1696,35.35039999999999,34.91804399100155,34.662389671872916
t1697,37.638663974046935,37.17832116208859,36.906118103249185
t1698,37.638663974046935,37.17832116208859,36.906118103249185
t1699,37.638663974046935,37.17832116208859,36.906118103249185
t1700,37.638663974046935,37.17832116208859,36.906118103249185
t1701,37.638663974046935,37.17832116208859,36.906118103249185
t1702,37.638663974046935,37.17832116208859,36.906118103249185
t1703,37.638663974046935,37.17832116208859,36.906118103249185
t1704,37.638663974046935,37.17832116208859,36.906118103249185
t1705,37.638663974046935,37.17832116208859,36.906118103249185
t1706,37.63866397404694,37.17832116208859,36.906118103249185
t1707,37.63866397404694,37.17832116208859,36.906118103249185
t1708,37.63866397404694,37.17832116208859,36.906118103249185
t1709,37.638663974046935,37.17832116208859,36.906118103249185
t1710,37.638663974046935,37.17832116208859,36.906118103249185
t1711,37.63866397404694,37.17832116208859,36.906118103249185
t1712,37.638663974046935,37.17832116208859,36.906118103249185
t1713,37.63866397404694,37.178321162088594,36.906118103249185
t1714,36.187829472113094,35.74523121226656,36.906118103249185
t1715,31.58040518763334,31.19415841391992,32.20724151199562
t1716,31.58040518763334,31.19415841391992,30.965768721411454
t1717,31.58040518763334,31.19415841391992,32.20724151199562
t1718,31.58040518763334,31.190771031591783,30.965768721411454
t1719,31.58040518763334,31.190771031591783,30.965768721411454
t1720,37.63866397404694,37.178321162088594,36.906118103249185
t1721,37.638663974046935,37.17832116208859,36.906118103249185
t1722,37.63866397404694,37.17832116208859,36.906118103249185
t1723,37.638663974046935,37.17832116208859,36.906118103249185
t1724,37.63866397404694,37.17832116208859,36.906118103249185
t1725,37.638663974046935,37.17832116208859,36.906118103249185
t1726,37.638663974046935,37.17832116208859,36.906118103249185
t1727,37.638663974046935,37.17832116208859,36.906118103249185
t1728,37.63866397404694,37.178321162088594,36.906118103249185
t1729,37.63866397404694,37.178321162088594,36.906118103249185
t1730,35.35039999999999,34.91804399100155,34.662389671872916
t1731,35.35039999999999,34.91804399100155,34.662389671872916
t1732,35.35039999999999,34.91804399100155,34.662389671872916
t1733,31.58040518763334,31.190771031591783,30.965768721411454
t1734,37.63866397404694,37.178321162088594,36.906118103249185
t1735,37.63866397404695,37.17832116208859,36.906118103249185
t1736,37.638663974046935,37.17832116208859,36.906118103249185
t1737,37.63866397404694,37.178321162088594,36.906118103249185
t1738,31.58040518763334,31.190771031591787,30.965768721411454
t1739,31.5749078361154,0.1,30.960378362590117
t1740,0.10198489006280309,0.1,0.1
t1741,0.10198489006280309,0.1,0.1
t1742,0.10198489006280309,0.1,0.1
t1743,15.503051729414414,0.1,15.201322195736562
t1744,31.58040518763334,0.1,30.960378362590117
t1745,37.63866397404695,31.190771031591787,30.960378362590117
t1746,37.63866397404695,31.190771031591787,30.960378362590117
t1747,37.63866397404695,31.190771031591787,30.960378362590117
t1748,37.63866397404695,31.190771031591787,0.1
t1749,37.63866397404695,31.190771031591787,0.1
t1750,37.63866397404695,31.190771031591787,0.1
t1751,35.35039999999999,31.190771031591787,0.1
t1752,31.58040518763334,31.190771031591787,0.1
t1753,31.58040518763334,31.190771031591787,0.1
t1754,31.58040518763334,31.190771031591787,30.960378362590117
t1755,31.58040518763334,31.190771031591787,30.960378362590117
t1756,31.58040518763334,31.190771031591787,30.960378362590117
t1757,31.58040518763334,31.190771031591787,30.960378362590117
t1758,31.58040518763334,31.190771031591787,30.960378362590117
t1759,37.63866397404695,31.190771031591787,30.960378362590117
t1760,37.63866397404695,37.178321162088594,30.960378362590117
t1761,31.58040518763334,31.19415841391992,30.965768721411454
t1762,31.576975862660746,31.190771031591787,30.960378362590117
t1763,0.10198489006280309,0.10073755537788583,0.1
t1764,0.10198489006280309,0.10073755537788583,0.1
t1765,31.5749078361154,31.188728298217196,30.960378362590117
t1766,31.58040518763334,31.19415841391992,30.960378362590117
t1767,31.576975862660746,31.190771031591787,30.960378362590117
t1768,31.58040518763334,31.19415841391992,30.960378362590117
t1769,37.63866397404694,37.178321162088594,30.960378362590117
t1770,37.63866397404694,37.178321162088594,36.906118103249185
t1771,37.63866397404694,37.178321162088594,36.906118103249185
t1772,37.63866397404694,37.178321162088594,36.906118103249185
t1773,37.63866397404694,37.178321162088594,36.906118103249185
t1774,37.63866397404694,37.178321162088594,36.906118103249185
t1775,37.63866397404694,37.178321162088594,36.906118103249185
t1776,37.27920638051929,31.190771031591787,36.553656485350395
t1777,31.580405187633332,31.190771031591787,30.965768721411454
t1778,31.580405187633332,31.194158413919904,30.960378362590117
t1779,31.580405187633332,31.194158413919904,30.960378362590117
t1780,31.580405187633332,31.194158413919904,30.960378362590117
t1781,31.580405187633332,31.194158413919904,30.960378362590117
t1782,31.580405187633332,31.190771031591787,30.960378362590117
t1783,35.35039999999999,31.190771031591787,30.960378362590117
t1784,37.63866397404694,31.190771031591787,0.1
t1785,35.35039999999999,31.190771031591787,0.1
t1786,31.580405187633332,31.190771031591787,0.1
t1787,31.580405187633332,31.190771031591787,30.960378362590117
t1788,31.576975862660746,31.190771031591787,30.960378362590117
t1789,31.576975862660746,31.190771031591787,30.960378362590117
t1790,31.580405187633332,31.194158413919904,30.960378362590117
t1791,35.35039999999999,34.91804399100155,30.960378362590117
t1792,37.63866397404694,37.178321162088594,30.960378362590117
t1793,37.63866397404694,37.178321162088594,30.960378362590117
t1794,37.63866397404694,31.190771031591787,30.960378362590117
t1795,37.63866397404694,37.178321162088594,36.906118103249185
t1796,37.63866397404694,37.178321162088594,36.906118103249185
t1797,37.63866397404694,37.178321162088594,36.906118103249185
t1798,37.63866397404694,37.178321162088594,36.906118103249185
t1799,37.63866397404694,37.17832116208859,36.906118103249185
t1800,37.63866397404694,37.178321162088594,36.906118103249185
t1801,37.63866397404694,37.178321162088594,36.906118103249185
t1802,37.63866397404694,37.178321162088594,36.90611810324918
t1803,37.63866397404694,37.178321162088594,36.906118103249185
t1804,37.63866397404694,37.17832116208859,36.906118103249185
t1805,37.63866397404694,37.17832116208859,36.906118103249185
t1806,37.63866397404694,37.178321162088594,36.906118103249185
t1807,37.63866397404694,37.178321162088594,36.906118103249185
t1808,37.63866397404694,37.178321162088594,36.906118103249185
t1809,37.63866397404694,37.178321162088594,36.906118103249185
t1810,37.63866397404694,37.178321162088594,36.906118103249185
t1811,37.63866397404694,37.178321162088594,36.906118103249185
t1812,35.35039999999999,34.91804399100155,34.662389671872916
t1813,31.580405187633332,31.194158413919904,30.965768721411454
t1814,31.580405187633332,31.194158413919904,30.965768721411454
t1815,31.580405187633332,31.194158413919904,30.965768721411454
t1816,37.63866397404694,37.178321162088594,36.906118103249185
t1817,37.63866397404694,37.178321162088594,36.906118103249185
t1818,37.63866397404694,37.178321162088594,36.906118103249185
t1819,37.63866397404694,37.178321162088594,36.906118103249185
t1820,37.63866397404694,37.178321162088594,36.906118103249185
t1821,37.63866397404694,37.178321162088594,36.906118103249185
t1822,37.63866397404694,37.178321162088594,36.906118103249185
t1823,37.63866397404694,37.178321162088594,30.960378362590117
t1824,35.35039999999999,34.91804399100155,30.960378362590117
t1825,31.580405187633332,31.190771031591787,30.960378362590117
t1826,31.580405187633332,31.194158413919904,0.1
t1827,31.576975862660746,31.190771031591787,0.1
t1828,31.576975862660746,31.190771031591787,0.1
t1829,31.576975862660746,31.190771031591787,0.1
t1830,31.580405187633332,31.190771031591787,0.1
t1831,31.580405187633332,31.190771031591787,0.1
t1832,31.580405187633332,31.190771031591787,30.960378362590117
t1833,31.576975862660746,31.190771031591787,0.1
t1834,31.576975862660746,31.190771031591787,0.1
t1835,31.576975862660746,31.190771031591787,30.960378362590117
t1836,31.580405187633332,31.194158413919904,30.960378362590117
t1837,31.580405187633332,31.194158413919904,30.960378362590117
t1838,31.576975862660746,31.190771031591787,30.960378362590117
t1839,31.576975862660746,31.190771031591787,30.960378362590117
t1840,35.35039999999999,34.91804399100155,30.960378362590117
t1841,37.63866397404694,37.178321162088594,30.960378362590117
t1842,37.63866397404694,37.178321162088594,36.906118103249185
t1843,37.63866397404694,37.178321162088594,36.906118103249185
t1844,37.63866397404695,37.17832116208859,36.906118103249185
t1845,37.63866397404694,37.178321162088594,36.906118103249185
t1846,37.63866397404694,31.190771031591787,36.906118103249185
t1847,37.63866397404694,31.190771031591787,36.906118103249185
t1848,31.58040518763334,31.190771031591787,30.965768721411454
