Zone,1,2,3,Total
CO2_Price_1,356.7294784419722,0.0,0.0,0.0
CO2_Price_2,0.0,375.88367228892804,0.0,0.0
CO2_Price_3,0.0,0.0,187.00954400702616,0.0
AnnualSum,4.1894596490643136e6,1.3571875934190426e6,639462.1125248373,6.186109355008193e6
t1,0.0,0.0,0.0,0.0
t2,0.0,0.0,0.0,0.0
t3,0.0,0.0,0.0,0.0
t4,0.0,0.0,0.0,0.0
t5,0.0,0.0,0.0,0.0
t6,0.0,0.0,0.0,0.0
t7,0.0,0.0,0.0,0.0
t8,0.0,0.0,0.0,0.0
t9,0.0,0.0,0.0,0.0
t10,0.0,0.0,0.0,0.0
t11,0.0,0.0,0.0,0.0
t12,0.0,0.0,0.0,0.0
t13,0.0,0.0,0.0,0.0
t14,0.0,0.0,0.0,0.0
t15,0.0,0.0,0.0,0.0
t16,0.0,0.0,0.0,0.0
t17,0.0,0.0,0.0,0.0
t18,0.0,0.0,0.0,0.0
t19,0.0,0.0,0.0,0.0
t20,0.0,0.0,0.0,0.0
t21,0.0,0.0,0.0,0.0
t22,0.0,0.0,0.0,0.0
t23,0.0,0.0,0.0,0.0
t24,0.0,0.0,0.0,0.0
t25,0.0,0.0,0.0,0.0
t26,0.0,0.0,0.0,0.0
t27,0.0,0.0,0.0,0.0
t28,0.0,0.0,0.0,0.0
t29,0.0,0.0,0.0,0.0
t30,0.0,0.0,0.0,0.0
t31,0.0,0.0,0.0,0.0
t32,0.0,0.0,0.0,0.0
t33,0.0,0.0,0.0,0.0
t34,0.0,0.0,0.0,0.0
t35,0.0,0.0,0.0,0.0
t36,0.0,0.0,0.0,0.0
t37,0.0,0.0,0.0,0.0
t38,0.0,0.0,0.0,0.0
t39,0.0,0.0,0.0,0.0
t40,0.0,0.0,0.0,0.0
t41,0.0,0.0,0.0,0.0
t42,0.0,0.0,0.0,0.0
t43,0.0,0.0,0.0,0.0
t44,0.0,0.0,0.0,0.0
t45,0.0,0.0,0.0,0.0
t46,0.0,0.0,0.0,0.0
t47,0.0,0.0,0.0,0.0
t48,0.0,0.0,0.0,0.0
t49,0.0,0.0,0.0,0.0
t50,0.0,0.0,0.0,0.0
t51,0.0,0.0,0.0,0.0
t52,0.0,0.0,0.0,0.0
t53,0.0,0.0,0.0,0.0
t54,0.0,0.0,0.0,0.0
t55,0.0,0.0,0.0,0.0
t56,0.0,0.0,0.0,0.0
t57,0.0,0.0,0.0,0.0
t58,0.0,0.0,0.0,0.0
t59,0.0,0.0,0.0,0.0
t60,0.0,0.0,0.0,0.0
t61,0.0,0.0,0.0,0.0
t62,0.0,0.0,0.0,0.0
t63,0.0,0.0,0.0,0.0
t64,0.0,0.0,0.0,0.0
t65,0.0,0.0,0.0,0.0
t66,0.0,0.0,0.0,0.0
t67,0.0,0.0,0.0,0.0
t68,0.0,0.0,0.0,0.0
t69,0.0,0.0,0.0,0.0
t70,0.0,0.0,0.0,0.0
t71,0.0,0.0,0.0,0.0
t72,0.0,0.0,0.0,0.0
t73,0.0,0.0,0.0,0.0
t74,0.0,0.0,0.0,0.0
t75,0.0,0.0,0.0,0.0
t76,0.0,0.0,0.0,0.0
t77,0.0,0.0,0.0,0.0
t78,0.0,0.0,0.0,0.0
t79,0.0,0.0,0.0,0.0
t80,0.0,0.0,0.0,0.0
t81,0.0,0.0,0.0,0.0
t82,0.0,0.0,0.0,0.0
t83,0.0,0.0,0.0,0.0
t84,0.0,0.0,0.0,0.0
t85,0.0,0.0,0.0,0.0
t86,0.0,0.0,0.0,0.0
t87,0.0,0.0,0.0,0.0
t88,0.0,0.0,0.0,0.0
t89,0.0,0.0,0.0,0.0
t90,919.1833410781674,0.0,0.0,919.1833410781674
t91,1011.0037044366982,0.0,0.0,1011.0037044366982
t92,1011.0037044366982,0.0,0.0,1011.0037044366982
t93,1011.0037044366982,0.0,0.0,1011.0037044366982
t94,1011.0037044366982,0.0,0.0,1011.0037044366982
t95,1011.0037044366982,0.0,0.0,1011.0037044366982
t96,1011.0037044366982,0.0,0.0,1011.0037044366982
t97,1011.0037044366982,0.0,0.0,1011.0037044366982
t98,1011.0037044366982,0.0,0.0,1011.0037044366982
t99,1011.0037044366982,0.0,0.0,1011.0037044366982
t100,1011.0037044366982,0.0,0.0,1011.0037044366982
t101,1011.0037044366982,0.0,0.0,1011.0037044366982
t102,1011.0037044366982,0.0,0.0,1011.0037044366982
t103,1011.0037044366982,0.0,0.0,1011.0037044366982
t104,1011.0037044366982,0.0,0.0,1011.0037044366982
t105,1011.0037044366982,0.0,0.0,1011.0037044366982
t106,378.19566762737145,0.0,0.0,378.19566762737145
t107,378.19566762737145,0.0,0.0,378.19566762737145
t108,378.19566762737145,0.0,0.0,378.19566762737145
t109,378.19566762737145,0.0,0.0,378.19566762737145
t110,378.19566762737145,0.0,0.0,378.19566762737145
t111,378.19566762737145,0.0,0.0,378.19566762737145
t112,808.1104009131868,0.0,0.0,808.1104009131868
t113,808.1104009131868,0.0,0.0,808.1104009131868
t114,808.1104009131868,0.0,0.0,808.1104009131868
t115,808.1104009131868,0.0,0.0,808.1104009131868
t116,808.1104009131868,0.0,0.0,808.1104009131868
t117,808.1104009131868,0.0,0.0,808.1104009131868
t118,808.1104009131868,0.0,0.0,808.1104009131868
t119,808.1104009131868,0.0,0.0,808.1104009131868
t120,808.1104009131868,0.0,0.0,808.1104009131868
t121,378.19566762737145,0.0,0.0,378.19566762737145
t122,378.19566762737145,0.0,0.0,378.19566762737145
t123,378.19566762737145,0.0,0.0,378.19566762737145
t124,378.19566762737145,0.0,0.0,378.19566762737145
t125,378.19566762737145,0.0,0.0,378.19566762737145
t126,378.19566762737145,0.0,0.0,378.19566762737145
t127,378.19566762737145,0.0,0.0,378.19566762737145
t128,808.1104009131868,0.0,0.0,808.1104009131868
t129,808.1104009131868,0.0,0.0,808.1104009131868
t130,808.1104009131868,0.0,0.0,808.1104009131868
t131,808.1104009131868,0.0,0.0,808.1104009131868
t132,808.1104009131868,0.0,0.0,808.1104009131868
t133,808.1104009131868,0.0,0.0,808.1104009131868
t134,709.7045305942485,0.0,0.0,709.7045305942485
t135,808.1104009131868,0.0,0.0,808.1104009131868
t136,808.1104009131868,0.0,0.0,808.1104009131868
t137,808.1104009131868,0.0,0.0,808.1104009131868
t138,808.1104009131868,0.0,0.0,808.1104009131868
t139,808.1104009131868,0.0,0.0,808.1104009131868
t140,666.7949011354422,0.0,0.0,666.7949011354422
t141,506.27020271394696,0.0,0.0,506.27020271394696
t142,289.18345174691274,0.0,0.0,289.18345174691274
t143,0.0,0.0,0.0,0.0
t144,0.0,0.0,0.0,0.0
t145,0.0,0.0,0.0,0.0
t146,0.0,0.0,0.0,0.0
t147,0.0,0.0,0.0,0.0
t148,0.0,0.0,0.0,0.0
t149,0.0,0.0,0.0,0.0
t150,0.0,0.0,0.0,0.0
t151,0.0,0.0,0.0,0.0
t152,0.0,0.0,0.0,0.0
t153,0.0,0.0,0.0,0.0
t154,0.0,0.0,0.0,0.0
t155,0.0,0.0,0.0,0.0
t156,0.0,0.0,0.0,0.0
t157,0.0,0.0,0.0,0.0
t158,0.0,0.0,0.0,0.0
t159,0.0,0.0,0.0,0.0
t160,0.0,0.0,0.0,0.0
t161,0.0,0.0,0.0,0.0
t162,0.0,0.0,0.0,0.0
t163,0.0,0.0,0.0,0.0
t164,0.0,0.0,0.0,0.0
t165,0.0,0.0,0.0,0.0
t166,0.0,0.0,0.0,0.0
t167,0.0,0.0,0.0,0.0
t168,0.0,0.0,0.0,0.0
t169,0.0,0.0,0.0,0.0
t170,0.0,0.0,0.0,0.0
t171,0.0,0.0,0.0,0.0
t172,0.0,0.0,0.0,0.0
t173,0.0,0.0,0.0,0.0
t174,0.0,0.0,0.0,0.0
t175,0.0,0.0,0.0,0.0
t176,0.0,0.0,0.0,0.0
t177,0.0,0.0,0.0,0.0
t178,0.0,0.0,0.0,0.0
t179,0.0,0.0,0.0,0.0
t180,0.0,0.0,0.0,0.0
t181,0.0,0.0,0.0,0.0
t182,0.0,0.0,0.0,0.0
t183,0.0,0.0,0.0,0.0
t184,0.0,0.0,0.0,0.0
t185,0.0,0.0,0.0,0.0
t186,0.0,0.0,0.0,0.0
t187,0.0,0.0,0.0,0.0
t188,0.0,0.0,0.0,0.0
t189,0.0,0.0,0.0,0.0
t190,0.0,0.0,0.0,0.0
t191,0.0,0.0,0.0,0.0
t192,0.0,0.0,0.0,0.0
t193,0.0,0.0,0.0,0.0
t194,0.0,0.0,0.0,0.0
t195,0.0,0.0,0.0,0.0
t196,0.0,0.0,0.0,0.0
t197,0.0,0.0,0.0,0.0
t198,0.0,0.0,0.0,0.0
t199,0.0,0.0,0.0,0.0
t200,0.0,0.0,0.0,0.0
t201,0.0,0.0,0.0,0.0
t202,0.0,0.0,0.0,0.0
t203,0.0,0.0,0.0,0.0
t204,0.0,0.0,0.0,0.0
t205,0.0,0.0,0.0,0.0
t206,0.0,0.0,0.0,0.0
t207,0.0,0.0,0.0,0.0
t208,0.0,0.0,0.0,0.0
t209,0.0,0.0,0.0,0.0
t210,108.4376548059229,0.0,0.0,108.4376548059229
t211,119.26986250710668,0.0,0.0,119.26986250710668
t212,119.26986250710668,0.0,0.0,119.26986250710668
t213,119.26986250710668,0.0,0.0,119.26986250710668
t214,119.26986250710668,0.0,0.0,119.26986250710668
t215,119.26986250710668,0.0,0.0,119.26986250710668
t216,112.57018040046943,0.0,0.0,112.57018040046943
t217,55.81829565332595,0.0,0.0,55.81829565332595
t218,55.81829565332595,0.0,0.0,55.81829565332595
t219,119.26986250710668,0.0,0.0,119.26986250710668
t220,119.26986250710668,0.0,0.0,119.26986250710668
t221,119.26986250710668,0.0,0.0,119.26986250710668
t222,119.26986250710668,0.0,0.0,119.26986250710668
t223,119.26986250710668,0.0,0.0,119.26986250710668
t224,119.26986250710668,0.0,0.0,119.26986250710668
t225,119.26986250710668,0.0,0.0,119.26986250710668
t226,55.81829565332595,0.0,0.0,55.81829565332595
t227,55.81829565332595,0.0,0.0,55.81829565332595
t228,55.81829565332595,0.0,0.0,55.81829565332595
t229,55.81829565332595,0.0,0.0,55.81829565332595
t230,55.81829565332595,0.0,0.0,55.81829565332595
t231,55.81829565332595,0.0,0.0,55.81829565332595
t232,55.81829565332595,0.0,0.0,55.81829565332595
t233,55.81829565332593,0.0,0.0,55.81829565332593
t234,1616.4267166732645,0.0,0.0,1616.4267166732645
t235,1751.8149415550033,0.0,0.0,1751.8149415550033
t236,1751.8149415550033,0.0,0.0,1751.8149415550033
t237,1751.8149415550033,0.0,0.0,1751.8149415550033
t238,1751.8149415550033,0.0,0.0,1751.8149415550033
t239,1751.8149415550033,0.0,0.0,1751.8149415550033
t240,1751.8149415550033,0.0,0.0,1751.8149415550033
t241,1433.409039781756,0.0,0.0,1433.409039781756
t242,819.8493926477415,0.0,0.0,819.8493926477415
t243,1751.8149415550033,0.0,0.0,1751.8149415550033
t244,1751.8149415550033,0.0,0.0,1751.8149415550033
t245,1751.8149415550033,0.0,0.0,1751.8149415550033
t246,1751.8149415550033,0.0,0.0,1751.8149415550033
t247,1751.8149415550033,0.0,0.0,1751.8149415550033
t248,1751.8149415550033,0.0,0.0,1751.8149415550033
t249,1751.8149415550033,0.0,0.0,1751.8149415550033
t250,819.8493926477415,0.0,0.0,819.8493926477415
t251,819.8493926477415,0.0,0.0,819.8493926477415
t252,819.8493926477415,0.0,0.0,819.8493926477415
t253,819.8493926477415,0.0,0.0,819.8493926477415
t254,819.8493926477415,0.0,0.0,819.8493926477415
t255,819.8493926477415,0.0,0.0,819.8493926477415
t256,819.8493926477415,0.0,0.0,819.8493926477415
t257,1130.7526540585525,0.0,0.0,1130.7526540585525
t258,1751.8149415550033,0.0,0.0,1751.8149415550033
t259,1751.8149415550033,0.0,0.0,1751.8149415550033
t260,1751.8149415550033,0.0,0.0,1751.8149415550033
t261,1751.8149415550033,0.0,0.0,1751.8149415550033
t262,1751.8149415550033,0.0,0.0,1751.8149415550033
t263,1751.8149415550033,0.0,0.0,1751.8149415550033
t264,1751.8149415550033,0.0,0.0,1751.8149415550033
t265,1751.8149415550033,0.0,0.0,1751.8149415550033
t266,1751.8149415550033,0.0,0.0,1751.8149415550033
t267,1751.8149415550033,0.0,0.0,1751.8149415550033
t268,1751.8149415550033,0.0,0.0,1751.8149415550033
t269,1751.8149415550033,0.0,0.0,1751.8149415550033
t270,1751.8149415550033,0.0,0.0,1751.8149415550033
t271,1751.8149415550033,0.0,0.0,1751.8149415550033
t272,1751.8149415550033,0.0,0.0,1751.8149415550033
t273,1751.8149415550033,0.0,0.0,1751.8149415550033
t274,807.2414806769857,0.0,0.0,807.2414806769857
t275,807.2414806769857,0.0,0.0,807.2414806769857
t276,807.2414806769857,0.0,0.0,807.2414806769857
t277,807.2414806769857,0.0,0.0,807.2414806769857
t278,807.2414806769857,0.0,0.0,807.2414806769857
t279,807.2414806769857,0.0,0.0,807.2414806769857
t280,1721.296988081568,0.0,0.0,1721.296988081568
t281,1724.8749587115078,0.0,0.0,1724.8749587115078
t282,1724.8749587115078,0.0,0.0,1724.8749587115078
t283,1724.8749587115078,0.0,0.0,1724.8749587115078
t284,1724.8749587115078,0.0,0.0,1724.8749587115078
t285,1724.8749587115078,0.0,0.0,1724.8749587115078
t286,1724.8749587115078,0.0,0.0,1724.8749587115078
t287,1724.8749587115078,0.0,0.0,1724.8749587115078
t288,1177.611201091908,0.0,0.0,1177.611201091908
t289,512.6759177209422,0.0,0.0,512.6759177209422
t290,0.0,0.0,0.0,0.0
t291,0.0,0.0,0.0,0.0
t292,0.0,0.0,0.0,0.0
t293,0.0,0.0,0.0,0.0
t294,0.0,0.0,0.0,0.0
t295,0.0,0.0,0.0,0.0
t296,0.0,0.0,0.0,0.0
t297,0.0,0.0,0.0,0.0
t298,0.0,0.0,0.0,0.0
t299,0.0,0.0,0.0,0.0
t300,0.0,0.0,0.0,0.0
t301,0.0,0.0,0.0,0.0
t302,0.0,0.0,0.0,0.0
t303,0.0,0.0,0.0,0.0
t304,0.0,0.0,0.0,0.0
t305,0.0,0.0,0.0,0.0
t306,0.0,0.0,0.0,0.0
t307,0.0,0.0,0.0,0.0
t308,0.0,0.0,0.0,0.0
t309,0.0,0.0,0.0,0.0
t310,0.0,0.0,0.0,0.0
t311,0.0,0.0,0.0,0.0
t312,0.0,0.0,0.0,0.0
t313,0.0,0.0,0.0,0.0
t314,0.0,0.0,0.0,0.0
t315,0.0,0.0,0.0,0.0
t316,0.0,0.0,0.0,0.0
t317,0.0,0.0,0.0,0.0
t318,0.0,0.0,0.0,0.0
t319,0.0,0.0,0.0,0.0
t320,0.0,0.0,0.0,0.0
t321,0.0,0.0,0.0,0.0
t322,0.0,0.0,0.0,0.0
t323,0.0,0.0,0.0,0.0
t324,0.0,0.0,0.0,0.0
t325,0.0,0.0,0.0,0.0
t326,0.0,0.0,0.0,0.0
t327,0.0,0.0,0.0,0.0
t328,0.0,0.0,0.0,0.0
t329,0.0,0.0,0.0,0.0
t330,0.0,0.0,0.0,0.0
t331,0.0,0.0,0.0,0.0
t332,0.0,0.0,0.0,0.0
t333,0.0,0.0,0.0,0.0
t334,0.0,0.0,0.0,0.0
t335,0.0,0.0,0.0,0.0
t336,0.0,0.0,0.0,0.0
t337,0.0,0.0,0.0,0.0
t338,0.0,0.0,0.0,0.0
t339,0.0,0.0,0.0,0.0
t340,0.0,0.0,0.0,0.0
t341,0.0,0.0,0.0,0.0
t342,0.0,0.0,0.0,0.0
t343,0.0,0.0,0.0,0.0
t344,0.0,0.0,0.0,0.0
t345,0.0,0.0,0.0,0.0
t346,0.0,0.0,0.0,0.0
t347,0.0,0.0,0.0,0.0
t348,0.0,0.0,0.0,0.0
t349,0.0,0.0,0.0,0.0
t350,0.0,0.0,0.0,0.0
t351,0.0,0.0,0.0,0.0
t352,0.0,0.0,0.0,0.0
t353,0.0,0.0,0.0,0.0
t354,0.0,0.0,0.0,0.0
t355,0.0,0.0,0.0,0.0
t356,0.0,0.0,0.0,0.0
t357,0.0,0.0,0.0,0.0
t358,0.0,0.0,0.0,0.0
t359,0.0,0.0,0.0,0.0
t360,0.0,0.0,0.0,0.0
t361,0.0,0.0,0.0,0.0
t362,0.0,0.0,0.0,0.0
t363,0.0,0.0,0.0,0.0
t364,0.0,0.0,0.0,0.0
t365,0.0,0.0,0.0,0.0
t366,0.0,0.0,0.0,0.0
t367,0.0,0.0,0.0,0.0
t368,0.0,0.0,0.0,0.0
t369,0.0,0.0,0.0,0.0
t370,0.0,0.0,0.0,0.0
t371,0.0,0.0,0.0,0.0
t372,0.0,0.0,0.0,0.0
t373,0.0,0.0,0.0,0.0
t374,0.0,0.0,0.0,0.0
t375,0.0,0.0,0.0,0.0
t376,0.0,0.0,0.0,0.0
t377,0.0,0.0,0.0,0.0
t378,0.0,0.0,0.0,0.0
t379,0.0,0.0,0.0,0.0
t380,0.0,0.0,0.0,0.0
t381,0.0,0.0,0.0,0.0
t382,0.0,0.0,0.0,0.0
t383,0.0,0.0,0.0,0.0
t384,0.0,0.0,0.0,0.0
t385,0.0,0.0,0.0,0.0
t386,0.0,0.0,0.0,0.0
t387,0.0,0.0,0.0,0.0
t388,0.0,0.0,0.0,0.0
t389,0.0,0.0,0.0,0.0
t390,0.0,0.0,0.0,0.0
t391,0.0,0.0,0.0,0.0
t392,0.0,0.0,0.0,0.0
t393,0.0,0.0,0.0,0.0
t394,0.0,0.0,0.0,0.0
t395,0.0,0.0,0.0,0.0
t396,0.0,0.0,0.0,0.0
t397,0.0,0.0,0.0,0.0
t398,0.0,0.0,0.0,0.0
t399,0.0,0.0,0.0,0.0
t400,0.0,0.0,0.0,0.0
t401,0.0,0.0,0.0,0.0
t402,0.0,0.0,0.0,0.0
t403,0.0,0.0,0.0,0.0
t404,0.0,0.0,0.0,0.0
t405,0.0,0.0,0.0,0.0
t406,0.0,0.0,0.0,0.0
t407,0.0,0.0,0.0,0.0
t408,0.0,0.0,0.0,0.0
t409,0.0,0.0,0.0,0.0
t410,0.0,0.0,0.0,0.0
t411,0.0,0.0,0.0,0.0
t412,0.0,0.0,0.0,0.0
t413,0.0,0.0,0.0,0.0
t414,0.0,0.0,0.0,0.0
t415,0.0,0.0,0.0,0.0
t416,0.0,0.0,0.0,0.0
t417,0.0,0.0,0.0,0.0
t418,0.0,0.0,0.0,0.0
t419,0.0,0.0,0.0,0.0
t420,0.0,0.0,0.0,0.0
t421,0.0,0.0,0.0,0.0
t422,0.0,0.0,0.0,0.0
t423,0.0,0.0,0.0,0.0
t424,0.0,0.0,0.0,0.0
t425,0.0,0.0,0.0,0.0
t426,0.0,0.0,0.0,0.0
t427,0.0,0.0,0.0,0.0
t428,0.0,0.0,0.0,0.0
t429,0.0,0.0,0.0,0.0
t430,0.0,0.0,0.0,0.0
t431,0.0,0.0,0.0,0.0
t432,0.0,0.0,0.0,0.0
t433,0.0,0.0,0.0,0.0
t434,0.0,0.0,0.0,0.0
t435,0.0,0.0,0.0,0.0
t436,0.0,0.0,0.0,0.0
t437,0.0,0.0,0.0,0.0
t438,0.0,0.0,0.0,0.0
t439,0.0,0.0,0.0,0.0
t440,0.0,0.0,0.0,0.0
t441,0.0,0.0,0.0,0.0
t442,0.0,0.0,0.0,0.0
t443,0.0,0.0,0.0,0.0
t444,0.0,0.0,0.0,0.0
t445,0.0,0.0,0.0,0.0
t446,0.0,0.0,0.0,0.0
t447,0.0,0.0,0.0,0.0
t448,0.0,0.0,0.0,0.0
t449,0.0,0.0,0.0,0.0
t450,0.0,0.0,0.0,0.0
t451,0.0,0.0,0.0,0.0
t452,0.0,0.0,0.0,0.0
t453,0.0,0.0,0.0,0.0
t454,0.0,0.0,0.0,0.0
t455,0.0,0.0,0.0,0.0
t456,0.0,0.0,0.0,0.0
t457,0.0,0.0,0.0,0.0
t458,0.0,0.0,0.0,0.0
t459,0.0,0.0,0.0,0.0
t460,0.0,0.0,0.0,0.0
t461,0.0,0.0,0.0,0.0
t462,0.0,0.0,0.0,0.0
t463,0.0,0.0,0.0,0.0
t464,0.0,0.0,0.0,0.0
t465,0.0,0.0,0.0,0.0
t466,0.0,0.0,0.0,0.0
t467,0.0,0.0,0.0,0.0
t468,0.0,0.0,0.0,0.0
t469,0.0,0.0,0.0,0.0
t470,0.0,0.0,0.0,0.0
t471,0.0,0.0,0.0,0.0
t472,0.0,0.0,0.0,0.0
t473,0.0,0.0,0.0,0.0
t474,0.0,36.724825500423925,0.0,36.724825500423925
t475,0.0,39.8793249089523,0.0,39.8793249089523
t476,0.0,39.8793249089523,0.0,39.8793249089523
t477,0.0,39.8793249089523,0.0,39.8793249089523
t478,0.0,39.8793249089523,0.0,39.8793249089523
t479,0.0,39.8793249089523,0.0,39.8793249089523
t480,0.0,39.8793249089523,0.0,39.8793249089523
t481,0.0,39.8793249089523,0.0,39.8793249089523
t482,0.0,39.8793249089523,0.0,39.8793249089523
t483,0.0,39.8793249089523,0.0,39.8793249089523
t484,0.0,39.8793249089523,0.0,39.8793249089523
t485,0.0,39.8793249089523,0.0,39.8793249089523
t486,0.0,39.8793249089523,0.0,39.8793249089523
t487,0.0,39.8793249089523,0.0,39.8793249089523
t488,0.0,39.8793249089523,0.0,39.8793249089523
t489,0.0,39.8793249089523,0.0,39.8793249089523
t490,0.0,39.00197976095534,0.0,39.00197976095534
t491,0.0,13.479211819225876,0.0,13.479211819225876
t492,0.0,13.479211819225876,0.0,13.479211819225876
t493,0.0,13.479211819225876,0.0,13.479211819225876
t494,0.0,13.479211819225876,0.0,13.479211819225876
t495,0.0,13.479211819225876,0.0,13.479211819225876
t496,0.0,13.479211819225876,0.0,13.479211819225876
t497,0.0,39.00197976095534,0.0,39.00197976095534
t498,0.0,39.8793249089523,0.0,39.8793249089523
t499,0.0,39.8793249089523,0.0,39.8793249089523
t500,0.0,39.8793249089523,0.0,39.8793249089523
t501,0.0,39.8793249089523,0.0,39.8793249089523
t502,0.0,39.8793249089523,0.0,39.8793249089523
t503,0.0,25.522767941729466,0.0,25.522767941729466
t504,0.0,0.0,0.0,0.0
t505,0.0,0.0,0.0,0.0
t506,0.0,0.0,0.0,0.0
t507,0.0,0.0,0.0,0.0
t508,0.0,0.0,0.0,0.0
t509,0.0,0.0,0.0,0.0
t510,0.0,0.0,0.0,0.0
t511,0.0,0.0,0.0,0.0
t512,0.0,0.0,0.0,0.0
t513,0.0,0.0,0.0,0.0
t514,0.0,0.0,0.0,0.0
t515,0.0,0.0,0.0,0.0
t516,0.0,0.0,0.0,0.0
t517,0.0,0.0,0.0,0.0
t518,0.0,0.0,0.0,0.0
t519,0.0,0.0,0.0,0.0
t520,0.0,0.0,0.0,0.0
t521,0.0,0.0,0.0,0.0
t522,0.0,0.0,0.0,0.0
t523,0.0,0.0,0.0,0.0
t524,0.0,0.0,0.0,0.0
t525,0.0,0.0,0.0,0.0
t526,0.0,0.0,0.0,0.0
t527,0.0,0.0,0.0,0.0
t528,0.0,0.0,0.0,0.0
t529,0.0,0.0,0.0,0.0
t530,0.0,0.0,0.0,0.0
t531,0.0,0.0,0.0,0.0
t532,0.0,0.0,0.0,0.0
t533,0.0,0.0,0.0,0.0
t534,0.0,0.0,0.0,0.0
t535,0.0,0.0,0.0,0.0
t536,0.0,0.0,0.0,0.0
t537,0.0,0.0,0.0,0.0
t538,0.0,0.0,0.0,0.0
t539,0.0,0.0,0.0,0.0
t540,0.0,0.0,0.0,0.0
t541,0.0,0.0,0.0,0.0
t542,0.0,0.0,0.0,0.0
t543,0.0,0.0,0.0,0.0
t544,0.0,0.0,0.0,0.0
t545,0.0,0.0,0.0,0.0
t546,0.0,0.0,0.0,0.0
t547,0.0,0.0,0.0,0.0
t548,0.0,0.0,0.0,0.0
t549,0.0,0.0,0.0,0.0
t550,0.0,0.0,0.0,0.0
t551,0.0,0.0,0.0,0.0
t552,0.0,0.0,0.0,0.0
t553,0.0,0.0,0.0,0.0
t554,0.0,0.0,0.0,0.0
t555,0.0,0.0,0.0,0.0
t556,0.0,0.0,0.0,0.0
t557,0.0,0.0,0.0,0.0
t558,0.0,0.0,0.0,0.0
t559,0.0,0.0,0.0,0.0
t560,0.0,0.0,0.0,0.0
t561,0.0,0.0,0.0,0.0
t562,0.0,0.0,0.0,0.0
t563,0.0,0.0,0.0,0.0
t564,0.0,0.0,0.0,0.0
t565,0.0,0.0,0.0,0.0
t566,0.0,0.0,0.0,0.0
t567,0.0,0.0,0.0,0.0
t568,0.0,0.0,0.0,0.0
t569,0.0,0.0,0.0,0.0
t570,0.0,0.0,0.0,0.0
t571,0.0,0.0,0.0,0.0
t572,0.0,0.0,0.0,0.0
t573,0.0,0.0,0.0,0.0
t574,0.0,0.0,0.0,0.0
t575,0.0,0.0,0.0,0.0
t576,0.0,0.0,0.0,0.0
t577,0.0,0.0,0.0,0.0
t578,0.0,0.0,0.0,0.0
t579,0.0,0.0,0.0,0.0
t580,0.0,0.0,0.0,0.0
t581,0.0,0.0,0.0,0.0
t582,0.0,0.0,0.0,0.0
t583,0.0,0.0,0.0,0.0
t584,0.0,0.0,0.0,0.0
t585,0.0,0.0,0.0,0.0
t586,0.0,0.0,0.0,0.0
t587,0.0,0.0,0.0,0.0
t588,0.0,0.0,0.0,0.0
t589,0.0,0.0,0.0,0.0
t590,0.0,0.0,0.0,0.0
t591,0.0,0.0,0.0,0.0
t592,0.0,0.0,0.0,0.0
t593,0.0,0.0,0.0,0.0
t594,0.0,0.0,0.0,0.0
t595,0.0,0.0,0.0,0.0
t596,0.0,0.0,0.0,0.0
t597,0.0,0.0,0.0,0.0
t598,0.0,0.0,0.0,0.0
t599,0.0,0.0,0.0,0.0
t600,0.0,0.0,0.0,0.0
t601,0.0,0.0,0.0,0.0
t602,0.0,0.0,0.0,0.0
t603,0.0,0.0,0.0,0.0
t604,0.0,0.0,0.0,0.0
t605,0.0,0.0,0.0,0.0
t606,0.0,0.0,0.0,0.0
t607,0.0,0.0,0.0,0.0
t608,0.0,0.0,0.0,0.0
t609,0.0,0.0,0.0,0.0
t610,0.0,0.0,0.0,0.0
t611,0.0,0.0,0.0,0.0
t612,0.0,0.0,0.0,0.0
t613,0.0,0.0,0.0,0.0
t614,0.0,0.0,0.0,0.0
t615,0.0,0.0,0.0,0.0
t616,0.0,0.0,0.0,0.0
t617,0.0,0.0,0.0,0.0
t618,0.0,0.0,0.0,0.0
t619,0.0,0.0,0.0,0.0
t620,0.0,0.0,0.0,0.0
t621,0.0,0.0,0.0,0.0
t622,0.0,0.0,0.0,0.0
t623,0.0,0.0,0.0,0.0
t624,0.0,0.0,0.0,0.0
t625,0.0,0.0,0.0,0.0
t626,0.0,0.0,0.0,0.0
t627,0.0,0.0,0.0,0.0
t628,0.0,0.0,0.0,0.0
t629,0.0,0.0,0.0,0.0
t630,0.0,0.0,0.0,0.0
t631,0.0,0.0,0.0,0.0
t632,0.0,0.0,0.0,0.0
t633,0.0,0.0,0.0,0.0
t634,0.0,0.0,0.0,0.0
t635,0.0,0.0,0.0,0.0
t636,0.0,0.0,0.0,0.0
t637,0.0,0.0,0.0,0.0
t638,0.0,0.0,0.0,0.0
t639,0.0,0.0,0.0,0.0
t640,0.0,0.0,0.0,0.0
t641,0.0,0.0,0.0,0.0
t642,0.0,0.0,0.0,0.0
t643,0.0,0.0,0.0,0.0
t644,0.0,0.0,0.0,0.0
t645,0.0,0.0,0.0,0.0
t646,0.0,0.0,0.0,0.0
t647,0.0,0.0,0.0,0.0
t648,0.0,0.0,0.0,0.0
t649,0.0,0.0,0.0,0.0
t650,0.0,0.0,0.0,0.0
t651,0.0,0.0,0.0,0.0
t652,0.0,0.0,0.0,0.0
t653,0.0,0.0,0.0,0.0
t654,0.0,0.0,0.0,0.0
t655,0.0,0.0,0.0,0.0
t656,0.0,0.0,0.0,0.0
t657,0.0,0.0,0.0,0.0
t658,0.0,0.0,0.0,0.0
t659,0.0,0.0,0.0,0.0
t660,0.0,0.0,0.0,0.0
t661,0.0,0.0,0.0,0.0
t662,0.0,0.0,0.0,0.0
t663,0.0,0.0,0.0,0.0
t664,0.0,0.0,0.0,0.0
t665,0.0,0.0,0.0,0.0
t666,0.0,0.0,0.0,0.0
t667,0.0,0.0,0.0,0.0
t668,0.0,0.0,0.0,0.0
t669,0.0,0.0,0.0,0.0
t670,0.0,0.0,0.0,0.0
t671,0.0,0.0,0.0,0.0
t672,0.0,0.0,0.0,0.0
t673,0.0,0.0,0.0,0.0
t674,0.0,0.0,0.0,0.0
t675,0.0,0.0,0.0,0.0
t676,0.0,0.0,0.0,0.0
t677,0.0,0.0,0.0,0.0
t678,0.0,0.0,0.0,0.0
t679,0.0,0.0,0.0,0.0
t680,0.0,0.0,0.0,0.0
t681,0.0,0.0,0.0,0.0
t682,0.0,0.0,0.0,0.0
t683,0.0,0.0,0.0,0.0
t684,0.0,0.0,0.0,0.0
t685,0.0,0.0,0.0,0.0
t686,0.0,0.0,0.0,0.0
t687,0.0,0.0,0.0,0.0
t688,0.0,0.0,0.0,0.0
t689,0.0,0.0,0.0,0.0
t690,0.0,0.0,0.0,0.0
t691,0.0,0.0,0.0,0.0
t692,0.0,0.0,0.0,0.0
t693,0.0,0.0,0.0,0.0
t694,0.0,0.0,0.0,0.0
t695,0.0,0.0,0.0,0.0
t696,0.0,0.0,0.0,0.0
t697,0.0,0.0,0.0,0.0
t698,0.0,0.0,0.0,0.0
t699,0.0,0.0,0.0,0.0
t700,0.0,0.0,0.0,0.0
t701,0.0,0.0,0.0,0.0
t702,0.0,0.0,0.0,0.0
t703,0.0,0.0,0.0,0.0
t704,0.0,0.0,0.0,0.0
t705,0.0,0.0,0.0,0.0
t706,0.0,0.0,0.0,0.0
t707,0.0,0.0,0.0,0.0
t708,0.0,0.0,0.0,0.0
t709,0.0,0.0,0.0,0.0
t710,0.0,0.0,0.0,0.0
t711,0.0,0.0,0.0,0.0
t712,0.0,0.0,0.0,0.0
t713,0.0,0.0,0.0,0.0
t714,239.09914608744592,595.4238749467229,229.8221269475269,1064.3451479816956
t715,262.9835764196061,646.5681414135962,287.8250279927943,1197.3767458259965
t716,262.9835764196061,646.5681414135962,287.8250279927943,1197.3767458259965
t717,262.9835764196061,646.5681414135962,287.8250279927943,1197.3767458259965
t718,262.9835764196061,646.5681414135962,287.8250279927943,1197.3767458259965
t719,262.9835764196061,646.5681414135962,287.8250279927943,1197.3767458259965
t720,262.9835764196061,646.5681414135962,287.8250279927943,1197.3767458259965
t721,262.9835764196061,646.5681414135962,287.8250279927943,1197.3767458259965
t722,262.9835764196061,646.5681414135962,287.8250279927943,1197.3767458259965
t723,262.9835764196061,646.5681414135962,287.8250279927943,1197.3767458259965
t724,262.9835764196061,646.5681414135962,287.8250279927943,1197.3767458259965
t725,262.9835764196061,646.5681414135962,287.8250279927943,1197.3767458259965
t726,262.9835764196061,646.5681414135962,287.8250279927943,1197.3767458259965
t727,262.9835764196061,632.3436423024971,287.8250279927943,1183.1522467148975
t728,123.07631376437564,218.5400317977955,136.4290632685845,478.04540883075566
t729,123.07631376437564,218.5400317977955,136.4290632685845,478.04540883075566
t730,123.07631376437564,218.5400317977955,136.4290632685845,478.04540883075566
t731,123.07631376437564,218.5400317977955,136.4290632685845,478.04540883075566
t732,123.07631376437564,218.5400317977955,136.4290632685845,478.04540883075566
t733,123.07631376437564,218.5400317977955,136.4290632685845,478.04540883075566
t734,123.07631376437564,218.5400317977955,136.4290632685845,478.04540883075566
t735,123.07631376437564,218.5400317977955,136.4290632685845,478.04540883075566
t736,123.07631376437564,218.5400317977955,136.4290632685845,478.04540883075566
t737,123.07631376437564,218.5400317977955,136.4290632685845,478.04540883075566
t738,262.9835764196061,632.3436423024971,287.8250279927943,1183.1522467148975
t739,262.9835764196061,646.5681414135962,287.8250279927943,1197.3767458259965
t740,262.9835764196061,646.5681414135962,287.8250279927943,1197.3767458259965
t741,262.9835764196061,646.5681414135962,287.8250279927943,1197.3767458259965
t742,262.9835764196061,646.5681414135962,287.8250279927943,1197.3767458259965
t743,262.9835764196061,646.5681414135962,287.8250279927943,1197.3767458259965
t744,262.9835764196061,646.5681414135962,287.8250279927943,1197.3767458259965
t745,262.9835764196061,646.5681414135962,287.8250279927943,1197.3767458259965
t746,262.9835764196061,646.5681414135962,287.8250279927943,1197.3767458259965
t747,262.9835764196061,646.5681414135962,287.8250279927943,1197.3767458259965
t748,262.9835764196061,646.5681414135962,287.8250279927943,1197.3767458259965
t749,262.9835764196061,646.5681414135962,287.8250279927943,1197.3767458259965
t750,262.9835764196061,646.5681414135962,287.8250279927943,1197.3767458259965
t751,262.9835764196061,646.5681414135962,287.8250279927943,1197.3767458259965
t752,94.67408751105818,604.2638052992843,287.8250279927943,986.7629208031367
t753,0.0,218.5400317977955,136.4290632685845,354.96909506638
t754,0.0,218.5400317977955,136.4290632685845,354.96909506638
t755,0.0,218.5400317977955,136.4290632685845,354.96909506638
t756,0.0,218.5400317977955,136.4290632685845,354.96909506638
t757,0.0,218.5400317977955,136.4290632685845,354.96909506638
t758,0.0,218.5400317977955,136.4290632685845,354.96909506638
t759,0.0,218.5400317977955,136.4290632685845,354.96909506638
t760,0.0,218.5400317977955,136.4290632685845,354.96909506638
t761,0.0,218.5400317977955,287.8250279927943,506.3650597905898
t762,0.0,632.3436423024971,287.8250279927943,920.1686702952913
t763,0.0,646.5681414135962,287.8250279927943,934.3931694063905
t764,0.0,646.5681414135962,287.8250279927943,934.3931694063905
t765,0.0,646.5681414135962,287.8250279927943,934.3931694063905
t766,0.0,646.5681414135962,287.8250279927943,934.3931694063905
t767,0.0,646.5681414135962,136.4290632685845,782.9972046821807
t768,0.0,646.5681414135962,136.4290632685845,782.9972046821807
t769,0.0,646.5681414135962,287.8250279927943,934.3931694063905
t770,0.0,646.5681414135962,268.7231620301792,915.2913034437754
t771,0.0,646.5681414135962,287.8250279927943,934.3931694063905
t772,0.0,646.5681414135962,287.8250279927943,934.3931694063905
t773,0.0,582.3368282418371,287.8250279927943,870.1618562346314
t774,0.0,168.53321773713537,136.4290632685845,304.9622810057199
t775,0.0,319.1161519283037,184.20801791538835,503.32416984369206
t776,0.0,0.0,0.0,0.0
t777,0.0,0.0,0.0,0.0
t778,0.0,0.0,0.0,0.0
t779,0.0,0.0,0.0,0.0
t780,0.0,0.0,0.0,0.0
t781,0.0,0.0,0.0,0.0
t782,0.0,0.0,0.0,0.0
t783,0.0,0.0,0.0,0.0
t784,0.0,0.0,0.0,0.0
t785,0.0,0.0,0.0,0.0
t786,0.0,0.0,0.0,0.0
t787,0.0,0.0,0.0,0.0
t788,0.0,0.0,0.0,0.0
t789,0.0,0.0,0.0,0.0
t790,0.0,0.0,0.0,0.0
t791,0.0,0.0,0.0,0.0
t792,0.0,0.0,0.0,0.0
t793,0.0,0.0,0.0,0.0
t794,0.0,0.0,0.0,0.0
t795,0.0,0.0,0.0,0.0
t796,0.0,0.0,0.0,0.0
t797,0.0,0.0,0.0,0.0
t798,0.0,0.0,0.0,0.0
t799,0.0,0.0,0.0,0.0
t800,0.0,0.0,0.0,0.0
t801,0.0,0.0,0.0,0.0
t802,0.0,0.0,0.0,0.0
t803,0.0,0.0,0.0,0.0
t804,0.0,0.0,0.0,0.0
t805,0.0,0.0,0.0,0.0
t806,0.0,0.0,0.0,0.0
t807,0.0,0.0,0.0,0.0
t808,0.0,0.0,0.0,0.0
t809,0.0,0.0,0.0,0.0
t810,0.0,0.0,0.0,0.0
t811,0.0,0.0,0.0,0.0
t812,0.0,0.0,0.0,0.0
t813,0.0,0.0,0.0,0.0
t814,0.0,0.0,0.0,0.0
t815,0.0,0.0,0.0,0.0
t816,0.0,0.0,0.0,0.0
t817,0.0,0.0,0.0,0.0
t818,0.0,0.0,0.0,0.0
t819,0.0,0.0,0.0,0.0
t820,0.0,0.0,0.0,0.0
t821,0.0,0.0,0.0,0.0
t822,0.0,0.0,0.0,0.0
t823,0.0,0.0,0.0,0.0
t824,0.0,0.0,0.0,0.0
t825,0.0,0.0,0.0,0.0
t826,0.0,0.0,0.0,0.0
t827,0.0,0.0,0.0,0.0
t828,0.0,0.0,0.0,0.0
t829,0.0,0.0,0.0,0.0
t830,0.0,0.0,0.0,0.0
t831,0.0,0.0,0.0,0.0
t832,0.0,0.0,0.0,0.0
t833,0.0,0.0,0.0,0.0
t834,0.0,34.26989820220309,0.0,34.26989820220309
t835,0.0,18.7158614015227,0.0,18.7158614015227
t836,0.0,18.7158614015227,0.0,18.7158614015227
t837,0.0,19.934053563751988,0.0,19.934053563751988
t838,0.0,55.37237101042218,0.0,55.37237101042218
t839,0.0,19.934053563751984,0.0,19.934053563751984
t840,0.0,0.0,0.0,0.0
t841,0.0,0.0,0.0,0.0
t842,0.0,0.0,0.0,0.0
t843,0.0,0.0,0.0,0.0
t844,0.0,0.0,0.0,0.0
t845,0.0,0.0,0.0,0.0
t846,0.0,0.0,0.0,0.0
t847,0.0,0.0,0.0,0.0
t848,0.0,0.0,0.0,0.0
t849,0.0,0.0,0.0,0.0
t850,0.0,0.0,0.0,0.0
t851,0.0,0.0,0.0,0.0
t852,0.0,0.0,0.0,0.0
t853,0.0,0.0,0.0,0.0
t854,0.0,0.0,0.0,0.0
t855,0.0,0.0,0.0,0.0
t856,0.0,0.0,0.0,0.0
t857,0.0,0.0,0.0,0.0
t858,0.0,0.0,0.0,0.0
t859,0.0,0.0,0.0,0.0
t860,0.0,0.0,0.0,0.0
t861,0.0,0.0,0.0,0.0
t862,0.0,0.0,0.0,0.0
t863,0.0,0.0,0.0,0.0
t864,0.0,0.0,0.0,0.0
t865,0.0,0.0,0.0,0.0
t866,0.0,0.0,0.0,0.0
t867,0.0,0.0,0.0,0.0
t868,0.0,0.0,0.0,0.0
t869,0.0,0.0,0.0,0.0
t870,0.0,0.0,0.0,0.0
t871,0.0,0.0,0.0,0.0
t872,0.0,0.0,0.0,0.0
t873,0.0,0.0,0.0,0.0
t874,0.0,0.0,0.0,0.0
t875,0.0,0.0,0.0,0.0
t876,0.0,0.0,0.0,0.0
t877,0.0,0.0,0.0,0.0
t878,0.0,0.0,0.0,0.0
t879,0.0,0.0,0.0,0.0
t880,0.0,0.0,0.0,0.0
t881,0.0,0.0,0.0,0.0
t882,0.0,0.0,0.0,0.0
t883,0.0,0.0,0.0,0.0
t884,0.0,0.0,0.0,0.0
t885,0.0,0.0,0.0,0.0
t886,0.0,0.0,0.0,0.0
t887,0.0,0.0,0.0,0.0
t888,0.0,0.0,0.0,0.0
t889,0.0,0.0,0.0,0.0
t890,0.0,0.0,0.0,0.0
t891,0.0,0.0,0.0,0.0
t892,0.0,0.0,0.0,0.0
t893,0.0,0.0,0.0,0.0
t894,0.0,0.0,0.0,0.0
t895,0.0,0.0,0.0,0.0
t896,0.0,0.0,0.0,0.0
t897,0.0,0.0,0.0,0.0
t898,0.0,0.0,0.0,0.0
t899,0.0,0.0,0.0,0.0
t900,0.0,0.0,0.0,0.0
t901,0.0,0.0,0.0,0.0
t902,0.0,0.0,0.0,0.0
t903,0.0,0.0,0.0,0.0
t904,0.0,0.0,0.0,0.0
t905,618.2296628970795,0.0,0.0,618.2296628970795
t906,1341.311148727486,0.0,0.0,1341.311148727486
t907,1291.9033556756585,0.0,0.0,1291.9033556756585
t908,1291.9033556756585,0.0,0.0,1291.9033556756585
t909,1291.9033556756585,0.0,0.0,1291.9033556756585
t910,1291.9033556756585,0.0,0.0,1291.9033556756585
t911,1291.9033556756585,0.0,0.0,1291.9033556756585
t912,1212.897535219487,0.0,0.0,1212.897535219487
t913,990.9133296374282,0.0,0.0,990.9133296374282
t914,604.6107704562081,0.0,0.0,604.6107704562081
t915,604.6107704562081,0.0,0.0,604.6107704562081
t916,604.6107704562081,0.0,0.0,604.6107704562081
t917,604.6107704562081,0.0,0.0,604.6107704562081
t918,604.6107704562081,0.0,0.0,604.6107704562081
t919,604.6107704562081,0.0,0.0,604.6107704562081
t920,604.6107704562081,0.0,0.0,604.6107704562081
t921,604.6107704562081,0.0,0.0,604.6107704562081
t922,604.6107704562081,0.0,0.0,604.6107704562081
t923,604.6107704562081,0.0,0.0,604.6107704562081
t924,604.6107704562081,0.0,0.0,604.6107704562081
t925,604.6107704562081,0.0,0.0,604.6107704562081
t926,604.6107704562081,0.0,0.0,604.6107704562081
t927,604.6107704562081,0.0,229.8221269475269,834.4328974037351
t928,1215.3499551592429,0.0,287.8250279927943,1503.1749831520372
t929,1539.3958020736668,478.27768245968986,287.8250279927943,2305.498512526151
t930,1539.3958020736668,519.3596112605222,287.8250279927943,2346.5804413269834
t931,1539.3958020736668,519.3596112605222,287.8250279927943,2346.5804413269834
t932,1539.3958020736668,519.3596112605222,287.8250279927943,2346.5804413269834
t933,1539.3958020736668,519.3596112605222,287.8250279927943,2346.5804413269834
t934,1539.3958020736668,519.3596112605222,287.8250279927943,2346.5804413269834
t935,1539.3958020736668,519.3596112605222,287.8250279927943,2346.5804413269834
t936,1539.3958020736668,519.3596112605222,287.8250279927943,2346.5804413269834
t937,1539.3958020736668,519.3596112605222,287.8250279927943,2346.5804413269834
t938,1207.8903066275889,519.3596112605222,287.8250279927943,2015.0749458809055
t939,960.1398384120165,519.3596112605222,136.4290632685845,1615.9285129411232
t940,587.3973683239167,411.1601159825637,136.4290632685845,1134.9865475750648
t941,664.0269440742032,507.9336998127907,136.4290632685845,1308.3897071555784
t942,587.3973683239167,175.5435486060565,136.4290632685845,899.3699801985576
t943,1127.206316711649,507.9336998127907,287.8250279927943,1922.9650445172338
t944,800.9348919468603,507.9336998127907,287.8250279927943,1596.693619752445
t945,587.3973683239167,175.5435486060565,136.4290632685845,899.3699801985576
t946,587.3973683239167,175.5435486060565,136.4290632685845,899.3699801985576
t947,587.3973683239167,175.5435486060565,136.4290632685845,899.3699801985576
t948,587.3973683239167,175.5435486060565,136.4290632685845,899.3699801985576
t949,587.3973683239167,175.5435486060565,136.4290632685845,899.3699801985576
t950,587.3973683239167,175.5435486060565,136.4290632685845,899.3699801985576
t951,587.3973683239167,175.5435486060565,136.4290632685845,899.3699801985576
t952,587.3973683239167,475.6465686129727,136.4290632685845,1199.473000205474
t953,1255.1225818887106,519.3596112605222,197.96718157352865,1972.4493747227616
t954,1255.1225818887106,519.3596112605222,252.89484453557438,2027.3770376848072
t955,1255.1225818887106,519.3596112605222,287.8250279927943,2062.307221142027
t956,1255.1225818887106,519.3596112605222,287.8250279927943,2062.307221142027
t957,1255.1225818887106,519.3596112605222,287.8250279927943,2062.307221142027
t958,1255.1225818887106,519.3596112605222,287.8250279927943,2062.307221142027
t959,1255.1225818887106,519.3596112605222,287.8250279927943,2062.307221142027
t960,1255.1225818887106,519.3596112605222,287.8250279927943,2062.307221142027
t961,830.6385111244133,209.56165358566832,287.8250279927943,1328.025192702876
t962,1255.1225818887106,519.3596112605222,287.8250279927943,2062.307221142027
t963,1255.1225818887106,519.3596112605222,287.8250279927943,2062.307221142027
t964,1102.1883125712202,519.3596112605222,287.8250279927943,1909.3729518245368
t965,910.4297867893918,519.3596112605222,287.8250279927943,1717.6144260427081
t966,513.7886529706817,519.3596112605222,287.8250279927943,1320.9732922239982
t967,102.52258463909682,245.47449425715428,287.8250279927943,635.8221068890454
t968,140.20182514748282,0.0,184.20801791538835,324.4098430628712
t969,0.0,0.0,0.0,0.0
t970,0.0,0.0,0.0,0.0
t971,0.0,0.0,0.0,0.0
t972,0.0,0.0,0.0,0.0
t973,0.0,0.0,0.0,0.0
t974,0.0,0.0,0.0,0.0
t975,0.0,0.0,0.0,0.0
t976,0.0,0.0,0.0,0.0
t977,0.0,0.0,0.0,0.0
t978,0.0,0.0,0.0,0.0
t979,0.0,0.0,0.0,0.0
t980,0.0,0.0,0.0,0.0
t981,0.0,0.0,0.0,0.0
t982,0.0,0.0,0.0,0.0
t983,0.0,0.0,0.0,0.0
t984,0.0,0.0,0.0,0.0
t985,0.0,0.0,0.0,0.0
t986,0.0,0.0,0.0,0.0
t987,0.0,0.0,0.0,0.0
t988,0.0,0.0,0.0,0.0
t989,0.0,0.0,0.0,0.0
t990,0.0,0.0,0.0,0.0
t991,0.0,0.0,0.0,0.0
t992,0.0,0.0,0.0,0.0
t993,0.0,0.0,0.0,0.0
t994,0.0,0.0,0.0,0.0
t995,0.0,0.0,0.0,0.0
t996,0.0,0.0,0.0,0.0
t997,0.0,0.0,0.0,0.0
t998,0.0,0.0,0.0,0.0
t999,0.0,0.0,0.0,0.0
t1000,0.0,0.0,0.0,0.0
t1001,0.0,0.0,0.0,0.0
t1002,0.0,0.0,0.0,0.0
t1003,0.0,0.0,0.0,0.0
t1004,0.0,0.0,0.0,0.0
t1005,0.0,0.0,0.0,0.0
t1006,0.0,0.0,0.0,0.0
t1007,0.0,0.0,0.0,0.0
t1008,0.0,0.0,0.0,0.0
t1009,519.2224353893663,646.5681414135962,0.0,1165.7905768029625
t1010,255.28144583194495,562.6591460940821,0.0,817.9405919260271
t1011,0.0,148.8555355893805,0.0,148.8555355893805
t1012,0.0,148.85553558938057,0.0,148.85553558938057
t1013,0.0,148.8555355893805,0.0,148.8555355893805
t1014,0.0,430.7121710248938,0.0,430.7121710248938
t1015,0.0,440.4009928679896,0.0,440.4009928679896
t1016,0.0,281.8566354355134,0.0,281.8566354355134
t1017,0.0,0.0,0.0,0.0
t1018,0.0,0.0,0.0,0.0
t1019,0.0,0.0,0.0,0.0
t1020,0.0,0.0,0.0,0.0
t1021,0.0,0.0,0.0,0.0
t1022,0.0,0.0,0.0,0.0
t1023,0.0,0.0,0.0,0.0
t1024,0.0,0.0,0.0,0.0
t1025,513.163861688362,592.0012540223031,0.0,1105.165115710665
t1026,564.4255525142897,642.8515325522812,0.0,1207.277085066571
t1027,564.4255525142897,642.8515325522812,0.0,1207.277085066571
t1028,564.4255525142897,642.8515325522812,0.0,1207.277085066571
t1029,564.4255525142897,642.8515325522812,0.0,1207.277085066571
t1030,564.4255525142897,642.8515325522812,0.0,1207.277085066571
t1031,564.4255525142897,642.8515325522812,0.0,1207.277085066571
t1032,564.4255525142897,642.8515325522812,0.0,1207.277085066571
t1033,564.4255525142897,642.8515325522812,0.0,1207.277085066571
t1034,564.4255525142897,642.8515325522812,0.0,1207.277085066571
t1035,564.4255525142897,642.8515325522812,0.0,1207.277085066571
t1036,564.4255525142897,642.8515325522812,0.0,1207.277085066571
t1037,564.4255525142897,642.8515325522812,0.0,1207.277085066571
t1038,546.033593213851,642.8515325522812,0.0,1188.8851257661322
t1039,184.80123960470547,231.42655171882126,0.0,416.22779132352673
t1040,0.0,392.0857859854937,0.0,392.0857859854937
t1041,0.0,0.0,0.0,0.0
t1042,0.0,0.0,0.0,0.0
t1043,0.0,0.0,0.0,0.0
t1044,0.0,0.0,0.0,0.0
t1045,0.0,0.0,0.0,0.0
t1046,0.0,0.0,0.0,0.0
t1047,0.0,0.0,0.0,0.0
t1048,106.38418807566892,0.0,0.0,106.38418807566892
t1049,67.5382773338833,0.0,0.0,67.5382773338833
t1050,67.5382773338833,0.0,0.0,67.5382773338833
t1051,470.06138089214,0.0,0.0,470.06138089214
t1052,584.3417681993377,0.0,0.0,584.3417681993377
t1053,491.1338787933096,0.0,0.0,491.1338787933096
t1054,205.93367018340678,0.0,0.0,205.93367018340678
t1055,205.93367018340678,0.0,0.0,205.93367018340678
t1056,205.93367018340678,0.0,0.0,205.93367018340678
t1057,0.0,0.0,0.0,0.0
t1058,0.0,0.0,0.0,0.0
t1059,0.0,0.0,0.0,0.0
t1060,0.0,0.0,0.0,0.0
t1061,0.0,0.0,0.0,0.0
t1062,0.0,0.0,0.0,0.0
t1063,0.0,0.0,0.0,0.0
t1064,0.0,0.0,0.0,0.0
t1065,0.0,0.0,0.0,0.0
t1066,0.0,0.0,0.0,0.0
t1067,0.0,0.0,0.0,0.0
t1068,0.0,0.0,0.0,0.0
t1069,0.0,0.0,0.0,0.0
t1070,0.0,0.0,0.0,0.0
t1071,0.0,0.0,0.0,0.0
t1072,0.0,0.0,0.0,0.0
t1073,0.0,0.0,0.0,0.0
t1074,762.9816858925495,0.0,229.8221269475269,992.8038128400765
t1075,1133.3578433352027,595.4238749467229,287.8250279927943,2016.6067462747199
t1076,1112.4976266795886,646.5681414135962,287.8250279927943,2046.8907960859792
t1077,1112.4976266795886,646.5681414135962,287.8250279927943,2046.8907960859792
t1078,1112.4976266795886,646.5681414135962,287.8250279927943,2046.8907960859792
t1079,1112.4976266795886,646.5681414135962,136.4290632685845,1895.4948313617695
t1080,1112.4976266795886,646.5681414135962,287.8250279927943,2046.8907960859792
t1081,1112.4976266795886,646.5681414135962,287.8250279927943,2046.8907960859792
t1082,919.9373796650373,646.5681414135962,287.8250279927943,1854.3305490714279
t1083,1063.6279416332734,646.5681414135962,287.8250279927943,1998.021111039664
t1084,520.6488892860474,574.7770177611801,287.8250279927943,1383.250935040022
t1085,1112.4976266795886,646.5681414135962,287.8250279927943,2046.8907960859792
t1086,656.6743404550284,478.9382444364263,287.8250279927943,1423.4376128842491
t1087,818.488922140324,632.3436423024971,287.8250279927943,1738.6575924356152
t1088,520.6488892860474,218.5400317977955,136.4290632685845,875.6179843524274
t1089,520.6488892860474,218.5400317977955,136.4290632685845,875.6179843524274
t1090,520.6488892860474,218.5400317977955,136.4290632685845,875.6179843524274
t1091,520.6488892860474,218.5400317977955,136.4290632685845,875.6179843524274
t1092,520.6488892860474,218.5400317977955,136.4290632685845,875.6179843524274
t1093,520.6488892860474,218.5400317977955,136.4290632685845,875.6179843524274
t1094,520.6488892860474,218.5400317977955,136.4290632685845,875.6179843524274
t1095,520.6488892860474,218.5400317977955,136.4290632685845,875.6179843524274
t1096,627.3538989442296,218.5400317977955,287.8250279927943,1133.7189587348194
t1097,1070.120759524824,218.5400317977955,287.8250279927943,1576.485819315414
t1098,2109.826473811657,632.3436423024971,287.8250279927943,3029.995144106948
t1099,1898.303918746531,646.5681414135962,287.8250279927943,2832.6970881529214
t1100,1898.303918746531,646.5681414135962,287.8250279927943,2832.6970881529214
t1101,1898.303918746531,646.5681414135962,287.8250279927943,2832.6970881529214
t1102,1898.303918746531,646.5681414135962,287.8250279927943,2832.6970881529214
t1103,1898.303918746531,646.5681414135962,287.8250279927943,2832.6970881529214
t1104,1898.303918746531,646.5681414135962,287.8250279927943,2832.6970881529214
t1105,1849.6070286352535,643.136674763489,287.8250279927943,2780.568731391537
t1106,1898.303918746531,646.5681414135962,287.8250279927943,2832.6970881529214
t1107,1898.303918746531,646.5681414135962,287.8250279927943,2832.6970881529214
t1108,1898.303918746531,646.5681414135962,287.8250279927943,2832.6970881529214
t1109,1898.303918746531,646.5681414135962,287.8250279927943,2832.6970881529214
t1110,1898.303918746531,646.5681414135962,287.8250279927943,2832.6970881529214
t1111,1898.303918746531,646.5681414135962,287.8250279927943,2832.6970881529214
t1112,1898.303918746531,646.5681414135962,287.8250279927943,2832.6970881529214
t1113,1054.5700714044285,632.3436423024971,287.8250279927943,1974.7387416997199
t1114,888.4062339733767,218.5400317977955,136.4290632685845,1243.3753290397567
t1115,888.4062339733767,218.5400317977955,136.4290632685845,1243.3753290397567
t1116,888.4062339733767,218.5400317977955,136.4290632685845,1243.3753290397567
t1117,888.4062339733767,218.5400317977955,136.4290632685845,1243.3753290397567
t1118,888.4062339733767,218.5400317977955,136.4290632685845,1243.3753290397567
t1119,888.4062339733767,218.5400317977955,136.4290632685845,1243.3753290397567
t1120,888.4062339733767,218.5400317977955,136.4290632685845,1243.3753290397567
t1121,1262.1717304153278,408.8399654217725,287.8250279927943,1958.8367238298947
t1122,1898.303918746531,646.5681414135962,287.8250279927943,2832.6970881529214
t1123,1898.303918746531,646.5681414135962,287.8250279927943,2832.6970881529214
t1124,1898.303918746531,646.5681414135962,287.8250279927943,2832.6970881529214
t1125,1898.303918746531,646.5681414135962,287.8250279927943,2832.6970881529214
t1126,1898.303918746531,646.5681414135962,136.4290632685845,2681.3011234287114
t1127,1898.303918746531,646.5681414135962,136.4290632685845,2681.3011234287114
t1128,1898.303918746531,646.5681414135962,136.4290632685845,2681.3011234287114
t1129,1538.4862245726465,646.5681414135962,136.4290632685845,2321.4834292548276
t1130,1036.5233649549227,646.5681414135962,136.4290632685845,1819.5205696371033
t1131,888.4062339733767,235.49189585440382,136.4290632685845,1260.3271930963651
t1132,905.2360825617382,646.5681414135962,136.4290632685845,1688.233287243919
t1133,888.4062339733767,527.950293558112,136.4290632685845,1552.7855908000731
t1134,1231.535112584302,646.5681414135962,162.51034997831016,2040.6136039762084
t1135,888.4062339733767,482.7415426677739,287.8250279927943,1658.9728046339449
t1136,888.4062339733767,218.5400317977955,136.4290632685845,1243.3753290397567
t1137,888.4062339733767,218.5400317977955,136.4290632685845,1243.3753290397567
t1138,888.4062339733767,218.5400317977955,136.4290632685845,1243.3753290397567
t1139,888.4062339733767,218.5400317977955,136.4290632685845,1243.3753290397567
t1140,888.4062339733767,218.5400317977955,136.4290632685845,1243.3753290397567
t1141,888.4062339733767,218.5400317977955,136.4290632685845,1243.3753290397567
t1142,888.4062339733767,218.5400317977955,136.4290632685845,1243.3753290397567
t1143,888.4062339733767,218.5400317977955,136.4290632685845,1243.3753290397567
t1144,888.4062339733767,218.5400317977955,136.4290632685845,1243.3753290397567
t1145,1512.3681354305186,632.3436423024971,287.8250279927943,2432.53680572581
t1146,1898.303918746531,646.5681414135962,287.8250279927943,2832.6970881529214
t1147,1898.303918746531,646.5681414135962,287.8250279927943,2832.6970881529214
t1148,1898.303918746531,646.5681414135962,287.8250279927943,2832.6970881529214
t1149,1898.303918746531,646.5681414135962,287.8250279927943,2832.6970881529214
t1150,1898.303918746531,646.5681414135962,287.8250279927943,2832.6970881529214
t1151,1898.303918746531,646.5681414135962,287.8250279927943,2832.6970881529214
t1152,1898.303918746531,646.5681414135962,287.8250279927943,2832.6970881529214
t1153,1898.303918746531,646.5681414135962,287.8250279927943,2832.6970881529214
t1154,1898.303918746531,646.5681414135962,287.8250279927943,2832.6970881529214
t1155,1898.303918746531,646.5681414135962,287.8250279927943,2832.6970881529214
t1156,1898.303918746531,646.5681414135962,287.8250279927943,2832.6970881529214
t1157,1898.303918746531,646.5681414135962,287.8250279927943,2832.6970881529214
t1158,1898.303918746531,646.5681414135962,287.8250279927943,2832.6970881529214
t1159,1826.664342720684,646.5681414135962,287.8250279927943,2761.0575121270745
t1160,611.7498347229042,376.81760422147033,287.8250279927943,1276.3924669371688
t1161,242.99609976222345,218.5400317977955,136.4290632685845,597.9651948286034
t1162,242.99609976222345,218.5400317977955,136.4290632685845,597.9651948286034
t1163,242.99609976222345,218.5400317977955,136.4290632685845,597.9651948286034
t1164,242.99609976222345,218.5400317977955,136.4290632685845,597.9651948286034
t1165,242.99609976222345,218.5400317977955,136.4290632685845,597.9651948286034
t1166,242.99609976222345,218.5400317977955,136.4290632685845,597.9651948286034
t1167,242.99609976222345,218.5400317977955,136.4290632685845,597.9651948286034
t1168,242.99609976222345,218.5400317977955,136.4290632685845,597.9651948286034
t1169,519.2224353893663,632.3436423024971,287.8250279927943,1439.3911056846578
t1170,519.2224353893663,646.5681414135962,287.8250279927943,1453.6156047957568
t1171,519.2224353893663,646.5681414135962,287.8250279927943,1453.6156047957568
t1172,519.2224353893663,646.5681414135962,287.8250279927943,1453.6156047957568
t1173,519.2224353893663,646.5681414135962,287.8250279927943,1453.6156047957568
t1174,519.2224353893663,646.5681414135962,287.8250279927943,1453.6156047957568
t1175,519.2224353893663,646.5681414135962,287.8250279927943,1453.6156047957568
t1176,519.2224353893663,646.5681414135962,184.20801791538835,1349.998594718351
t1177,1101.5591406289027,0.0,229.8221269475269,1331.3812675764295
t1178,1101.5591406289027,0.0,287.8250279927943,1389.384168621697
t1179,1101.5591406289027,0.0,287.8250279927943,1389.384168621697
t1180,1101.5591406289027,0.0,287.8250279927943,1389.384168621697
t1181,1101.5591406289027,0.0,287.8250279927943,1389.384168621697
t1182,1101.5591406289027,0.0,287.8250279927943,1389.384168621697
t1183,1101.5591406289027,0.0,287.8250279927943,1389.384168621697
t1184,1101.5591406289027,0.0,287.8250279927943,1389.384168621697
t1185,515.5296778143264,0.0,136.4290632685845,651.9587410829109
t1186,515.5296778143264,0.0,136.4290632685845,651.9587410829109
t1187,515.5296778143264,0.0,136.4290632685845,651.9587410829109
t1188,515.5296778143264,0.0,136.4290632685845,651.9587410829109
t1189,515.5296778143264,0.0,136.4290632685845,651.9587410829109
t1190,515.5296778143264,0.0,136.4290632685845,651.9587410829109
t1191,515.5296778143264,0.0,136.4290632685845,651.9587410829109
t1192,515.5296778143264,0.0,136.4290632685845,651.9587410829109
t1193,515.5296778143264,0.0,136.4290632685845,651.9587410829109
t1194,1101.5591406289027,0.0,287.8250279927943,1389.384168621697
t1195,1101.5591406289027,0.0,287.8250279927943,1389.384168621697
t1196,1101.5591406289027,0.0,136.4290632685845,1237.9882038974872
t1197,1101.5591406289027,0.0,136.4290632685845,1237.9882038974872
t1198,1101.5591406289027,0.0,287.8250279927943,1389.384168621697
t1199,1101.5591406289027,0.0,287.8250279927943,1389.384168621697
t1200,1101.5591406289027,0.0,287.8250279927943,1389.384168621697
t1201,1101.5591406289027,0.0,287.8250279927943,1389.384168621697
t1202,1101.5591406289027,0.0,287.8250279927943,1389.384168621697
t1203,1101.5591406289027,0.0,287.8250279927943,1389.384168621697
t1204,1101.5591406289027,0.0,287.8250279927943,1389.384168621697
t1205,1101.5591406289027,0.0,287.8250279927943,1389.384168621697
t1206,1101.5591406289027,0.0,287.8250279927943,1389.384168621697
t1207,1101.5591406289027,0.0,287.8250279927943,1389.384168621697
t1208,515.5296778143264,0.0,136.4290632685845,651.9587410829109
t1209,515.5296778143264,0.0,136.4290632685845,651.9587410829109
t1210,515.5296778143264,0.0,136.4290632685845,651.9587410829109
t1211,515.5296778143264,0.0,136.4290632685845,651.9587410829109
t1212,515.5296778143264,0.0,136.4290632685845,651.9587410829109
t1213,515.5296778143264,0.0,136.4290632685845,651.9587410829109
t1214,515.5296778143264,0.0,136.4290632685845,651.9587410829109
t1215,515.5296778143264,0.0,136.4290632685845,651.9587410829109
t1216,515.5296778143264,0.0,136.4290632685845,651.9587410829109
t1217,644.6198476427492,107.51797327108184,287.8250279927943,1039.9628489066254
t1218,1101.5591406289027,272.1539820280816,287.8250279927943,1661.5381506497786
t1219,1101.5591406289027,284.7588564204744,287.8250279927943,1674.1430250421713
t1220,1101.5591406289027,284.7588564204744,287.8250279927943,1674.1430250421713
t1221,1101.5591406289027,284.7588564204744,287.8250279927943,1674.1430250421713
t1222,1101.5591406289027,284.7588564204744,287.8250279927943,1674.1430250421713
t1223,1101.5591406289027,284.7588564204744,287.8250279927943,1674.1430250421713
t1224,1101.5591406289027,284.7588564204744,287.8250279927943,1674.1430250421713
t1225,1101.5591406289027,284.7588564204744,287.8250279927943,1674.1430250421713
t1226,1101.5591406289027,284.7588564204744,287.8250279927943,1674.1430250421713
t1227,1101.5591406289027,284.7588564204744,287.8250279927943,1674.1430250421713
t1228,1101.5591406289027,284.7588564204744,287.8250279927943,1674.1430250421713
t1229,1101.5591406289027,284.7588564204744,287.8250279927943,1674.1430250421713
t1230,1101.5591406289027,284.7588564204744,287.8250279927943,1674.1430250421713
t1231,1101.5591406289027,284.7588564204744,287.8250279927943,1674.1430250421713
t1232,898.2230601808307,102.51318831137077,287.8250279927943,1288.5612764849957
t1233,351.34495143274734,96.24849347012034,107.6966069749183,555.2900518777859
t1234,351.34495143274734,96.24849347012034,107.6966069749183,555.2900518777859
t1235,351.34495143274734,96.24849347012034,107.6966069749183,555.2900518777859
t1236,351.34495143274734,96.24849347012034,107.6966069749183,555.2900518777859
t1237,351.34495143274734,96.24849347012034,107.6966069749183,555.2900518777859
t1238,351.34495143274734,96.24849347012034,107.6966069749183,555.2900518777859
t1239,351.34495143274734,96.24849347012034,107.6966069749183,555.2900518777859
t1240,351.34495143274734,96.24849347012034,107.6966069749183,555.2900518777859
t1241,351.34495143274734,102.51318831137078,221.90866397162506,675.7668037157432
t1242,750.7370757109986,284.7588564204744,227.2080315926546,1262.7039637241276
t1243,750.7370757109986,284.7588564204744,227.2080315926546,1262.7039637241276
t1244,750.7370757109986,284.7588564204744,227.20803159265458,1262.7039637241276
t1245,750.7370757109986,284.7588564204744,81.79489137335564,1117.2908235048285
t1246,750.7370757109986,284.7588564204744,81.79489137335564,1117.2908235048285
t1247,750.7370757109986,278.4941615792239,81.79489137335564,1111.026128663578
t1248,351.34495143274734,96.24849347012034,81.79489137335564,529.3883362762233
t1249,351.34495143274734,96.24849347012034,81.79489137335564,529.3883362762233
t1250,351.34495143274734,96.24849347012034,81.79489137335564,529.3883362762233
t1251,351.34495143274734,96.24849347012034,81.79489137335564,529.3883362762233
t1252,351.34495143274734,96.24849347012034,81.79489137335564,529.3883362762233
t1253,728.2520958035609,102.51318831137078,81.79489137335564,912.5601754882873
t1254,750.7370757109986,284.7588564204744,81.79489137335564,1117.2908235048285
t1255,750.7370757109986,278.4941615792239,81.79489137335564,1111.026128663578
t1256,351.34495143274734,96.24849347012034,81.79489137335564,529.3883362762233
t1257,351.34495143274734,96.24849347012034,81.79489137335564,529.3883362762233
t1258,351.34495143274734,96.24849347012034,81.79489137335564,529.3883362762233
t1259,351.34495143274734,96.24849347012034,81.79489137335564,529.3883362762233
t1260,351.34495143274734,96.24849347012034,81.79489137335564,529.3883362762233
t1261,351.34495143274734,96.24849347012034,81.79489137335564,529.3883362762233
t1262,351.34495143274734,96.24849347012034,81.79489137335564,529.3883362762233
t1263,351.34495143274734,96.24849347012034,81.79489137335564,529.3883362762233
t1264,351.34495143274734,96.24849347012034,81.79489137335564,529.3883362762233
t1265,351.3449514327473,96.24849347012034,81.79489137335564,529.3883362762233
t1266,1144.2799266419281,501.404272628308,225.89736079375777,1871.581560063994
t1267,1094.4133433837949,526.8159560223348,218.60128708313493,1839.8305864892645
t1268,1094.4133433837949,526.8159560223348,218.60128708313493,1839.8305864892645
t1269,1094.4133433837949,526.8159560223348,103.61701007740594,1724.8463094835356
t1270,1094.4133433837949,526.8159560223348,103.61701007740594,1724.8463094835356
t1271,1094.4133433837949,526.8159560223348,103.61701007740594,1724.8463094835356
t1272,943.3056815901502,189.6537441680405,103.61701007740594,1236.5764358355966
t1273,512.1854447036161,178.06379313554916,103.61701007740594,793.8662479165712
t1274,512.1854447036161,178.06379313554916,103.61701007740595,793.8662479165712
t1275,1094.4133433837949,291.2000749729479,298.7955099119162,1684.408928268659
t1276,1094.4133433837949,526.8159560223348,287.8250279927943,1909.054327398924
t1277,1094.4133433837949,526.8159560223348,287.8250279927943,1909.054327398924
t1278,1094.4133433837949,526.8159560223348,287.8250279927943,1909.054327398924
t1279,1094.4133433837949,526.8159560223348,287.8250279927943,1909.054327398924
t1280,1094.4133433837949,261.1491387170738,287.8250279927943,1643.387510093663
t1281,512.1854447036161,178.06379313554916,136.4290632685845,826.6783011077498
t1282,512.1854447036161,178.06379313554916,136.4290632685845,826.6783011077498
t1283,512.1854447036161,178.06379313554916,136.4290632685845,826.6783011077498
t1284,512.1854447036161,178.06379313554916,136.4290632685845,826.6783011077498
t1285,512.1854447036161,178.06379313554916,136.4290632685845,826.6783011077498
t1286,512.1854447036161,178.06379313554916,136.4290632685845,826.6783011077498
t1287,512.1854447036161,178.06379313554916,136.4290632685845,826.6783011077498
t1288,712.807570621579,178.06379313554916,287.8250279927943,1178.6963917499224
t1289,1094.4133433837949,178.06379313554913,287.8250279927943,1560.3021645121382
t1290,1094.4133433837949,515.2260049898434,287.8250279927943,1897.4643763664326
t1291,1094.4133433837949,526.8159560223348,287.8250279927943,1909.054327398924
t1292,1094.4133433837949,526.8159560223348,287.8250279927943,1909.054327398924
t1293,1094.4133433837949,526.8159560223348,287.8250279927943,1909.054327398924
t1294,1094.4133433837949,526.8159560223348,287.8250279927943,1909.054327398924
t1295,1094.4133433837949,526.8159560223348,287.8250279927943,1909.054327398924
t1296,1094.4133433837949,526.8159560223348,287.8250279927943,1909.054327398924
t1297,1094.4133433837949,526.8159560223348,287.8250279927943,1909.054327398924
t1298,1094.4133433837949,526.8159560223348,287.8250279927943,1909.054327398924
t1299,1094.4133433837949,526.8159560223348,287.8250279927943,1909.054327398924
t1300,1094.4133433837949,526.8159560223348,287.8250279927943,1909.054327398924
t1301,1094.4133433837949,526.8159560223348,287.8250279927943,1909.054327398924
t1302,1094.4133433837949,526.8159560223348,287.8250279927943,1909.054327398924
t1303,1094.4133433837949,526.8159560223348,287.8250279927943,1909.054327398924
t1304,700.4245397656287,503.9185418107307,184.20801791538835,1388.5510994917477
t1305,0.0,178.06379313554916,0.0,178.06379313554916
t1306,0.0,178.06379313554916,0.0,178.06379313554916
t1307,0.0,178.06379313554916,0.0,178.06379313554916
t1308,0.0,178.06379313554916,0.0,178.06379313554916
t1309,0.0,178.06379313554916,0.0,178.06379313554916
t1310,0.0,178.06379313554916,0.0,178.06379313554916
t1311,0.0,178.06379313554916,0.0,178.06379313554916
t1312,0.0,178.06379313554916,0.0,178.06379313554916
t1313,0.0,178.06379313554913,0.0,178.06379313554913
t1314,0.0,515.2260049898434,0.0,515.2260049898434
t1315,0.0,526.8159560223348,0.0,526.8159560223348
t1316,0.0,526.8159560223348,0.0,526.8159560223348
t1317,0.0,526.8159560223348,0.0,526.8159560223348
t1318,0.0,526.8159560223348,0.0,526.8159560223348
t1319,0.0,526.8159560223348,0.0,526.8159560223348
t1320,0.0,526.8159560223348,0.0,526.8159560223348
t1321,0.0,526.8159560223348,0.0,526.8159560223348
t1322,0.0,526.8159560223348,0.0,526.8159560223348
t1323,0.0,526.8159560223348,0.0,526.8159560223348
t1324,0.0,526.8159560223348,0.0,526.8159560223348
t1325,0.0,526.8159560223348,0.0,526.8159560223348
t1326,0.0,526.8159560223348,0.0,526.8159560223348
t1327,0.0,337.16221185429424,0.0,337.16221185429424
t1328,0.0,0.0,0.0,0.0
t1329,0.0,0.0,0.0,0.0
t1330,0.0,0.0,0.0,0.0
t1331,0.0,0.0,0.0,0.0
t1332,0.0,0.0,0.0,0.0
t1333,0.0,0.0,0.0,0.0
t1334,0.0,0.0,0.0,0.0
t1335,0.0,0.0,0.0,0.0
t1336,0.0,0.0,0.0,0.0
t1337,0.0,0.0,0.0,0.0
t1338,1001.5144423655939,0.0,0.0,1001.5144423655939
t1339,1101.5591406289027,0.0,0.0,1101.5591406289027
t1340,1101.5591406289027,0.0,0.0,1101.5591406289027
t1341,1101.5591406289027,0.0,0.0,1101.5591406289027
t1342,1101.5591406289027,0.0,0.0,1101.5591406289027
t1343,1101.5591406289027,0.0,0.0,1101.5591406289027
t1344,1101.5591406289027,0.0,0.0,1101.5591406289027
t1345,0.0,0.0,287.8250279927943,287.8250279927943
t1346,0.0,0.0,136.4290632685845,136.4290632685845
t1347,0.0,0.0,154.27151405248725,154.27151405248725
t1348,0.0,0.0,287.8250279927943,287.8250279927943
t1349,0.0,0.0,287.8250279927943,287.8250279927943
t1350,0.0,0.0,287.8250279927943,287.8250279927943
t1351,0.0,0.0,287.8250279927943,287.8250279927943
t1352,0.0,0.0,184.20801791538835,184.20801791538835
t1353,0.0,0.0,0.0,0.0
t1354,0.0,0.0,0.0,0.0
t1355,0.0,0.0,0.0,0.0
t1356,0.0,0.0,0.0,0.0
t1357,0.0,0.0,0.0,0.0
t1358,0.0,0.0,0.0,0.0
t1359,0.0,0.0,0.0,0.0
t1360,0.0,0.0,0.0,0.0
t1361,0.0,0.0,0.0,0.0
t1362,0.0,0.0,0.0,0.0
t1363,0.0,0.0,0.0,0.0
t1364,0.0,0.0,0.0,0.0
t1365,0.0,0.0,0.0,0.0
t1366,0.0,0.0,0.0,0.0
t1367,0.0,0.0,0.0,0.0
t1368,0.0,0.0,0.0,0.0
t1369,0.0,0.0,0.0,0.0
t1370,0.0,0.0,0.0,0.0
t1371,0.0,0.0,0.0,0.0
t1372,0.0,0.0,0.0,0.0
t1373,0.0,0.0,0.0,0.0
t1374,0.0,0.0,0.0,0.0
t1375,0.0,0.0,0.0,0.0
t1376,0.0,0.0,0.0,0.0
t1377,0.0,0.0,0.0,0.0
t1378,0.0,0.0,0.0,0.0
t1379,0.0,0.0,0.0,0.0
t1380,0.0,0.0,0.0,0.0
t1381,0.0,0.0,0.0,0.0
t1382,0.0,0.0,0.0,0.0
t1383,0.0,0.0,0.0,0.0
t1384,0.0,0.0,0.0,0.0
t1385,0.0,0.0,0.0,0.0
t1386,0.0,0.0,0.0,0.0
t1387,0.0,0.0,0.0,0.0
t1388,0.0,0.0,0.0,0.0
t1389,0.0,0.0,0.0,0.0
t1390,0.0,0.0,0.0,0.0
t1391,0.0,0.0,0.0,0.0
t1392,0.0,0.0,0.0,0.0
t1393,0.0,0.0,0.0,0.0
t1394,0.0,0.0,0.0,0.0
t1395,0.0,0.0,0.0,0.0
t1396,0.0,0.0,0.0,0.0
t1397,0.0,0.0,0.0,0.0
t1398,0.0,0.0,0.0,0.0
t1399,0.0,0.0,0.0,0.0
t1400,0.0,0.0,0.0,0.0
t1401,0.0,0.0,0.0,0.0
t1402,0.0,0.0,0.0,0.0
t1403,0.0,0.0,0.0,0.0
t1404,0.0,0.0,0.0,0.0
t1405,0.0,0.0,0.0,0.0
t1406,0.0,0.0,0.0,0.0
t1407,0.0,0.0,0.0,0.0
t1408,0.0,0.0,0.0,0.0
t1409,0.0,0.0,0.0,0.0
t1410,0.0,0.0,0.0,0.0
t1411,0.0,0.0,0.0,0.0
t1412,0.0,0.0,0.0,0.0
t1413,0.0,0.0,0.0,0.0
t1414,0.0,0.0,0.0,0.0
t1415,0.0,0.0,0.0,0.0
t1416,0.0,0.0,0.0,0.0
t1417,0.0,0.0,0.0,0.0
t1418,0.0,0.0,0.0,0.0
t1419,0.0,0.0,0.0,0.0
t1420,0.0,0.0,0.0,0.0
t1421,0.0,0.0,0.0,0.0
t1422,0.0,0.0,0.0,0.0
t1423,0.0,0.0,0.0,0.0
t1424,0.0,0.0,0.0,0.0
t1425,0.0,0.0,0.0,0.0
t1426,0.0,0.0,0.0,0.0
t1427,0.0,0.0,0.0,0.0
t1428,0.0,0.0,0.0,0.0
t1429,0.0,0.0,0.0,0.0
t1430,0.0,0.0,0.0,0.0
t1431,0.0,0.0,0.0,0.0
t1432,0.0,0.0,0.0,0.0
t1433,0.0,0.0,0.0,0.0
t1434,492.3990015523609,196.52818773083578,229.82212694752693,918.7493162307236
t1435,541.5864195781088,213.4090862377304,287.8250279927943,1042.8205338086336
t1436,541.5864195781088,213.4090862377304,136.4290632685845,891.4245690844238
t1437,541.5864195781088,213.4090862377304,136.4290632685845,891.4245690844238
t1438,541.5864195781088,213.4090862377304,287.8250279927943,1042.8205338086336
t1439,541.5864195781088,116.9255612429075,287.8250279927943,946.3370088138106
t1440,285.50860772799075,72.1322711483529,287.8250279927943,645.4659068691379
t1441,253.462444362555,76.82727104558295,244.40700429453068,574.6967197026686
t1442,541.5864195781088,213.4090862377304,287.8250279927943,1042.8205338086336
t1443,253.462444362555,76.82727104558295,167.62100238692517,497.91071779506314
t1444,541.5864195781088,213.4090862377304,287.8250279927943,1042.8205338086336
t1445,541.5864195781088,133.51707032420663,287.8250279927943,962.9285178951097
t1446,541.5864195781088,213.4090862377304,287.8250279927943,1042.8205338086336
t1447,541.5864195781088,208.253101704525,287.8250279927943,1037.664549275428
t1448,541.5864195781088,208.71408634050036,287.8250279927943,1038.1255339114034
t1449,541.5864195781088,72.1322711483529,287.8250279927943,901.5437187192559
t1450,253.462444362555,72.1322711483529,136.4290632685845,462.02377877949243
t1451,253.462444362555,72.1322711483529,136.4290632685845,462.02377877949243
t1452,253.462444362555,72.1322711483529,136.4290632685845,462.02377877949243
t1453,253.462444362555,72.1322711483529,136.4290632685845,462.02377877949243
t1454,253.462444362555,72.1322711483529,136.4290632685845,462.02377877949243
t1455,253.462444362555,72.1322711483529,136.4290632685845,462.02377877949243
t1456,253.462444362555,72.1322711483529,136.4290632685845,462.02377877949243
t1457,405.08333657885345,76.82727104558295,287.8250279927943,769.7356356172306
t1458,541.5864195781088,213.4090862377304,287.8250279927943,1042.8205338086336
t1459,541.5864195781088,118.37455615641719,287.8250279927943,947.7860037273202
t1460,541.5864195781088,213.4090862377304,287.8250279927943,1042.8205338086336
t1461,541.5864195781088,213.4090862377304,287.8250279927943,1042.8205338086336
t1462,541.5864195781088,213.4090862377304,287.8250279927943,1042.8205338086336
t1463,541.5864195781088,213.4090862377304,287.8250279927943,1042.8205338086336
t1464,541.5864195781088,213.4090862377304,287.8250279927943,1042.8205338086336
t1465,541.5864195781088,213.4090862377304,287.8250279927943,1042.8205338086336
t1466,541.5864195781088,213.4090862377304,287.8250279927943,1042.8205338086336
t1467,541.5864195781088,213.4090862377304,287.8250279927943,1042.8205338086336
t1468,541.5864195781088,213.4090862377304,287.8250279927943,1042.8205338086336
t1469,541.5864195781088,213.4090862377304,287.8250279927943,1042.8205338086336
t1470,541.5864195781088,213.4090862377304,287.8250279927943,1042.8205338086336
t1471,541.5864195781088,213.4090862377304,136.4290632685845,891.4245690844238
t1472,541.5864195781088,208.71408634050036,136.4290632685845,886.7295691871936
t1473,253.462444362555,72.1322711483529,136.4290632685845,462.02377877949243
t1474,253.462444362555,72.1322711483529,136.4290632685845,462.02377877949243
t1475,253.462444362555,72.1322711483529,136.4290632685845,462.02377877949243
t1476,253.462444362555,72.1322711483529,136.4290632685845,462.02377877949243
t1477,253.462444362555,72.1322711483529,136.4290632685845,462.02377877949243
t1478,253.462444362555,72.1322711483529,136.4290632685845,462.02377877949243
t1479,253.462444362555,72.1322711483529,136.4290632685845,462.02377877949243
t1480,253.462444362555,72.13227114835288,136.4290632685845,462.02377877949243
t1481,541.5864195781088,208.71408634050036,136.4290632685845,886.7295691871936
t1482,541.5864195781088,213.4090862377304,136.4290632685845,891.4245690844238
t1483,541.5864195781088,213.4090862377304,136.4290632685845,891.4245690844238
t1484,541.5864195781088,213.4090862377304,287.8250279927943,1042.8205338086336
t1485,541.5864195781088,213.4090862377304,287.8250279927943,1042.8205338086336
t1486,541.5864195781088,213.4090862377304,287.8250279927943,1042.8205338086336
t1487,541.5864195781088,213.4090862377304,287.8250279927943,1042.8205338086336
t1488,541.5864195781088,213.4090862377304,287.8250279927943,1042.8205338086336
t1489,541.5864195781088,213.4090862377304,287.8250279927943,1042.8205338086336
t1490,541.5864195781088,213.4090862377304,287.8250279927943,1042.8205338086336
t1491,541.5864195781088,213.4090862377304,287.8250279927943,1042.8205338086336
t1492,541.5864195781088,213.4090862377304,287.8250279927943,1042.8205338086336
t1493,541.5864195781088,213.4090862377304,287.8250279927943,1042.8205338086336
t1494,541.5864195781088,213.4090862377304,287.8250279927943,1042.8205338086336
t1495,541.5864195781088,213.4090862377304,287.8250279927943,1042.8205338086336
t1496,541.5864195781088,213.4090862377304,287.8250279927943,1042.8205338086336
t1497,346.61530852998965,136.58181519214747,287.8250279927943,771.0221517149314
t1498,0.0,0.0,136.4290632685845,136.4290632685845
t1499,0.0,0.0,136.4290632685845,136.4290632685845
t1500,0.0,0.0,136.4290632685845,136.4290632685845
t1501,0.0,0.0,136.4290632685845,136.4290632685845
t1502,0.0,0.0,136.4290632685845,136.4290632685845
t1503,0.0,0.0,136.4290632685845,136.4290632685845
t1504,0.0,0.0,136.4290632685845,136.4290632685845
t1505,0.0,0.0,136.4290632685845,136.4290632685845
t1506,0.0,0.0,287.8250279927943,287.8250279927943
t1507,0.0,0.0,287.8250279927943,287.8250279927943
t1508,0.0,0.0,136.4290632685845,136.4290632685845
t1509,0.0,0.0,136.4290632685845,136.4290632685845
t1510,0.0,0.0,136.4290632685845,136.4290632685845
t1511,0.0,0.0,136.4290632685845,136.4290632685845
t1512,0.0,0.0,136.4290632685845,136.4290632685845
t1513,1667.166251194227,196.06317732514253,0.0,1863.2294285193695
t1514,2037.3751757231062,544.6199370142847,0.0,2581.9951127373906
t1515,1994.7015551667746,465.03591551138345,0.0,2459.737470678158
t1516,2037.3751757231062,544.6199370142847,0.0,2581.9951127373906
t1517,2037.3751757231062,544.6199370142847,0.0,2581.9951127373906
t1518,2037.3751757231062,544.6199370142847,0.0,2581.9951127373906
t1519,2037.3751757231062,544.6199370142847,0.0,2581.9951127373906
t1520,1649.956866764266,348.55675968914227,0.0,1998.513626453408
t1521,346.0367543014778,0.0,0.0,346.0367543014778
t1522,0.0,0.0,0.0,0.0
t1523,0.0,0.0,0.0,0.0
t1524,0.0,0.0,0.0,0.0
t1525,0.0,0.0,0.0,0.0
t1526,0.0,0.0,0.0,0.0
t1527,0.0,0.0,0.0,0.0
t1528,1393.398499663075,334.92592965753164,129.2749464079839,1857.5993757285905
t1529,3045.4693772571813,726.0270071069806,307.78120069435494,4079.2775850585167
t1530,2724.6041508754793,646.5681414135962,287.8250279927943,3658.9973202818696
t1531,2724.6041508754793,646.5681414135962,287.8250279927943,3658.9973202818696
t1532,2724.6041508754793,646.5681414135962,287.8250279927943,3658.9973202818696
t1533,2724.6041508754793,646.5681414135962,287.8250279927943,3658.9973202818696
t1534,2724.6041508754793,646.5681414135962,287.8250279927943,3658.9973202818696
t1535,2724.6041508754793,646.5681414135962,287.8250279927943,3658.9973202818696
t1536,2724.6041508754793,646.5681414135962,287.8250279927943,3658.9973202818696
t1537,2724.6041508754793,646.5681414135962,287.8250279927943,3658.9973202818696
t1538,2724.6041508754793,646.5681414135962,287.8250279927943,3658.9973202818696
t1539,2724.6041508754793,646.5681414135962,287.8250279927943,3658.9973202818696
t1540,2724.6041508754793,646.5681414135962,287.8250279927943,3658.9973202818696
t1541,2724.6041508754793,646.5681414135962,287.8250279927943,3658.9973202818696
t1542,2724.6041508754793,646.5681414135962,287.8250279927943,3658.9973202818696
t1543,2724.6041508754793,646.5681414135962,287.8250279927943,3658.9973202818696
t1544,2724.6041508754793,646.5681414135962,287.8250279927943,3658.9973202818696
t1545,2724.6041508754793,646.5681414135962,287.8250279927943,3658.9973202818696
t1546,2724.6041508754793,646.5681414135962,287.8250279927943,3658.9973202818696
t1547,2724.6041508754793,646.5681414135962,287.8250279927943,3658.9973202818696
t1548,2724.6041508754793,646.5681414135962,287.8250279927943,3658.9973202818696
t1549,2724.6041508754793,646.5681414135962,287.8250279927943,3658.9973202818696
t1550,2724.6041508754793,646.5681414135962,287.8250279927943,3658.9973202818696
t1551,2724.6041508754793,646.5681414135962,287.8250279927943,3658.9973202818696
t1552,2724.6041508754793,646.5681414135962,287.8250279927943,3658.9973202818696
t1553,2724.6041508754793,646.5681414135962,287.8250279927943,3658.9973202818696
t1554,2724.6041508754793,646.5681414135962,287.8250279927943,3658.9973202818696
t1555,2724.6041508754793,646.5681414135962,287.8250279927943,3658.9973202818696
t1556,2724.6041508754793,646.5681414135962,287.8250279927943,3658.9973202818696
t1557,2724.6041508754793,646.5681414135962,287.8250279927943,3658.9973202818696
t1558,2724.6041508754793,646.5681414135962,287.8250279927943,3658.9973202818696
t1559,2724.6041508754793,646.5681414135962,287.8250279927943,3658.9973202818696
t1560,2724.6041508754793,646.5681414135962,287.8250279927943,3658.9973202818696
t1561,2724.6041508754793,646.5681414135962,287.8250279927943,3658.9973202818696
t1562,2724.6041508754793,646.5681414135962,287.8250279927943,3658.9973202818696
t1563,2724.6041508754793,646.5681414135962,287.8250279927943,3658.9973202818696
t1564,2724.6041508754793,646.5681414135962,287.8250279927943,3658.9973202818696
t1565,2724.6041508754793,646.5681414135962,287.8250279927943,3658.9973202818696
t1566,2724.6041508754793,646.5681414135962,287.8250279927943,3658.9973202818696
t1567,2724.6041508754793,646.5681414135962,287.8250279927943,3658.9973202818696
t1568,2724.6041508754793,646.5681414135962,287.8250279927943,3658.9973202818696
t1569,2724.6041508754793,232.7645309088946,287.8250279927943,3245.1937097771684
t1570,1831.7830582652305,218.5400317977955,287.8250279927943,2338.1481180558203
t1571,1275.1147426097245,218.5400317977955,287.8250279927943,1781.4798024003144
t1572,1275.1147426097245,218.5400317977955,287.8250279927943,1781.4798024003144
t1573,1275.1147426097245,218.5400317977955,287.8250279927943,1781.4798024003144
t1574,1275.1147426097245,218.5400317977955,287.8250279927943,1781.4798024003144
t1575,1275.1147426097245,218.5400317977955,287.8250279927943,1781.4798024003144
t1576,2724.6041508754793,232.7645309088946,287.8250279927943,3245.1937097771684
t1577,2724.6041508754793,646.5681414135962,287.8250279927943,3658.9973202818696
t1578,2724.6041508754793,646.5681414135962,287.8250279927943,3658.9973202818696
t1579,2724.6041508754793,646.5681414135962,287.8250279927943,3658.9973202818696
t1580,2724.6041508754793,646.5681414135962,287.8250279927943,3658.9973202818696
t1581,2724.6041508754793,646.5681414135962,287.8250279927943,3658.9973202818696
t1582,2724.6041508754793,646.5681414135962,287.8250279927943,3658.9973202818696
t1583,2724.6041508754793,646.5681414135962,287.8250279927943,3658.9973202818696
t1584,2724.6041508754793,646.5681414135962,287.8250279927943,3658.9973202818696
t1585,2724.6041508754793,646.5681414135962,287.8250279927943,3658.9973202818696
t1586,2724.6041508754793,646.5681414135962,287.8250279927943,3658.9973202818696
t1587,2646.16500659551,583.1762670678409,136.4290632685845,3365.770336931935
t1588,2467.5428397414444,646.5681414135962,136.4290632685845,3250.5400444236247
t1589,2724.6041508754793,633.2309006745987,136.4290632685845,3494.264114818662
t1590,2724.6041508754793,646.5681414135962,287.8250279927943,3658.9973202818696
t1591,2724.6041508754793,646.5681414135962,287.8250279927943,3658.9973202818696
t1592,2724.6041508754793,646.5681414135962,287.8250279927943,3658.9973202818696
t1593,980.8574943151724,232.7645309088946,103.61701007740594,1317.239035301473
t1594,0.0,0.0,0.0,0.0
t1595,0.0,0.0,0.0,0.0
t1596,0.0,0.0,0.0,0.0
t1597,0.0,0.0,0.0,0.0
t1598,0.0,0.0,0.0,0.0
t1599,0.0,0.0,0.0,0.0
t1600,0.0,0.0,0.0,0.0
t1601,2477.1528882899106,501.5398880639415,0.0,2978.692776353852
t1602,2724.6041508754793,544.6199370142847,0.0,3269.2240878897637
t1603,2724.6041508754793,544.6199370142847,0.0,3269.2240878897637
t1604,2724.6041508754793,544.6199370142847,0.0,3269.2240878897637
t1605,2724.6041508754793,544.6199370142847,0.0,3269.2240878897637
t1606,2180.186958057127,196.0631773251425,0.0,2376.2501353822695
t1607,2379.2857851052427,184.08153871082828,0.0,2563.367323816071
t1608,1752.3613084062936,184.08153871082828,0.0,1936.4428471171218
t1609,1275.1147426097245,184.08153871082828,0.0,1459.1962813205528
t1610,1467.013057258802,249.60590656036348,0.0,1716.6189638191656
t1611,1427.798417533553,544.6199370142847,0.0,1972.4183545478377
t1612,1622.2130321805846,544.6199370142847,0.0,2166.8329691948693
t1613,2662.6608664954874,544.6199370142847,0.0,3207.2808035097723
t1614,2724.6041508754793,544.6199370142847,0.0,3269.2240878897637
t1615,2724.6041508754793,544.6199370142847,0.0,3269.2240878897637
t1616,2724.6041508754793,544.6199370142847,0.0,3269.2240878897637
t1617,2227.9951394878485,196.0631773251425,0.0,2424.058316812991
t1618,1275.1147426097245,184.08153871082828,0.0,1459.1962813205528
t1619,1275.1147426097245,184.08153871082828,0.0,1459.1962813205528
t1620,1275.1147426097245,184.08153871082828,0.0,1459.1962813205528
t1621,1275.1147426097245,184.08153871082828,0.0,1459.1962813205528
t1622,1275.1147426097245,184.08153871082828,0.0,1459.1962813205528
t1623,1275.1147426097245,184.08153871082828,0.0,1459.1962813205528
t1624,1477.9500848100245,196.06317732514253,229.8221269475269,1903.8353890826938
t1625,2724.6041508754793,544.6199370142847,287.8250279927943,3557.049115882558
t1626,2724.6041508754793,544.6199370142847,287.8250279927943,3557.049115882558
t1627,2724.6041508754793,544.6199370142847,287.8250279927943,3557.049115882558
t1628,2724.6041508754793,544.6199370142847,287.8250279927943,3557.049115882558
t1629,2724.6041508754793,544.6199370142847,287.8250279927943,3557.049115882558
t1630,2724.6041508754793,544.6199370142847,287.8250279927943,3557.049115882558
t1631,2724.6041508754793,544.6199370142847,287.8250279927943,3557.049115882558
t1632,2724.6041508754793,544.6199370142847,287.8250279927943,3557.049115882558
t1633,2724.6041508754793,544.6199370142847,287.8250279927943,3557.049115882558
t1634,2724.6041508754793,544.6199370142847,287.8250279927943,3557.049115882558
t1635,2724.6041508754793,544.6199370142847,287.8250279927943,3557.049115882558
t1636,2724.6041508754793,335.24462665715987,287.8250279927943,3347.6738055254336
t1637,2724.6041508754793,251.1451830098847,287.8250279927943,3263.574361878158
t1638,2724.6041508754793,526.8016464100983,287.8250279927943,3539.230825278372
t1639,2724.6041508754793,544.6199370142847,287.8250279927943,3557.049115882558
t1640,2724.6041508754793,532.6382983999705,287.8250279927943,3545.067477268244
t1641,1275.1147426097245,184.08153871082828,136.4290632685845,1595.6253445891373
t1642,1275.1147426097245,184.08153871082828,136.4290632685845,1595.6253445891373
t1643,1275.1147426097245,184.08153871082828,136.4290632685845,1595.6253445891373
t1644,1275.1147426097245,184.08153871082828,136.4290632685845,1595.6253445891373
t1645,1275.1147426097245,184.08153871082828,136.4290632685845,1595.6253445891373
t1646,1275.1147426097245,184.08153871082828,136.4290632685845,1595.6253445891373
t1647,1275.1147426097245,184.08153871082828,136.4290632685845,1595.6253445891373
t1648,1275.1147426097245,184.08153871082828,136.4290632685845,1595.6253445891373
t1649,2724.6041508754793,532.6382983999705,287.8250279927943,3545.067477268244
t1650,2724.6041508754793,544.6199370142847,287.8250279927943,3557.049115882558
t1651,2724.6041508754793,544.6199370142847,287.8250279927943,3557.049115882558
t1652,2724.6041508754793,544.6199370142847,287.8250279927943,3557.049115882558
t1653,2724.6041508754793,544.6199370142847,287.8250279927943,3557.049115882558
t1654,2724.6041508754793,544.6199370142847,287.8250279927943,3557.049115882558
t1655,2724.6041508754793,544.6199370142847,287.8250279927943,3557.049115882558
t1656,2724.6041508754793,544.6199370142847,287.8250279927943,3557.049115882558
t1657,2724.6041508754793,544.6199370142847,103.61701007740594,3372.84109796717
t1658,2724.6041508754793,544.6199370142847,0.0,3269.2240878897637
t1659,2724.6041508754793,544.6199370142847,0.0,3269.2240878897637
t1660,2724.6041508754793,544.6199370142847,0.0,3269.2240878897637
t1661,2724.6041508754793,544.6199370142847,0.0,3269.2240878897637
t1662,2724.6041508754793,544.6199370142847,0.0,3269.2240878897637
t1663,2709.049348955435,544.6199370142847,0.0,3253.6692859697196
t1664,2705.750950615488,544.6199370142847,0.0,3250.3708876297724
t1665,1923.6477668493494,532.6382983999705,0.0,2456.28606524932
t1666,953.4915822384139,184.08153871082828,0.0,1137.5731209492421
t1667,953.4915822384139,184.08153871082828,0.0,1137.5731209492421
t1668,953.4915822384139,184.08153871082828,0.0,1137.5731209492421
t1669,953.4915822384139,184.08153871082828,0.0,1137.5731209492421
t1670,953.4915822384139,184.08153871082828,0.0,1137.5731209492421
t1671,953.4915822384139,184.08153871082828,0.0,1137.5731209492421
t1672,953.4915822384139,460.32501404242305,0.0,1413.816596280837
t1673,2037.3751757231062,544.6199370142847,0.0,2581.9951127373906
t1674,2037.3751757231062,544.6199370142847,0.0,2581.9951127373906
t1675,2037.3751757231062,544.6199370142847,0.0,2581.9951127373906
t1676,2037.3751757231062,544.6199370142847,0.0,2581.9951127373906
t1677,2037.3751757231062,544.6199370142847,0.0,2581.9951127373906
t1678,2037.3751757231062,544.6199370142847,0.0,2581.9951127373906
t1679,2037.3751757231062,544.6199370142847,0.0,2581.9951127373906
t1680,1981.0242671411575,544.6199370142847,0.0,2525.644204155442
t1681,514.4417773876885,632.3436423024972,0.0,1146.7854196901858
t1682,514.4417773876885,646.5681414135963,0.0,1161.0099188012848
t1683,514.4417773876885,646.5681414135963,0.0,1161.0099188012848
t1684,514.4417773876885,646.5681414135963,0.0,1161.0099188012848
t1685,514.4417773876885,646.5681414135963,0.0,1161.0099188012848
t1686,514.4417773876885,646.5681414135963,0.0,1161.0099188012848
t1687,514.4417773876885,646.5681414135963,0.0,1161.0099188012848
t1688,329.24273752812064,413.8036105047017,0.0,743.0463480328224
t1689,0.0,0.0,0.0,0.0
t1690,0.0,0.0,0.0,0.0
t1691,0.0,0.0,0.0,0.0
t1692,0.0,0.0,0.0,0.0
t1693,0.0,0.0,0.0,0.0
t1694,0.0,0.0,0.0,0.0
t1695,0.0,0.0,0.0,0.0
t1696,0.0,0.0,0.0,0.0
t1697,2477.152888289911,595.4238749467229,0.0,3072.576763236634
t1698,2724.6041508754793,646.5681414135962,0.0,3371.1722922890754
t1699,2724.6041508754793,646.5681414135962,0.0,3371.1722922890754
t1700,2724.6041508754793,646.5681414135962,0.0,3371.1722922890754
t1701,2724.6041508754793,646.5681414135962,0.0,3371.1722922890754
t1702,2724.6041508754793,646.5681414135962,0.0,3371.1722922890754
t1703,2724.6041508754793,646.5681414135962,0.0,3371.1722922890754
t1704,2724.6041508754793,646.5681414135962,0.0,3371.1722922890754
t1705,2724.6041508754793,646.5681414135962,0.0,3371.1722922890754
t1706,2724.6041508754793,646.5681414135962,0.0,3371.1722922890754
t1707,2724.6041508754793,646.5681414135962,0.0,3371.1722922890754
t1708,2724.6041508754793,646.5681414135962,0.0,3371.1722922890754
t1709,2724.6041508754793,646.5681414135962,0.0,3371.1722922890754
t1710,2724.6041508754793,646.5681414135962,0.0,3371.1722922890754
t1711,2724.6041508754793,646.5681414135962,0.0,3371.1722922890754
t1712,2724.6041508754793,646.5681414135962,0.0,3371.1722922890754
t1713,1245.7559242303032,632.3436423024971,0.0,1878.0995665328003
t1714,856.5298593101401,218.5400317977955,0.0,1075.0698911079355
t1715,856.5298593101401,218.5400317977955,0.0,1075.0698911079355
t1716,856.5298593101401,218.5400317977955,0.0,1075.0698911079355
t1717,856.5298593101401,218.5400317977955,0.0,1075.0698911079355
t1718,856.5298593101401,218.5400317977955,0.0,1075.0698911079355
t1719,856.5298593101401,218.5400317977955,0.0,1075.0698911079355
t1720,856.5298593101401,218.5400317977955,0.0,1075.0698911079355
t1721,1830.1920070729486,632.3436423024971,0.0,2462.5356493754457
t1722,1830.1920070729486,646.5681414135962,0.0,2476.760148486545
t1723,1830.1920070729486,646.5681414135962,0.0,2476.760148486545
t1724,1830.1920070729486,646.5681414135962,0.0,2476.760148486545
t1725,1830.1920070729486,646.5681414135962,0.0,2476.760148486545
t1726,1830.1920070729486,646.5681414135962,0.0,2476.760148486545
t1727,1830.1920070729486,646.5681414135962,0.0,2476.760148486545
t1728,1792.4195730205433,646.5681414135962,0.0,2438.9877144341394
t1729,1280.6041182591705,646.5681414135962,0.0,1927.1722596727668
t1730,856.5298593101401,604.1061520167244,0.0,1460.6360113268645
t1731,1068.0702819044204,646.5681414135962,0.0,1714.6384233180165
t1732,856.5298593101401,567.2721593363228,0.0,1423.8020186464628
t1733,856.5298593101401,218.5400317977955,0.0,1075.0698911079355
t1734,1580.8954394037423,632.3436423024971,0.0,2213.2390817062396
t1735,1830.1920070729486,646.5681414135962,0.0,2476.760148486545
t1736,1830.1920070729486,646.5681414135962,0.0,2476.760148486545
t1737,1171.3228845266874,413.80361050470157,0.0,1585.126495031389
t1738,0.0,0.0,0.0,0.0
t1739,0.0,0.0,0.0,0.0
t1740,0.0,0.0,0.0,0.0
t1741,0.0,0.0,0.0,0.0
t1742,0.0,0.0,0.0,0.0
t1743,0.0,0.0,0.0,0.0
t1744,0.0,0.0,0.0,0.0
t1745,0.0,0.0,0.0,0.0
t1746,0.0,0.0,0.0,0.0
t1747,0.0,0.0,0.0,0.0
t1748,0.0,0.0,0.0,0.0
t1749,0.0,0.0,0.0,0.0
t1750,0.0,0.0,0.0,0.0
t1751,0.0,0.0,0.0,0.0
t1752,0.0,0.0,0.0,0.0
t1753,0.0,0.0,0.0,0.0
t1754,0.0,0.0,0.0,0.0
t1755,0.0,0.0,0.0,0.0
t1756,0.0,0.0,0.0,0.0
t1757,0.0,0.0,0.0,0.0
t1758,0.0,0.0,0.0,0.0
t1759,0.0,0.0,0.0,0.0
t1760,0.0,0.0,0.0,0.0
t1761,0.0,0.0,0.0,0.0
t1762,0.0,0.0,0.0,0.0
t1763,0.0,0.0,0.0,0.0
t1764,0.0,0.0,0.0,0.0
t1765,0.0,0.0,0.0,0.0
t1766,0.0,0.0,0.0,0.0
t1767,0.0,0.0,0.0,0.0
t1768,0.0,0.0,0.0,0.0
t1769,358.59415603429767,595.4238749467229,0.0,954.0180309810205
t1770,394.4153510384343,646.5681414135962,0.0,1040.9834924520305
t1771,394.4153510384343,646.5681414135962,0.0,1040.9834924520305
t1772,394.4153510384343,646.5681414135962,0.0,1040.9834924520305
t1773,394.4153510384343,646.5681414135962,0.0,1040.9834924520305
t1774,394.4153510384343,646.5681414135962,0.0,1040.9834924520305
t1775,394.4153510384343,632.3436423024971,0.0,1026.7589933409313
t1776,184.58638428598732,218.5400317977955,0.0,403.12641608378283
t1777,184.58638428598732,218.5400317977955,0.0,403.12641608378283
t1778,184.58638428598732,377.44218970744566,0.0,562.0285739934329
t1779,184.58638428598732,364.5582153768446,0.0,549.144599662832
t1780,184.58638428598732,566.6867064164642,0.0,751.2730907024516
t1781,184.58638428598732,335.04276531687236,0.0,519.6291496028597
t1782,184.58638428598732,427.05980510974075,0.0,611.646189395728
t1783,378.0097737022305,507.76538893249034,0.0,885.7751626347208
t1784,394.4153510384343,493.89479946622026,0.0,888.3101505046545
t1785,184.58638428598732,332.1829884675916,0.0,516.7693727535789
t1786,184.58638428598732,218.5400317977955,0.0,403.12641608378283
t1787,184.58638428598732,218.5400317977955,0.0,403.12641608378283
t1788,184.58638428598732,218.5400317977955,0.0,403.12641608378283
t1789,184.58638428598732,218.5400317977955,0.0,403.12641608378283
t1790,184.58638428598732,218.5400317977955,0.0,403.12641608378283
t1791,184.5863842859873,218.5400317977955,0.0,403.12641608378283
t1792,1666.5177520253387,632.3436423024971,0.0,2298.861394327836
t1793,1746.7404021169248,646.5681414135962,0.0,2393.308543530521
t1794,1191.5209960657621,646.5681414135962,0.0,1838.0891374793582
t1795,1746.7404021169248,646.5681414135962,0.0,2393.308543530521
t1796,1746.7404021169248,646.5681414135962,0.0,2393.308543530521
t1797,1746.7404021169248,646.5681414135962,0.0,2393.308543530521
t1798,1746.7404021169248,646.5681414135962,0.0,2393.308543530521
t1799,1746.7404021169248,646.5681414135962,0.0,2393.308543530521
t1800,1746.7404021169248,646.5681414135962,0.0,2393.308543530521
t1801,1746.7404021169248,646.5681414135962,0.0,2393.308543530521
t1802,1746.7404021169248,646.5681414135962,0.0,2393.308543530521
t1803,1746.7404021169248,646.5681414135962,0.0,2393.308543530521
t1804,1746.7404021169248,646.5681414135962,0.0,2393.308543530521
t1805,1746.7404021169248,646.5681414135962,0.0,2393.308543530521
t1806,1746.7404021169248,646.5681414135963,0.0,2393.308543530521
t1807,1746.7404021169248,646.5681414135963,0.0,2393.308543530521
t1808,1746.7404021169248,646.5681414135963,0.0,2393.308543530521
t1809,1746.7404021169248,646.5681414135963,0.0,2393.308543530521
t1810,1746.7404021169248,632.3436423024972,0.0,2379.084044419422
t1811,817.4745081907208,218.54003179779556,0.0,1036.0145399885164
t1812,817.4745081907208,218.54003179779556,0.0,1036.0145399885164
t1813,817.4745081907208,218.54003179779556,0.0,1036.0145399885164
t1814,817.4745081907208,218.54003179779556,0.0,1036.0145399885164
t1815,817.4745081907208,218.54003179779556,0.0,1036.0145399885164
t1816,817.4745081907208,262.6991827778569,0.0,1080.1736909685778
t1817,1746.7404021169248,646.5681414135963,0.0,2393.308543530521
t1818,1746.7404021169248,646.5681414135963,0.0,2393.308543530521
t1819,1746.7404021169248,646.5681414135963,0.0,2393.308543530521
t1820,1746.7404021169248,646.5681414135963,0.0,2393.308543530521
t1821,1746.7404021169248,646.5681414135963,0.0,2393.308543530521
t1822,1315.9226975452552,646.5681414135963,0.0,1962.4908389588516
t1823,1746.7404021169248,646.5681414135963,0.0,2393.308543530521
t1824,628.8265447620929,569.5866292609638,0.0,1198.4131740230569
t1825,240.75875181743825,218.54003179779556,0.0,459.2987836152338
t1826,240.75875181743825,218.54003179779556,0.0,459.2987836152338
t1827,240.75875181743825,218.54003179779556,0.0,459.2987836152338
t1828,240.75875181743825,218.54003179779556,0.0,459.2987836152338
t1829,240.75875181743825,218.54003179779556,0.0,459.2987836152338
t1830,240.75875181743825,218.54003179779556,0.0,459.2987836152338
t1831,240.75875181743825,218.54003179779556,0.0,459.2987836152338
t1832,240.75875181743825,218.54003179779556,0.0,459.2987836152338
t1833,240.75875181743825,218.54003179779556,0.0,459.2987836152338
t1834,240.75875181743825,218.54003179779556,0.0,459.2987836152338
t1835,240.75875181743825,218.54003179779556,0.0,459.2987836152338
t1836,240.75875181743825,218.54003179779556,0.0,459.2987836152338
t1837,240.75875181743825,218.54003179779556,0.0,459.2987836152338
t1838,240.75875181743825,218.54003179779556,0.0,459.2987836152338
t1839,240.75875181743825,218.54003179779556,0.0,459.2987836152338
t1840,240.75875181743825,218.5400317977955,0.0,459.2987836152338
t1841,514.4417773876885,632.3436423024973,-4.5500468717419974e-10,1146.7854196897308
t1842,514.4417773876885,646.5681414135963,0.0,1161.0099188012848
t1843,514.4417773876885,646.5681414135963,0.0,1161.0099188012848
t1844,514.4417773876885,646.5681414135963,0.0,1161.0099188012848
t1845,514.4417773876885,646.5681414135963,0.0,1161.0099188012848
t1846,514.4417773876885,486.94228754782273,0.0,1001.3840649355112
t1847,514.4417773876885,218.54003179779556,0.0,732.981809185484
t1848,240.7587518233565,218.54003179881641,0.0,459.2987836221729
