Resource,MA_battery,CT_battery,ME_battery,Total
Zone,1,2,3,0
AnnualSum,7.579197431515247e6,7.286327247615639e6,8.248826298352615e6,2.31143509774835e7
t1,0.0,0.0,0.0,0.0
t2,69.44203719016517,0.0,3792.5992417857888,3862.041278975954
t3,620.2904959331219,0.0,4156.898518875955,4777.189014809077
t4,0.0,0.0,2018.9694019267258,2018.9694019267258
t5,0.0,0.0,2388.10647037883,2388.10647037883
t6,0.0,0.0,0.0,0.0
t7,0.0,0.0,0.0,0.0
t8,0.0,0.0,0.0,0.0
t9,2357.9805880079475,2160.813365186282,0.0,4518.79395319423
t10,2895.8437335655512,577.8193902627544,0.0,3473.6631238283057
t11,2895.8437335655512,1612.0938178611448,0.0,4507.937551426696
t12,2895.8437335655512,2239.2329101370124,0.0,5135.076643702563
t13,2895.8437335655512,3245.854758912661,0.0,6141.698492478212
t14,2895.8437335655512,1088.9357947450083,0.0,3984.7795283105597
t15,1273.1900903574772,0.0,0.0,1273.1900903574772
t16,979.2152041718349,0.0,0.0,979.2152041718349
t17,0.0,0.0,0.0,0.0
t18,0.0,0.0,0.0,0.0
t19,0.0,0.0,0.0,0.0
t20,0.0,0.0,0.0,0.0
t21,0.0,0.0,0.0,0.0
t22,0.0,0.0,0.0,0.0
t23,0.0,0.0,0.0,0.0
t24,0.0,0.0,0.0,0.0
t25,897.6827199744993,0.0,0.0,897.6827199744993
t26,1901.0628090048858,1994.20072321002,0.0,3895.263532214906
t27,2017.2554431482404,1238.3572542697516,0.0,3255.612697417992
t28,2011.1932187581524,1759.710471145878,0.0,3770.90368990403
t29,1768.7042431546286,2345.6247523978673,5599.325291874628,9713.654287427125
t30,1030.1232382955661,1224.1152566165604,0.0,2254.2384949121265
t31,0.0,0.0,0.0,0.0
t32,0.0,0.0,5599.325291874628,5599.325291874628
t33,0.0,0.0,0.0,0.0
t34,2572.52132302888,2841.8783651461654,5599.325291874628,11013.724980049674
t35,2632.7111552453925,0.0,0.0,2632.7111552453925
t36,2846.789134868635,0.0,0.0,2846.789134868635
t37,2743.5700226633558,707.8290925944319,0.0,3451.399115257788
t38,1931.8605108873007,3116.1046056345467,0.0,5047.965116521847
t39,1776.5291579086143,1463.6967137583206,0.0,3240.225871666935
t40,478.17828378288317,1179.1581593271321,0.0,1657.3364431100154
t41,0.0,0.0,0.0,0.0
t42,0.0,0.0,5599.325291874628,5599.325291874628
t43,0.0,0.0,0.0,0.0
t44,0.0,606.2118245373664,0.0,606.2118245373664
t45,0.0,1229.8556259666568,5599.325291874628,6829.180917841285
t46,0.0,988.0818119530747,0.0,988.0818119530747
t47,535.041579771704,786.4079129744753,0.0,1321.4494927461792
t48,1453.4685748700474,2146.595621401758,0.0,3600.0641962718055
t49,2037.4628577818673,2553.8936672550426,0.0,4591.35652503691
t50,2407.258545577239,2703.74482706592,0.0,5111.003372643159
t51,2588.1149065482,2793.166236918756,0.0,5381.281143466957
t52,2634.591960205543,1214.3594640572833,5599.325291874628,9448.276716137454
t53,400.0716496253402,0.0,0.0,400.0716496253402
t54,0.0,0.0,0.0,0.0
t55,0.0,0.0,5599.325291874628,5599.325291874628
t56,0.0,0.0,0.0,0.0
t57,779.9185924385146,1215.0647682365222,0.0,1994.9833606750367
t58,2895.8437335655512,3185.6907808656565,0.0,6081.534514431208
t59,2895.8437335655512,6497.372320405344,0.0,9393.216053970895
t60,2895.8437335655512,6497.372320405344,0.0,9393.216053970895
t61,2895.8437335655512,6497.372320405344,0.0,9393.216053970895
t62,2895.8437335655512,6497.372320405344,0.0,9393.216053970895
t63,2895.8437335655512,6497.372320405344,0.0,9393.216053970895
t64,2895.8437335655512,1640.6395430757684,0.0,4536.48327664132
t65,1304.465783209519,3812.1382439099953,4912.330973630351,10028.935000749865
t66,0.0,0.0,0.0,0.0
t67,0.0,0.0,0.0,0.0
t68,0.0,0.0,0.0,0.0
t69,0.0,0.0,0.0,0.0
t70,0.0,0.0,0.0,0.0
t71,852.2979895196468,618.4180887676227,0.0,1470.7160782872695
t72,1698.9886626686166,1514.679822643032,0.0,3213.6684853116485
t73,2243.5784870448615,1842.7135007269726,0.0,4086.291987771834
t74,2517.3889553305057,170.32997545075813,0.0,2687.7189307812637
t75,2639.643813863949,721.1989323717329,5356.275271586497,8717.11801782218
t76,2633.581589473861,2580.2739899160015,0.0,5213.855579389863
t77,2402.206691918833,2553.5075057700888,0.0,4955.714197688922
t78,1653.5219797429545,97.76569009572711,0.0,1751.2876698386817
t79,235.97184319402766,1775.010150078753,0.0,2010.9819932727805
t80,0.0,0.0,0.0,0.0
t81,2015.1472539786841,2188.6446144582374,0.0,4203.7918684369215
t82,2895.8437335655512,4338.114893749598,0.0,7233.958627315149
t83,2895.8437335655512,6497.372320405344,0.0,9393.216053970895
t84,2895.8437335655512,6497.372320405344,0.0,9393.216053970895
t85,2895.8437335655512,6497.372320405344,0.0,9393.216053970895
t86,2895.8437335655512,6497.372320405344,5599.325291874628,14992.541345845522
t87,2895.8437335655512,6497.372320405344,0.0,9393.216053970895
t88,2895.8437335655512,3327.5882192268787,0.0,6223.43195279243
t89,0.0,0.0,0.0,0.0
t90,0.0,0.0,0.0,0.0
t91,0.0,0.0,0.0,0.0
t92,0.0,0.0,5599.325291874628,5599.325291874628
t93,0.0,0.0,0.0,0.0
t94,0.0,0.0,0.0,0.0
t95,0.0,0.0,0.0,0.0
t96,0.0,0.0,0.0,0.0
t97,0.0,0.0,0.0,0.0
t98,0.0,0.0,0.0,0.0
t99,0.0,0.0,0.0,0.0
t100,0.0,0.0,0.0,0.0
t101,0.0,0.0,0.0,0.0
t102,0.0,0.0,0.0,0.0
t103,0.0,0.0,0.0,0.0
t104,0.0,0.0,3831.9498677516835,3831.9498677516835
t105,0.0,0.0,0.0,0.0
t106,0.0,0.0,0.0,0.0
t107,2463.565611779245,0.0,0.0,2463.565611779245
t108,1906.2827218763632,0.0,0.0,1906.2827218763632
t109,1151.633129946974,0.0,0.0,1151.633129946974
t110,0.0,0.0,0.0,0.0
t111,0.0,0.0,0.0,0.0
t112,0.0,0.0,0.0,0.0
t113,0.0,0.0,0.0,0.0
t114,0.0,0.0,0.0,0.0
t115,0.0,0.0,0.0,0.0
t116,0.0,0.0,0.0,0.0
t117,0.0,0.0,0.0,0.0
t118,0.0,0.0,0.0,0.0
t119,0.0,0.0,3356.766456784099,3356.766456784099
t120,0.0,0.0,4759.7938161876455,4759.7938161876455
t121,1636.3643977748814,0.0,0.0,1636.3643977748814
t122,2252.671823629994,1250.8658771681187,0.0,3503.5377007981124
t123,2405.2378041138772,1269.443751168069,0.0,3674.681555281946
t124,2459.79782362467,107.4753979129035,0.0,2567.2732215375736
t125,1193.5866831760632,0.0,0.0,1193.5866831760632
t126,1392.1783761858455,0.0,4630.7282591899775,6022.906635375823
t127,339.0296578255238,146.86254531248366,0.0,485.8922031380075
t128,0.0,0.0,0.0,0.0
t129,0.0,0.0,0.0,0.0
t130,0.0,0.0,0.0,0.0
t131,0.0,0.0,0.0,0.0
t132,0.0,0.0,0.0,0.0
t133,0.0,0.0,0.0,0.0
t134,0.0,0.0,0.0,0.0
t135,0.0,0.0,0.0,0.0
t136,0.0,0.0,0.0,0.0
t137,0.0,0.0,0.0,0.0
t138,0.0,0.0,0.0,0.0
t139,0.0,207.0978296591983,3392.458990938299,3599.5568205974973
t140,0.0,1617.065849023648,0.0,1617.065849023648
t141,0.0,2283.496502257961,1351.491465608002,3634.9879678659627
t142,0.0,2442.572946390877,0.0,2442.572946390877
t143,689.6283017189528,2652.7685687721655,0.0,3342.3968704911185
t144,1433.2611602364232,2864.9853029071205,0.0,4298.246463143543
t145,2031.4006333917796,3035.7692460919184,0.0,5067.1698794836975
t146,2392.1029846020197,3138.8459455288958,0.0,5530.948930130915
t147,2575.9904577680245,3192.4054070010525,0.0,5768.395864769077
t148,2644.695667522356,3204.703634029453,0.0,5849.399301551809
t149,2580.0319406947497,2804.5599729630517,0.0,5384.591913657801
t150,2276.9207211903454,790.3687735965965,0.0,3067.2894947869418
t151,0.0,0.0,0.0,0.0
t152,0.0,0.0,5599.325291874628,5599.325291874628
t153,2895.8437335655512,1204.4809232722325,0.0,4100.324656837784
t154,2675.2940632007426,0.0,0.0,2675.2940632007426
t155,2895.8437335655512,717.0235467311053,0.0,3612.8672802966566
t156,2895.8437335655512,1104.123521361368,0.0,3999.967254926919
t157,2895.8437335655512,4716.163970881596,0.0,7612.007704447147
t158,2895.8437335655512,6497.372320405344,428.1442027118507,9821.360256682745
t159,2895.8437335655512,6497.372320405344,0.0,9393.216053970895
t160,2895.8437335655512,6497.372320405344,444.07568788300455,9837.2917418539
t161,2639.710846016836,4723.423430741049,0.0,7363.134276757884
t162,0.0,840.2639603587776,0.0,840.2639603587776
t163,0.0,246.1401732474302,0.0,246.1401732474302
t164,0.0,0.0,0.0,0.0
t165,0.0,1181.8399903812206,0.0,1181.8399903812206
t166,396.6207895313616,2529.9574414400718,0.0,2926.578230971433
t167,1003.8535992718494,2706.681895838232,0.0,3710.5354951100812
t168,1652.511609011274,2834.320476740947,0.0,4486.832085752221
t169,0.0,0.0,0.0,0.0
t170,1950.5709748572713,3012.5264609247574,5599.325291874628,10562.422727656656
t171,2033.4213748551422,3035.7692460919184,0.0,5069.190620947061
t172,2026.3487797333726,3034.758690215085,0.0,5061.107469948458
t173,1921.2702236385119,3004.4420139100916,5599.325291874628,10525.037529423233
t174,1678.781248034989,2934.713658408606,0.0,4613.494906443595
t175,1285.7470334109457,2662.319912647382,5599.325291874628,9547.392237932956
t176,1334.3612389574612,2262.1852705941183,0.0,3596.546509551579
t177,2895.8437335655512,6497.372320405344,0.0,9393.216053970895
t178,2895.8437335655512,6497.372320405344,5599.325291874628,14992.541345845522
t179,2895.8437335655512,6497.372320405344,0.0,9393.216053970895
t180,2895.8437335655512,6497.372320405344,0.0,9393.216053970895
t181,2895.8437335655512,6497.372320405344,5599.325291874628,14992.541345845522
t182,2895.8437335655512,6497.372320405344,0.0,9393.216053970895
t183,2895.8437335655512,6497.372320405344,5599.325291874628,14992.541345845522
t184,2895.8437335655512,6497.372320405344,0.0,9393.216053970895
t185,2895.8437335655512,6497.372320405344,0.0,9393.216053970895
t186,0.0,2978.748904963938,5599.325291874628,8578.074196838566
t187,0.0,1868.5772083496631,0.0,1868.5772083496631
t188,0.0,1708.6116443207952,5599.325291874628,7307.936936195423
t189,0.0,2043.4033750417927,5599.325291874628,7642.728666916421
t190,0.0,2207.9091356846343,0.0,2207.9091356846343
t191,0.0,0.0,0.0,0.0
t192,0.0,0.0,5599.325291874628,5599.325291874628
t193,0.0,0.0,0.0,0.0
t194,0.0,0.0,5599.325291874628,5599.325291874628
t195,0.0,0.0,0.0,0.0
t196,0.0,0.0,4964.936680592231,4964.936680592231
t197,1308.9855602396162,323.64068954039385,0.0,1632.62624978001
t198,582.5290041607293,1834.4942324447225,0.0,2417.0232366054515
t199,0.0,2012.8170372169168,5091.986473879253,7104.80351109617
t200,0.0,791.8749793431336,0.0,791.8749793431336
t201,1766.3283734965348,5148.817543637069,4239.406525714534,11154.552442848139
t202,2895.8437335655512,6497.372320405344,0.0,9393.216053970895
t203,2895.8437335655512,6497.372320405344,0.0,9393.216053970895
t204,2895.8437335655512,6497.372320405344,0.0,9393.216053970895
t205,2895.8437335655512,6497.372320405344,0.0,9393.216053970895
t206,2895.8437335655512,6497.372320405344,5599.325291874628,14992.541345845522
t207,2895.8437335655512,6497.372320405344,5599.325291874628,14992.541345845522
t208,2895.8437335655512,6497.372320405344,3374.00920805048,12767.225262021375
t209,2895.8437335655512,6231.221092812329,0.0,9127.06482637788
t210,0.0,0.0,0.0,0.0
t211,0.0,0.0,4976.576119680777,4976.576119680777
t212,0.0,0.0,0.0,0.0
t213,0.0,0.0,0.0,0.0
t214,0.0,0.0,0.0,0.0
t215,0.0,528.8514861820888,0.0,528.8514861820888
t216,0.0,376.11919151766494,0.0,376.11919151766494
t217,1650.490867547912,1739.4497232252295,0.0,3389.9405907731416
t218,1932.3843016870069,625.3046075934741,0.0,2557.688909280481
t219,0.0,0.0,1699.405945125669,1699.405945125669
t220,0.0,0.0,0.0,0.0
t221,0.0,0.0,0.0,0.0
t222,0.0,0.0,3855.1092534278996,3855.1092534278996
t223,0.0,0.0,0.0,0.0
t224,0.0,0.0,0.0,0.0
t225,0.0,0.0,0.0,0.0
t226,0.0,0.0,0.0,0.0
t227,1197.7077100568386,0.0,0.0,1197.7077100568386
t228,0.0,0.0,0.0,0.0
t229,2895.8437335655512,0.0,0.0,2895.8437335655512
t230,2895.8437335655512,0.0,0.0,2895.8437335655512
t231,2005.5855399518077,0.0,0.0,2005.5855399518077
t232,525.8589510584186,0.0,0.0,525.8589510584186
t233,0.0,0.0,0.0,0.0
t234,0.0,0.0,0.0,0.0
t235,0.0,0.0,5599.325291874628,5599.325291874628
t236,0.0,0.0,0.0,0.0
t237,0.0,0.0,4310.320506645967,4310.320506645967
t238,0.0,0.0,2177.8056506480007,2177.8056506480007
t239,0.0,0.0,1006.9348320876861,1006.9348320876861
t240,0.0,0.0,0.0,0.0
t241,0.0,0.0,1549.6250742140596,1549.6250742140596
t242,0.0,0.0,1155.1635412281164,1155.1635412281164
t243,0.0,0.0,0.0,0.0
t244,0.0,0.0,0.0,0.0
t245,0.0,0.0,0.0,0.0
t246,0.0,0.0,0.0,0.0
t247,0.0,0.0,0.0,0.0
t248,0.0,0.0,0.0,0.0
t249,0.0,0.0,0.0,0.0
t250,0.0,0.0,0.0,0.0
t251,0.0,0.0,0.0,0.0
t252,1077.0725380188326,0.0,0.0,1077.0725380188326
t253,1496.6737655559677,0.0,0.0,1496.6737655559677
t254,1296.4653904714623,0.0,0.0,1296.4653904714623
t255,2465.386142402544,0.0,0.0,2465.386142402544
t256,887.4940235010909,0.0,0.0,887.4940235010909
t257,0.0,0.0,0.0,0.0
t258,0.0,0.0,0.0,0.0
t259,0.0,0.0,0.0,0.0
t260,0.0,0.0,0.0,0.0
t261,0.0,0.0,0.0,0.0
t262,0.0,0.0,0.0,0.0
t263,0.0,0.0,0.0,0.0
t264,0.0,0.0,0.0,0.0
t265,0.0,0.0,0.0,0.0
t266,0.0,0.0,0.0,0.0
t267,0.0,0.0,0.0,0.0
t268,0.0,0.0,0.0,0.0
t269,0.0,0.0,0.0,0.0
t270,0.0,0.0,0.0,0.0
t271,0.0,0.0,0.0,0.0
t272,0.0,0.0,0.0,0.0
t273,0.0,0.0,0.0,0.0
t274,454.40573906086246,0.0,0.0,454.40573906086246
t275,595.0638540431323,0.0,0.0,595.0638540431323
t276,2754.7335140711393,0.0,0.0,2754.7335140711393
t277,0.0,0.0,0.0,0.0
t278,0.0,0.0,0.0,0.0
t279,0.0,0.0,0.0,0.0
t280,0.0,0.0,0.0,0.0
t281,0.0,0.0,0.0,0.0
t282,0.0,0.0,0.0,0.0
t283,0.0,0.0,1533.0968791953721,1533.0968791953721
t284,0.0,0.0,0.0,0.0
t285,0.0,0.0,0.0,0.0
t286,0.0,0.0,0.0,0.0
t287,0.0,0.0,3735.901666958412,3735.901666958412
t288,0.0,0.0,0.0,0.0
t289,0.0,0.0,0.0,0.0
t290,2348.578309682921,0.0,5011.758172216075,7360.336481898996
t291,2640.654184595631,2042.7652727818213,0.0,4683.419457377452
t292,2668.9445650827083,1201.3658023866521,0.0,3870.3103674693602
t293,1301.0518666701694,0.0,0.0,1301.0518666701694
t294,0.0,0.0,3203.2691098942532,3203.2691098942532
t295,0.0,0.0,2706.956353862541,2706.956353862541
t296,0.0,0.0,0.0,0.0
t297,0.0,0.0,778.8415062858718,778.8415062858718
t298,2479.636689778692,0.0,0.0,2479.636689778692
t299,2895.8437335655512,6497.372320405344,2184.711039745739,11577.927093716633
t300,2895.8437335655512,6497.372320405344,0.0,9393.216053970895
t301,2895.8437335655512,6497.372320405344,0.0,9393.216053970895
t302,2895.8437335655512,6497.372320405344,5333.690221481734,14726.906275452628
t303,2895.8437335655512,6497.372320405344,0.0,9393.216053970895
t304,2895.8437335655512,6497.372320405344,3119.7414703018167,12512.957524272711
t305,2895.8437335655512,6497.372320405344,1059.5046198200034,10452.720673790898
t306,0.0,0.0,0.0,0.0
t307,0.0,0.0,0.0,0.0
t308,0.0,0.0,4648.914047152248,4648.914047152248
t309,0.0,0.0,5041.844565945544,5041.844565945544
t310,116.7480968556287,1275.0413029533884,1068.029585906583,2459.8189857156003
t311,0.0,0.0,0.0,0.0
t312,422.5398894525352,0.0,0.0,422.5398894525352
t313,2119.3028870480566,2121.473171870482,0.0,4240.776058918538
t314,2429.4867016742287,1336.320488510684,0.0,3765.8071901849125
t315,2574.9800870363433,453.223455195694,0.0,3028.2035422320373
t316,2427.8131218130616,0.0,5599.325291874628,8027.1384136876895
t317,1775.2449614455807,0.0,0.0,1775.2449614455807
t318,1957.4352175328115,0.0,0.0,1957.4352175328115
t319,0.0,0.0,0.0,0.0
t320,0.0,0.0,0.0,0.0
t321,2485.220195061974,0.0,0.0,2485.220195061974
t322,2895.8437335655512,4478.391614063784,5599.325291874628,12973.560639503965
t323,2895.8437335655512,6497.372320405344,0.0,9393.216053970895
t324,2895.8437335655512,6497.372320405344,5599.325291874628,14992.541345845522
t325,2895.8437335655512,6497.372320405344,0.0,9393.216053970895
t326,2895.8437335655512,6497.372320405344,5599.325291874628,14992.541345845522
t327,2895.8437335655512,6497.372320405344,0.0,9393.216053970895
t328,2895.8437335655512,5558.538011806264,5235.975961787016,13690.35770715883
t329,2895.8437335655512,1888.2993676213075,0.0,4784.143101186859
t330,0.0,0.0,0.0,0.0
t331,0.0,0.0,0.0,0.0
t332,0.0,873.0558666098141,0.0,873.0558666098141
t333,0.0,0.0,5599.325291874628,5599.325291874628
t334,0.0,0.0,0.0,0.0
t335,396.6395135061509,0.0,0.0,396.6395135061509
t336,922.6111975783389,0.0,0.0,922.6111975783389
t337,0.0,0.0,0.0,0.0
t338,2895.8437335655512,3258.253668078213,0.0,6154.097401643765
t339,2895.8437335655512,3244.9069899086353,0.0,6140.750723474186
t340,2895.8437335655512,2576.2446382922926,0.0,5472.088371857844
t341,2895.8437335655512,1844.0047149710726,0.0,4739.848448536624
t342,2465.8881664806836,0.0,0.0,2465.8881664806836
t343,0.0,0.0,0.0,0.0
t344,0.0,0.0,0.0,0.0
t345,2845.4386964172268,0.0,0.0,2845.4386964172268
t346,2895.8437335655512,0.0,0.0,2895.8437335655512
t347,2895.8437335655512,1592.3952757518744,0.0,4488.239009317425
t348,2895.8437335655512,1660.8370921746455,0.0,4556.680825740197
t349,2895.8437335655512,1329.845709165161,0.0,4225.6894427307125
t350,2895.8437335655512,1049.371286045865,0.0,3945.215019611416
t351,2895.8437335655512,777.9380112082359,0.0,3673.781744773787
t352,2076.9157768078903,0.0,0.0,2076.9157768078903
t353,2895.8437335655512,0.0,0.0,2895.8437335655512
t354,0.0,0.0,0.0,0.0
t355,0.0,0.0,0.0,0.0
t356,0.0,1688.3985106271434,0.0,1688.3985106271434
t357,0.0,0.0,0.0,0.0
t358,0.0,0.0,0.0,0.0
t359,0.0,0.0,0.0,0.0
t360,1796.8313788108844,0.0,0.0,1796.8313788108844
t361,0.0,0.0,0.0,0.0
t362,2895.8437335655512,789.0080455241906,0.0,3684.8517790897417
t363,2895.8437335655512,273.05678418377613,0.0,3168.9005177493273
t364,0.0,0.0,0.0,0.0
t365,0.0,0.0,0.0,0.0
t366,0.0,0.0,0.0,0.0
t367,0.0,0.0,0.0,0.0
t368,618.8676659197183,0.0,0.0,618.8676659197183
t369,1744.7575374012647,0.0,0.0,1744.7575374012647
t370,2605.3031407233893,0.0,0.0,2605.3031407233893
t371,2895.8437335655512,1767.5576735669613,0.0,4663.401407132513
t372,2895.8437335655512,2045.179391960943,0.0,4941.023125526494
t373,2895.8437335655512,3895.0362888302257,0.0,6790.880022395777
t374,2895.8437335655512,6481.971005318615,0.0,9377.814738884166
t375,2895.8437335655512,5808.347852990574,0.0,8704.191586556126
t376,2895.8437335655512,2231.9160919178566,0.0,5127.759825483408
t377,2895.8437335655512,0.0,0.0,2895.8437335655512
t378,0.0,0.0,0.0,0.0
t379,0.0,0.0,0.0,0.0
t380,0.0,0.0,0.0,0.0
t381,0.0,0.0,0.0,0.0
t382,0.0,0.0,0.0,0.0
t383,0.0,0.0,0.0,0.0
t384,0.0,0.0,0.0,0.0
t385,0.0,0.0,0.0,0.0
t386,0.0,0.0,0.0,0.0
t387,0.0,0.0,0.0,0.0
t388,1286.0881077174452,0.0,0.0,1286.0881077174452
t389,0.0,0.0,0.0,0.0
t390,0.0,0.0,0.0,0.0
t391,0.0,0.0,0.0,0.0
t392,0.0,0.0,4728.809039861028,4728.809039861028
t393,0.0,0.0,0.0,0.0
t394,2895.8437335655512,0.0,0.0,2895.8437335655512
t395,2895.8437335655512,3056.2391436735147,0.0,5952.082877239066
t396,2895.8437335655512,382.74618944504545,0.0,3278.5899230105965
t397,2895.8437335655512,835.4314198856567,0.0,3731.275153451208
t398,2895.8437335655512,2106.8842096781423,0.0,5002.7279432436935
t399,2895.8437335655512,4282.2471814239825,0.0,7178.090914989534
t400,2895.8437335655512,1879.128854523196,0.0,4774.972588088747
t401,2895.8437335655512,963.6902606578515,0.0,3859.5339942234027
t402,0.0,0.0,0.0,0.0
t403,0.0,0.0,0.0,0.0
t404,0.0,0.0,0.0,0.0
t405,0.0,0.0,0.0,0.0
t406,0.0,0.0,0.0,0.0
t407,0.0,0.0,0.0,0.0
t408,0.0,0.0,0.0,0.0
t409,605.4483563421655,0.0,0.0,605.4483563421655
t410,0.0,0.0,0.0,0.0
t411,0.0,0.0,0.0,0.0
t412,514.3951592876017,0.0,0.0,514.3951592876017
t413,0.0,0.0,0.0,0.0
t414,0.0,0.0,0.0,0.0
t415,0.0,0.0,0.0,0.0
t416,580.8919639634103,0.0,0.0,580.8919639634103
t417,2895.8437335655512,0.0,0.0,2895.8437335655512
t418,2895.8437335655512,0.0,0.0,2895.8437335655512
t419,2895.8437335655512,2384.2670889641404,0.0,5280.110822529692
t420,2895.8437335655512,2047.5102386612275,0.0,4943.353972226779
t421,2895.8437335655512,2967.1460575229557,0.0,5862.9897910885065
t422,2895.8437335655512,2516.9146732329077,0.0,5412.758406798459
t423,2895.8437335655512,1907.1340461314667,0.0,4802.9777796970175
t424,2895.8437335655512,1132.9722572700548,0.0,4028.815990835606
t425,2895.8437335655512,0.0,0.0,2895.8437335655512
t426,0.0,0.0,0.0,0.0
t427,0.0,0.0,0.0,0.0
t428,0.0,0.0,0.0,0.0
t429,0.0,0.0,0.0,0.0
t430,0.0,0.0,0.0,0.0
t431,0.0,2372.0481952736814,0.0,2372.0481952736814
t432,2126.3754821698253,2520.3258927988054,0.0,4646.70137496863
t433,2401.3355502965196,0.0,0.0,2401.3355502965196
t434,1948.6269877444008,0.0,0.0,1948.6269877444008
t435,2895.8437335655512,1315.0428539949353,5599.325291874628,9810.211879435115
t436,2895.8437335655512,2429.591404768617,0.0,5325.435138334168
t437,0.0,0.0,0.0,0.0
t438,2654.79937483917,60.813910394401205,0.0,2715.6132852335713
t439,0.0,0.0,0.0,0.0
t440,2241.4403274853357,29.045049812873813,0.0,2270.4853772982096
t441,2895.8437335655512,785.5758063213782,0.0,3681.4195398869297
t442,2895.8437335655512,102.49548251121432,0.0,2998.3392160767658
t443,2895.8437335655512,2239.807600014549,0.0,5135.6513335801
t444,2895.8437335655512,965.3833166249583,5599.325291874628,9460.552342065137
t445,2895.8437335655512,1461.2796216664092,0.0,4357.123355231961
t446,2895.8437335655512,1637.9478026723557,0.0,4533.791536237907
t447,2895.8437335655512,1293.8298673584666,0.0,4189.673600924018
t448,1097.4159241202024,0.0,0.0,1097.4159241202024
t449,2895.8437335655512,0.0,0.0,2895.8437335655512
t450,1275.0161111857255,0.0,0.0,1275.0161111857255
t451,0.0,0.0,0.0,0.0
t452,0.0,0.0,0.0,0.0
t453,0.0,0.0,0.0,0.0
t454,0.0,0.0,0.0,0.0
t455,0.0,0.0,0.0,0.0
t456,0.0,0.0,0.0,0.0
t457,2855.938518360675,0.0,0.0,2855.938518360675
t458,0.0,2838.7325643281897,0.0,2838.7325643281897
t459,2895.8437335655512,0.0,0.0,2895.8437335655512
t460,0.0,732.918627136641,0.0,732.918627136641
t461,2895.8437335655512,443.7315983242218,0.0,3339.575331889773
t462,0.0,1859.9173059845332,0.0,1859.9173059845332
t463,0.0,0.0,0.0,0.0
t464,0.0,0.0,0.0,0.0
t465,2093.9155068956265,287.84317242462976,0.0,2381.7586793202563
t466,2895.8437335655512,1289.4770427650303,0.0,4185.320776330582
t467,2505.9565490724203,0.0,0.0,2505.9565490724203
t468,2895.8437335655512,0.0,243.90436518191905,3139.74809874747
t469,2234.561395052795,0.0,0.0,2234.561395052795
t470,2895.8437335655512,4355.8132973311585,0.0,7251.657030896709
t471,1927.9897215133226,0.0,0.0,1927.9897215133226
t472,672.695472054863,0.0,0.0,672.695472054863
t473,0.0,0.0,0.0,0.0
t474,0.0,0.0,0.0,0.0
t475,0.0,0.0,0.0,0.0
t476,0.0,0.0,0.0,0.0
t477,0.0,0.0,0.0,0.0
t478,0.0,0.0,0.0,0.0
t479,0.0,0.0,0.0,0.0
t480,0.0,0.0,0.0,0.0
t481,0.0,0.0,0.0,0.0
t482,0.0,0.0,0.0,0.0
t483,0.0,0.0,0.0,0.0
t484,0.0,0.0,0.0,0.0
t485,0.0,0.0,0.0,0.0
t486,0.0,0.0,0.0,0.0
t487,0.0,0.0,0.0,0.0
t488,0.0,0.0,0.0,0.0
t489,0.0,0.0,0.0,0.0
t490,0.0,0.0,0.0,0.0
t491,0.0,0.0,0.0,0.0
t492,0.0,0.0,0.0,0.0
t493,103.9535549331947,0.0,0.0,103.9535549331947
t494,807.3870821641877,0.0,0.0,807.3870821641877
t495,888.9292118456768,0.0,440.173376887409,1329.102588733086
t496,0.0,0.0,0.0,0.0
t497,0.0,0.0,0.0,0.0
t498,0.0,0.0,0.0,0.0
t499,0.0,0.0,0.0,0.0
t500,0.0,0.0,0.0,0.0
t501,0.0,0.0,0.0,0.0
t502,0.0,0.0,0.0,0.0
t503,0.0,0.0,212.63138989831953,212.63138989831953
t504,2452.498240123038,0.0,0.0,2452.498240123038
t505,0.0,0.0,0.0,0.0
t506,0.0,3313.4922151259757,0.0,3313.4922151259757
t507,0.0,3398.4548319448286,0.0,3398.4548319448286
t508,0.0,0.0,0.0,0.0
t509,0.0,3275.368749222597,0.0,3275.368749222597
t510,0.0,0.0,0.0,0.0
t511,0.0,3473.017882478199,0.0,3473.017882478199
t512,0.0,0.0,0.0,0.0
t513,919.7127962858405,6497.372320405344,0.0,7417.085116691184
t514,2386.793641814061,6497.372320405344,0.0,8884.165962219406
t515,2895.8437335655512,6497.372320405344,0.0,9393.216053970895
t516,2895.8437335655512,6497.372320405344,0.0,9393.216053970895
t517,2895.8437335655512,0.0,0.0,2895.8437335655512
t518,2895.8437335655512,6497.372320405344,0.0,9393.216053970895
t519,2895.8437335655512,6497.372320405344,0.0,9393.216053970895
t520,1651.9351948843753,0.0,0.0,1651.9351948843753
t521,0.0,6497.372320405344,0.0,6497.372320405344
t522,0.0,4519.799570484271,0.0,4519.799570484271
t523,0.0,0.0,1884.901150619112,1884.901150619112
t524,0.0,0.0,0.0,0.0
t525,0.0,0.0,0.0,0.0
t526,0.0,0.0,603.5775236782462,603.5775236782462
t527,0.0,0.0,0.0,0.0
t528,0.0,0.0,0.0,0.0
t529,0.0,1045.1033474621036,0.0,1045.1033474621036
t530,0.0,1550.0336389146262,0.0,1550.0336389146262
t531,0.0,2044.8669638393326,0.0,2044.8669638393326
t532,0.0,2035.0885079411833,5599.325291874628,7634.413799815811
t533,0.0,3133.2643891092216,0.0,3133.2643891092216
t534,0.0,1563.5820109899257,0.0,1563.5820109899257
t535,0.0,0.0,0.0,0.0
t536,0.0,0.0,0.0,0.0
t537,1613.6559126081168,6497.372320405344,0.0,8111.0282330134605
t538,2753.632102069733,0.0,0.0,2753.632102069733
t539,2895.8437335655512,6497.372320405344,0.0,9393.216053970895
t540,2895.8437335655512,6497.372320405344,0.0,9393.216053970895
t541,2895.8437335655512,0.0,0.0,2895.8437335655512
t542,2895.8437335655512,6497.372320405344,0.0,9393.216053970895
t543,2761.991086325512,3887.9617276359077,0.0,6649.952813961419
t544,1945.9063120992507,0.0,0.0,1945.9063120992507
t545,377.3468997247313,4843.464057822649,0.0,5220.81095754738
t546,0.0,0.0,0.0,0.0
t547,0.0,0.0,0.0,0.0
t548,0.0,0.0,0.0,0.0
t549,0.0,0.0,0.0,0.0
t550,0.0,0.0,0.0,0.0
t551,0.0,0.0,0.0,0.0
t552,0.0,0.0,0.0,0.0
t553,0.0,0.0,0.0,0.0
t554,0.0,0.0,0.0,0.0
t555,0.0,0.0,0.0,0.0
t556,0.0,0.0,0.0,0.0
t557,0.0,0.0,0.0,0.0
t558,0.0,1423.3388016799822,0.0,1423.3388016799822
t559,0.0,0.0,0.0,0.0
t560,0.0,0.0,0.0,0.0
t561,382.26073526240117,889.5556540884133,0.0,1271.8163893508145
t562,1968.650392482003,0.0,0.0,1968.650392482003
t563,2656.9576031078814,1039.989825194418,0.0,3696.947428302299
t564,2895.8437335655512,0.0,0.0,2895.8437335655512
t565,2895.8437335655512,3314.023796395797,0.0,6209.867529961348
t566,2775.2819905946285,0.0,0.0,2775.2819905946285
t567,2402.1449618779898,0.0,0.0,2402.1449618779898
t568,1793.2919610127947,0.0,0.0,1793.2919610127947
t569,252.7752537475978,503.02792421862284,0.0,755.8031779662206
t570,0.0,0.0,0.0,0.0
t571,0.0,0.0,0.0,0.0
t572,0.0,0.0,0.0,0.0
t573,0.0,0.0,0.0,0.0
t574,0.0,0.0,0.0,0.0
t575,0.0,0.0,5599.325291874628,5599.325291874628
t576,0.0,0.0,0.0,0.0
t577,0.0,0.0,0.0,0.0
t578,0.0,0.0,0.0,0.0
t579,0.0,0.0,0.0,0.0
t580,2895.8437335655512,0.0,0.0,2895.8437335655512
t581,0.0,1957.5080675663924,0.0,1957.5080675663924
t582,0.0,0.0,0.0,0.0
t583,1440.7732470265978,0.0,0.0,1440.7732470265978
t584,0.0,0.0,0.0,0.0
t585,1265.6040031037633,0.0,0.0,1265.6040031037633
t586,2729.913989662409,0.0,0.0,2729.913989662409
t587,2895.8437335655512,4925.531186474019,0.0,7821.3749200395705
t588,2895.8437335655512,5861.777462541677,0.0,8757.621196107228
t589,2798.123848661233,0.0,0.0,2798.123848661233
t590,2774.316444779046,0.0,0.0,2774.316444779046
t591,2795.571963687507,3423.4373113467063,0.0,6219.009275034214
t592,1693.5416353360013,6497.372320405344,0.0,8190.9139557413455
t593,7.08295765758038,5451.5043906312285,0.0,5458.587348288809
t594,0.0,0.0,0.0,0.0
t595,0.0,0.0,0.0,0.0
t596,0.0,0.0,0.0,0.0
t597,0.0,0.0,0.0,0.0
t598,0.0,0.0,0.0,0.0
t599,0.0,0.0,0.0,0.0
t600,0.0,0.0,0.0,0.0
t601,0.0,0.0,0.0,0.0
t602,0.0,0.0,0.0,0.0
t603,0.0,0.0,0.0,0.0
t604,0.0,0.0,0.0,0.0
t605,0.0,0.0,0.0,0.0
t606,0.0,0.0,0.0,0.0
t607,0.0,0.0,0.0,0.0
t608,0.0,0.0,0.0,0.0
t609,179.38207242457833,0.0,0.0,179.38207242457833
t610,2895.8437335655512,0.0,0.0,2895.8437335655512
t611,2895.8437335655512,0.0,0.0,2895.8437335655512
t612,2895.8437335655512,0.0,0.0,2895.8437335655512
t613,2895.8437335655512,6497.372320405344,0.0,9393.216053970895
t614,2895.8437335655512,0.0,0.0,2895.8437335655512
t615,2895.8437335655512,6420.542720760176,0.0,9316.386454325728
t616,2895.8437335655512,2826.7420796465867,0.0,5722.5858132121375
t617,1343.5499379293622,628.374642240141,0.0,1971.9245801695033
t618,0.0,0.0,0.0,0.0
t619,0.0,0.0,0.0,0.0
t620,0.0,0.0,0.0,0.0
t621,448.1496968471088,0.0,0.0,448.1496968471088
t622,0.0,1887.6987268262476,0.0,1887.6987268262476
t623,0.0,1387.6384651664885,5599.325291874628,6986.963757041117
t624,0.0,0.0,0.0,0.0
t625,2895.8437335655512,1348.7192549991792,0.0,4244.56298856473
t626,0.0,0.0,0.0,0.0
t627,0.0,0.0,0.0,0.0
t628,0.0,0.0,0.0,0.0
t629,0.0,0.0,0.0,0.0
t630,0.0,1976.1853802796034,0.0,1976.1853802796034
t631,0.0,0.0,0.0,0.0
t632,1219.5857662429987,0.0,0.0,1219.5857662429987
t633,2203.209000814517,0.0,0.0,2203.209000814517
t634,2550.239637719328,3087.1043319634364,0.0,5637.3439696827645
t635,2895.8437335655512,0.0,5514.830013332041,8410.673746897592
t636,2895.8437335655512,6497.372320405344,0.0,9393.216053970895
t637,2895.8437335655512,4822.922594813461,0.0,7718.766328379012
t638,2895.8437335655512,0.0,5599.325291874628,8495.16902544018
t639,2895.8437335655512,0.0,0.0,2895.8437335655512
t640,2398.2315341068497,0.0,0.0,2398.2315341068497
t641,1201.6426949600286,5383.877859198867,0.0,6585.520554158895
t642,0.0,1338.1246701689386,0.0,1338.1246701689386
t643,0.0,0.0,0.0,0.0
t644,0.0,2593.3566002198913,0.0,2593.3566002198913
t645,0.0,0.0,0.0,0.0
t646,0.0,1908.3601043163546,0.0,1908.3601043163546
t647,0.0,2302.0985051253574,0.0,2302.0985051253574
t648,0.0,2404.9057834384903,0.0,2404.9057834384903
t649,0.0,0.0,0.0,0.0
t650,0.0,3036.4840616879237,0.0,3036.4840616879237
t651,0.0,0.0,0.0,0.0
t652,0.0,1714.035537335432,0.0,1714.035537335432
t653,0.0,0.0,0.0,0.0
t654,0.0,0.0,0.0,0.0
t655,0.0,0.0,0.0,0.0
t656,0.0,0.0,0.0,0.0
t657,2869.4049748231046,0.0,0.0,2869.4049748231046
t658,2895.8437335655512,0.0,0.0,2895.8437335655512
t659,2895.8437335655512,0.0,0.0,2895.8437335655512
t660,2895.8437335655512,3318.198702231407,0.0,6214.042435796959
t661,2895.8437335655512,0.0,0.0,2895.8437335655512
t662,2895.8437335655512,6342.980686801684,0.0,9238.824420367235
t663,2367.5776004715794,0.0,0.0,2367.5776004715794
t664,1542.3904574990477,4884.079051549272,0.0,6426.469509048319
t665,2895.8437335655512,4587.149216466415,0.0,7482.992950031967
t666,0.0,1604.7860302743854,0.0,1604.7860302743854
t667,0.0,0.0,0.0,0.0
t668,0.0,0.0,0.0,0.0
t669,0.0,0.0,0.0,0.0
t670,0.0,0.0,0.0,0.0
t671,0.0,0.0,0.0,0.0
t672,0.0,0.0,0.0,0.0
t673,0.0,0.0,0.0,0.0
t674,0.0,0.0,5260.595707244161,5260.595707244161
t675,0.0,0.0,5375.161599886798,5375.161599886798
t676,0.0,0.0,5599.325291874628,5599.325291874628
t677,0.0,0.0,5599.325291874628,5599.325291874628
t678,0.0,0.0,5599.325291874628,5599.325291874628
t679,0.0,0.0,5599.325291874628,5599.325291874628
t680,0.0,0.0,5599.325291874628,5599.325291874628
t681,2895.8437335655512,2216.762386768215,5599.325291874628,10711.931412208396
t682,2895.8437335655512,6497.372320405344,5599.325291874628,14992.541345845522
t683,2895.8437335655512,5679.972978152135,5599.325291874628,14175.142003592315
t684,2895.8437335655512,6497.372320405344,5599.325291874628,14992.541345845522
t685,2895.8437335655512,6497.372320405344,5599.325291874628,14992.541345845522
t686,2895.8437335655512,6497.372320405344,4533.279199915147,13926.495253886042
t687,2895.8437335655512,6142.876501619791,3238.5602025906915,12277.280437776035
t688,2895.8437335655512,5054.865648568678,2388.035677614816,10338.745059749046
t689,2895.8437335655512,3193.0286847534157,1032.631380431515,7121.503798750482
t690,1533.7368972432887,3042.020324119552,814.7574481183515,5390.514669481192
t691,0.0,0.0,762.8953974967905,762.8953974967905
t692,0.0,0.0,0.0,0.0
t693,0.0,0.0,576.7819680034752,576.7819680034752
t694,0.0,0.0,1784.4835603424362,1784.4835603424362
t695,0.0,0.0,2885.014086544168,2885.014086544168
t696,0.0,0.0,2191.3265077862006,2191.3265077862006
t697,2117.106309718825,0.0,2442.9713568584466,4560.077666577272
t698,1138.380497130548,0.0,3201.705645956226,4340.0861430867735
t699,684.6617224610885,0.0,2206.8191286069377,2891.4808510680264
t700,2090.6860810580733,0.0,3563.533280038915,5654.219361096988
t701,964.152016594169,0.0,3196.069056410705,4160.221073004874
t702,424.9344985842498,0.0,3129.2694169833294,3554.2039155675793
t703,0.0,0.0,2787.553746265031,2787.553746265031
t704,0.0,0.0,0.0,0.0
t705,2250.947818548302,0.0,3900.2971837435803,6151.245002291882
t706,2895.8437335655512,1418.1380930166388,3709.0157409503836,8022.997567532574
t707,2895.8437335655512,4881.470577088495,2483.2571084465735,10260.57141910062
t708,2895.8437335655512,5251.333064107201,2317.7689685055548,10464.945766178305
t709,2895.8437335655512,3209.8386833045574,2856.168277793091,8961.8506946632
t710,2895.8437335655512,5259.434870541426,2869.477725302846,11024.756329409824
t711,2895.8437335655512,4273.586028433955,3622.9085962304807,10792.338358229987
t712,2895.8437335655512,1491.5938578888758,3673.2228590248255,8060.660450479252
t713,1358.716508544333,0.0,416.1241609531601,1774.840669497493
t714,0.0,0.0,0.0,0.0
t715,0.0,0.0,0.0,0.0
t716,0.0,0.0,0.0,0.0
t717,0.0,0.0,0.0,0.0
t718,0.0,0.0,0.0,0.0
t719,0.0,0.0,0.0,0.0
t720,0.0,0.0,0.0,0.0
t721,0.0,0.0,0.0,0.0
t722,0.0,0.0,0.0,0.0
t723,0.0,0.0,0.0,0.0
t724,0.0,0.0,0.0,0.0
t725,0.0,0.0,0.0,0.0
t726,0.0,0.0,0.0,0.0
t727,0.0,0.0,0.0,0.0
t728,0.0,0.0,0.0,0.0
t729,0.0,0.0,0.0,0.0
t730,1175.3446939522928,0.0,0.0,1175.3446939522928
t731,1291.588426998215,0.0,0.0,1291.588426998215
t732,1113.845517791781,0.0,0.0,1113.845517791781
t733,1520.9751945708083,0.0,0.0,1520.9751945708083
t734,1576.1304640052574,0.0,0.0,1576.1304640052574
t735,559.5920637285042,0.0,0.0,559.5920637285042
t736,0.0,0.0,0.0,0.0
t737,0.0,0.0,0.0,0.0
t738,0.0,0.0,0.0,0.0
t739,0.0,0.0,0.0,0.0
t740,0.0,0.0,0.0,0.0
t741,0.0,0.0,0.0,0.0
t742,0.0,0.0,0.0,0.0
t743,0.0,0.0,0.0,0.0
t744,0.0,0.0,0.0,0.0
t745,0.0,0.0,0.0,0.0
t746,0.0,0.0,0.0,0.0
t747,0.0,0.0,0.0,0.0
t748,0.0,0.0,0.0,0.0
t749,0.0,0.0,0.0,0.0
t750,0.0,0.0,0.0,0.0
t751,0.0,0.0,0.0,0.0
t752,0.0,0.0,0.0,0.0
t753,0.0,0.0,0.0,0.0
t754,0.0,0.0,0.0,0.0
t755,1860.4328995519554,0.0,0.0,1860.4328995519554
t756,2266.470067163261,0.0,0.0,2266.470067163261
t757,2514.4382232139246,204.21058409515288,0.0,2718.6488073090777
t758,2301.436445237757,499.5640578224192,0.0,2801.0005030601765
t759,837.994933848532,0.0,0.0,837.994933848532
t760,0.0,0.0,0.0,0.0
t761,0.0,0.0,0.0,0.0
t762,0.0,0.0,0.0,0.0
t763,0.0,0.0,0.0,0.0
t764,0.0,0.0,0.0,0.0
t765,0.0,0.0,0.0,0.0
t766,0.0,0.0,83.57520781456441,83.57520781456441
t767,0.0,0.0,792.8717879602196,792.8717879602196
t768,0.0,0.0,1462.0262035102412,1462.0262035102412
t769,0.0,0.0,0.0,0.0
t770,0.0,0.0,350.06603639459934,350.06603639459934
t771,0.0,0.0,0.0,0.0
t772,0.0,0.0,0.0,0.0
t773,0.0,0.0,28.264208128740087,28.264208128740087
t774,0.0,0.0,232.1268205183049,232.1268205183049
t775,0.0,0.0,0.0,0.0
t776,0.0,0.0,0.0,0.0
t777,0.0,0.0,0.0,0.0
t778,935.7805558795756,0.0,0.0,935.7805558795756
t779,2895.8437335655512,340.94898413963915,0.0,3236.7927177051906
t780,2895.8437335655512,1216.3793418503785,0.0,4112.22307541593
t781,2895.8437335655512,1569.1522131168865,0.0,4464.9959466824375
t782,2895.8437335655512,755.8577371513269,0.0,3651.7014707168782
t783,2895.8437335655512,3426.8321212771175,397.24892832599943,6719.924783168668
t784,2895.8437335655512,4499.992816574055,1191.8585266060848,8587.695076745691
t785,1644.0620837262084,2535.3005592903132,0.0,4179.362643016521
t786,0.0,0.0,0.0,0.0
t787,0.0,0.0,0.0,0.0
t788,0.0,0.0,0.0,0.0
t789,0.0,0.0,0.0,0.0
t790,0.0,0.0,0.0,0.0
t791,0.0,0.0,0.0,0.0
t792,0.0,0.0,0.0,0.0
t793,969.9019024852203,1418.9148122479223,0.0,2388.8167147331424
t794,2878.7834104919484,765.5361006949306,876.9885024632513,4521.30801365013
t795,2895.8437335655512,2616.5595818087486,2851.613953460716,8364.017268835016
t796,2895.8437335655512,1706.3386804686518,4719.053915395279,9321.236329429481
t797,2895.8437335655512,1227.0758090677898,4058.544780570049,8181.46432320339
t798,2895.8437335655512,808.9049356332823,3667.1916020061435,7371.940271204977
t799,0.0,0.0,1405.1086722706848,1405.1086722706848
t800,991.4102187315201,0.0,1366.616829316449,2358.027048047969
t801,1935.419971764403,0.0,3182.969492361912,5118.389464126315
t802,2895.8437335655512,438.9224183169146,3169.977595349161,6504.743747231627
t803,2895.8437335655512,915.7415046959333,3962.4088941747627,7773.994132436247
t804,2895.8437335655512,1148.8509052289385,4979.298669320782,9023.993308115272
t805,2895.8437335655512,2263.196699737933,4459.4381560423135,9618.478589345797
t806,2895.8437335655512,1517.4378461881313,4738.573365461773,9151.854945215455
t807,2895.8437335655512,1480.6838568104258,3368.043255364217,7744.570845740194
t808,2895.8437335655512,612.8030697316209,2558.9351566143705,6067.581959911542
t809,1788.8941896518302,0.0,2881.821472304741,4670.715661956571
t810,0.0,0.0,2266.9296158432494,2266.9296158432494
t811,0.0,0.0,483.77808315707773,483.77808315707773
t812,0.0,0.0,0.0,0.0
t813,0.0,0.0,0.0,0.0
t814,0.0,0.0,0.0,0.0
t815,0.0,0.0,13.002633325076118,13.002633325076118
t816,0.0,0.0,347.31886794967613,347.31886794967613
t817,0.0,0.0,454.11835595471484,454.11835595471484
t818,0.0,0.0,0.0,0.0
t819,0.0,0.0,0.0,0.0
t820,0.0,0.0,28.685174252133905,28.685174252133905
t821,0.0,0.0,712.0452837426772,712.0452837426772
t822,0.0,0.0,565.1327406229543,565.1327406229543
t823,0.0,0.0,0.0,0.0
t824,0.0,0.0,0.0,0.0
t825,0.0,0.0,0.0,0.0
t826,2021.489539226117,0.0,0.0,2021.489539226117
t827,2895.8437335655512,4822.822858552135,0.0,7718.666592117686
t828,2895.8437335655512,3762.624557597863,0.0,6658.468291163414
t829,2895.8437335655512,3073.042115432051,0.0,5968.885848997603
t830,2895.8437335655512,1470.8783145303187,0.0,4366.7220480958695
t831,2895.8437335655512,148.85097593669738,0.0,3044.6947095022488
t832,781.8565864861729,0.0,0.0,781.8565864861729
t833,0.0,0.0,0.0,0.0
t834,0.0,0.0,0.0,0.0
t835,0.0,0.0,0.0,0.0
t836,0.0,0.0,0.0,0.0
t837,0.0,0.0,41.192235301163116,41.192235301163116
t838,0.0,0.0,0.0,0.0
t839,0.0,0.0,1169.9324519916256,1169.9324519916256
t840,0.0,0.0,0.0,0.0
t841,0.0,0.0,0.0,0.0
t842,0.0,0.0,0.0,0.0
t843,0.0,0.0,673.8444951058524,673.8444951058524
t844,0.0,0.0,1097.634497886512,1097.634497886512
t845,0.0,0.0,818.098618031408,818.098618031408
t846,0.0,0.0,0.0,0.0
t847,0.0,0.0,0.0,0.0
t848,0.0,0.0,0.0,0.0
t849,0.0,0.0,0.0,0.0
t850,1625.3184890300756,0.0,0.0,1625.3184890300756
t851,2895.8437335655512,371.15236532773554,0.0,3266.9960988932867
t852,2895.8437335655512,1154.114638196118,0.0,4049.9583717616692
t853,2895.8437335655512,1079.597728630011,0.0,3975.441462195562
t854,2895.8437335655512,785.2321806469371,0.0,3681.0759142124884
t855,2093.348370354817,0.0,0.0,2093.348370354817
t856,2895.8437335655512,565.5075248627109,0.0,3461.351258428262
t857,985.5454272922293,0.0,1283.208326268446,2268.7537535606752
t858,0.0,0.0,1697.9761431724085,1697.9761431724085
t859,0.0,0.0,3234.133067124204,3234.133067124204
t860,2812.575032445843,0.0,3965.1113216182,6777.6863540640425
t861,0.0,0.0,3612.130233174938,3612.130233174938
t862,0.0,0.0,2080.3524646439887,2080.3524646439887
t863,0.0,0.0,0.0,0.0
t864,0.0,0.0,2687.9228129835305,2687.9228129835305
t865,0.0,0.0,1178.487449985307,1178.487449985307
t866,0.0,0.0,994.0348275278124,994.0348275278124
t867,332.76732785594663,0.0,1382.987960101223,1715.7552879571697
t868,0.0,0.0,0.0,0.0
t869,0.0,0.0,0.0,0.0
t870,0.0,0.0,0.0,0.0
t871,0.0,0.0,0.0,0.0
t872,0.0,0.0,0.0,0.0
t873,0.0,0.0,0.0,0.0
t874,1307.1787321448828,0.0,0.0,1307.1787321448828
t875,1907.5910430576594,0.0,0.0,1907.5910430576594
t876,2895.8437335655512,301.3410599548054,0.0,3197.184793520357
t877,2895.8437335655512,2447.566233152144,0.0,5343.409966717695
t878,2895.8437335655512,350.1270863453145,0.0,3245.970819910866
t879,2895.8437335655512,2699.2327177372476,1607.1375103302407,7202.21396163304
t880,2895.8437335655512,1691.714850242045,577.9234400320188,5165.482023839615
t881,176.33650674404856,0.0,1012.3086529880776,1188.645159732126
t882,0.0,0.0,1740.0681110757714,1740.0681110757714
t883,0.0,0.0,524.4297557103248,524.4297557103248
t884,0.0,0.0,414.6128847832553,414.6128847832553
t885,0.0,0.0,385.28046118617385,385.28046118617385
t886,0.0,0.0,451.9733427477648,451.9733427477648
t887,0.0,0.0,0.0,0.0
t888,0.0,0.0,192.77971645877193,192.77971645877193
t889,1380.8068792041731,0.0,965.181595513913,2345.988474718086
t890,2341.8713933057493,493.2292639358806,3698.901059312498,6534.0017165541285
t891,2564.4934492122215,1699.0873866844431,4911.929142887442,9175.509978784106
t892,2658.176033824448,1465.241165865459,3945.620967919153,8069.03816760906
t893,1487.4874839514637,0.0,2984.1016400394114,4471.589123990875
t894,1074.9777903762579,0.0,3594.2977707445393,4669.275561120798
t895,0.0,0.0,1269.880841260928,1269.880841260928
t896,481.2452830780991,0.0,0.0,481.2452830780991
t897,2684.784565249041,0.0,0.0,2684.784565249041
t898,2443.668222041266,0.0,0.0,2443.668222041266
t899,2895.8437335655512,1123.456313561075,68.88929597540042,4088.189343102026
t900,2895.8437335655512,801.9891970577912,295.287285081147,3993.1202157044895
t901,1046.6902099446966,3171.304933716481,0.0,4217.995143661177
t902,1274.0640397112406,1794.275684572039,0.0,3068.33972428328
t903,695.5886050510269,2496.0202148220496,569.1421712128972,3760.750991085974
t904,0.0,1574.5003926838353,2227.175680149821,3801.6760728336562
t905,0.0,776.8941673617168,1525.3080896033946,2302.2022569651112
t906,0.0,0.0,0.0,0.0
t907,0.0,0.0,0.0,0.0
t908,0.0,0.0,0.0,0.0
t909,0.0,0.0,50.018091889217935,50.018091889217935
t910,0.0,0.0,1231.4061571538832,1231.4061571538832
t911,0.0,0.0,1325.305968490312,1325.305968490312
t912,0.0,0.0,1581.8037910414257,1581.8037910414257
t913,0.0,0.0,2145.6873277098457,2145.6873277098457
t914,0.0,0.0,3958.5143018662993,3958.5143018662993
t915,1252.2480465089884,113.70213483864889,4959.530919379231,6325.481100726868
t916,1041.7251677826978,0.0,4008.191851281056,5049.917019063754
t917,1597.7655359927924,995.3941588031479,2330.3228739186147,4923.482568714555
t918,2895.8437335655512,835.7754973638461,516.3195632572035,4247.938794186601
t919,0.0,0.0,0.0,0.0
t920,0.0,0.0,0.0,0.0
t921,848.5891254896818,64.25467578582133,0.0,912.8438012755031
t922,0.0,1359.7704817080107,0.0,1359.7704817080107
t923,1544.3375396142383,3374.4564742541884,0.0,4918.794013868426
t924,784.8195652994507,2006.1002867338314,0.0,2790.919852033282
t925,0.0,3497.6209866777863,0.0,3497.6209866777863
t926,0.0,659.5693082988474,0.0,659.5693082988474
t927,0.0,0.0,0.0,0.0
t928,0.0,0.0,0.0,0.0
t929,0.0,0.0,0.0,0.0
t930,0.0,0.0,0.0,0.0
t931,0.0,0.0,0.0,0.0
t932,0.0,0.0,0.0,0.0
t933,0.0,0.0,0.0,0.0
t934,0.0,0.0,0.0,0.0
t935,0.0,0.0,0.0,0.0
t936,0.0,0.0,0.0,0.0
t937,0.0,0.0,0.0,0.0
t938,0.0,0.0,146.72419713352917,146.72419713352917
t939,0.0,0.0,1013.355086467574,1013.355086467574
t940,771.4872241587912,0.0,2025.2885467789338,2796.7757709377247
t941,268.24657228301874,0.0,2505.629987626459,2773.8765599094777
t942,401.78167249081474,0.0,2991.027291931025,3392.80896442184
t943,0.0,0.0,0.0,0.0
t944,0.0,0.0,0.0,0.0
t945,0.0,0.0,0.0,0.0
t946,0.0,0.0,0.0,0.0
t947,0.0,0.0,0.0,0.0
t948,382.34700440394545,0.0,0.0,382.34700440394545
t949,0.0,0.0,0.0,0.0
t950,0.0,0.0,0.0,0.0
t951,0.0,0.0,1310.1993207307803,1310.1993207307803
t952,0.0,0.0,1807.6232671314149,1807.6232671314149
t953,0.0,0.0,838.1136093252682,838.1136093252682
t954,0.0,0.0,727.2644969112202,727.2644969112202
t955,0.0,0.0,0.0,0.0
t956,0.0,0.0,0.0,0.0
t957,0.0,0.0,0.0,0.0
t958,0.0,0.0,0.0,0.0
t959,0.0,0.0,0.0,0.0
t960,0.0,0.0,360.7799632824358,360.7799632824358
t961,0.0,0.0,0.0,0.0
t962,0.0,0.0,0.0,0.0
t963,0.0,0.0,0.0,0.0
t964,0.0,0.0,0.0,0.0
t965,0.0,0.0,0.0,0.0
t966,0.0,0.0,0.0,0.0
t967,0.0,0.0,0.0,0.0
t968,0.0,0.0,0.0,0.0
t969,0.0,0.0,0.0,0.0
t970,802.2666193428608,541.2566404514631,0.0,1343.523259794324
t971,1212.0663355931458,1952.1983686678723,0.0,3164.264704261018
t972,1774.010663649157,1416.6011382270601,0.0,3190.611801876217
t973,2895.8437335655512,3626.925844695772,0.0,6522.769578261323
t974,2895.8437335655512,2296.982048183435,0.0,5192.825781748987
t975,2259.2048196261826,1650.2346527645245,0.0,3909.439472390707
t976,641.5098667587882,2107.180168429176,0.0,2748.690035187964
t977,850.8952292268485,5081.090699241877,396.75121394090394,6328.737142409629
t978,0.0,4192.39189347342,262.670081095713,4455.061974569133
t979,0.0,1346.2267012129937,0.0,1346.2267012129937
t980,0.0,0.0,0.0,0.0
t981,0.0,0.0,0.0,0.0
t982,0.0,0.0,0.0,0.0
t983,0.0,0.0,0.0,0.0
t984,0.0,0.0,0.0,0.0
t985,653.3995761764526,0.0,473.44455070752366,1126.8441268839763
t986,2141.288769701701,0.0,1484.9650701418043,3626.2538398435054
t987,2509.089770140476,357.5299799204679,1246.083976952553,4112.703727013497
t988,2704.5136563208184,418.0449397193744,2220.6929005046245,5343.251496544817
t989,2789.130184357668,1461.7066123855195,2070.9180561105313,6321.754852853719
t990,2895.8437335655512,6497.372320405344,4363.219195577072,13756.435249547967
t991,173.47962876372412,0.0,4546.020836170717,4719.500464934441
t992,2560.7522810367095,0.0,4719.5071726584865,7280.2594536951965
t993,2895.8437335655512,946.8562395869106,4592.595491950938,8435.2954651034
t994,2895.8437335655512,4249.506804147307,5283.445298715835,12428.795836428693
t995,2895.8437335655512,4459.457834497693,4844.862310926198,12200.163878989442
t996,2895.8437335655512,5307.709706384743,2426.325356289853,10629.878796240147
t997,2895.8437335655512,4715.321928541468,2990.334722532352,10601.500384639372
t998,2895.8437335655512,4222.467268273997,261.86574618381206,7380.176748023361
t999,2895.8437335655512,1014.4546774679784,0.0,3910.2984110335296
t1000,0.0,0.0,0.0,0.0
t1001,0.0,0.0,0.0,0.0
t1002,0.0,0.0,0.0,0.0
t1003,0.0,0.0,0.0,0.0
t1004,0.0,0.0,0.0,0.0
t1005,0.0,0.0,0.0,0.0
t1006,0.0,0.0,0.0,0.0
t1007,0.0,0.0,0.0,0.0
t1008,0.0,0.0,0.0,0.0
t1009,0.0,0.0,0.0,0.0
t1010,0.0,0.0,5298.742421227379,5298.742421227379
t1011,672.3704725262629,0.0,4800.978557351488,5473.3490298777515
t1012,2069.8896960444476,193.19871910889378,4788.78161248217,7051.870027635512
t1013,1791.212783620721,0.0,3482.104440975439,5273.31722459616
t1014,0.0,0.0,2054.512128678938,2054.512128678938
t1015,0.0,0.0,486.32758763437977,486.32758763437977
t1016,0.0,0.0,0.0,0.0
t1017,0.0,0.0,0.0,0.0
t1018,0.0,0.0,0.0,0.0
t1019,0.0,0.0,0.0,0.0
t1020,2060.0749436558895,0.0,0.0,2060.0749436558895
t1021,2895.8437335655512,619.5660001062961,1321.8926754391814,4837.302409111029
t1022,2895.8437335655512,1744.1898382514155,2592.988446205939,7233.022018022905
t1023,2895.8437335655512,3239.9750932545885,3257.0937243803096,9392.912551200448
t1024,1855.8835819106666,-2.103139344437066,3201.5524649233134,5055.332907489543
t1025,0.0,0.0,4851.575806111907,4851.575806111907
t1026,0.0,0.0,4122.45243788276,4122.45243788276
t1027,0.0,0.0,4004.8909451158447,4004.8909451158447
t1028,0.0,0.0,4395.079418242524,4395.079418242524
t1029,0.0,0.0,5473.14716363109,5473.14716363109
t1030,0.0,0.0,4342.374132631198,4342.374132631198
t1031,0.0,0.0,5599.325291874628,5599.325291874628
t1032,0.0,0.0,4997.460283260228,4997.460283260228
t1033,0.0,0.0,2357.3764401150106,2357.3764401150106
t1034,0.0,0.0,1602.6810301455753,1602.6810301455753
t1035,0.0,0.0,3467.3550079844736,3467.3550079844736
t1036,0.0,0.0,856.4285864570573,856.4285864570573
t1037,0.0,0.0,109.63601728617502,109.63601728617502
t1038,0.0,0.0,0.0,0.0
t1039,0.0,0.0,0.0,0.0
t1040,0.0,0.0,0.0,0.0
t1041,0.0,0.0,0.0,0.0
t1042,0.0,0.0,0.0,0.0
t1043,1278.6505146012144,5337.8807960109625,0.0,6616.531310612177
t1044,2895.8437335655512,6497.372320405344,903.6248541496319,10296.840908120526
t1045,2895.8437335655512,6140.269959858016,359.15017805863414,9395.263871482202
t1046,2895.8437335655512,6384.87555455448,455.3962698418221,9736.115557961853
t1047,1771.4589378957405,6497.372320405344,3246.694732643177,11515.525990944261
t1048,701.2460751949394,5358.824259306076,3648.0491180131908,9708.119452514205
t1049,0.0,2830.3013890483903,3932.321708947741,6762.623097996131
t1050,0.0,767.8824861105956,3602.952566180984,4370.83505229158
t1051,0.0,0.0,5088.699412469144,5088.699412469144
t1052,0.0,0.0,5599.325291874628,5599.325291874628
t1053,0.0,0.0,5599.325291874628,5599.325291874628
t1054,0.0,0.0,5599.325291874628,5599.325291874628
t1055,0.0,0.0,5599.325291874628,5599.325291874628
t1056,0.0,2118.1475157324526,5599.325291874628,7717.4728076070805
t1057,775.4582850045501,2453.719225067452,5599.325291874628,8828.50280194663
t1058,1404.038207564003,862.9808698613832,5599.325291874628,7866.3443693000145
t1059,0.0,45.85862181347533,5599.325291874628,5645.1839136881035
t1060,0.0,0.0,5599.325291874628,5599.325291874628
t1061,1990.3098661050303,1267.7151858256216,5599.325291874628,8857.35034380528
t1062,2895.8437335655512,678.2314750255729,5599.325291874628,9173.400500465752
t1063,0.0,0.0,5599.325291874628,5599.325291874628
t1064,520.6254458257667,0.0,1873.1956138004282,2393.821059626195
t1065,2895.8437335655512,4604.388789336509,3270.149625615364,10770.382148517425
t1066,2895.8437335655512,6497.372320405344,1571.015733462584,10964.231787433479
t1067,2895.8437335655512,6497.372320405344,5599.325291874628,14992.541345845522
t1068,2895.8437335655512,6497.372320405344,5640.152005862883,15033.368059833778
t1069,2895.8437335655512,6497.372320405344,5599.325291874628,14992.541345845522
t1070,2895.8437335655512,6147.590379264274,4272.151362150792,13315.585474980617
t1071,2895.8437335655512,6497.372320405344,4653.898735821134,14047.11478979203
t1072,2895.8437335655512,2114.8667349226293,4137.66813131539,9148.378599803571
t1073,1059.2376675671603,766.9439571249228,3445.298776866913,5271.480401558996
t1074,66.20742042468831,0.0,68.75166132583635,134.95908175052466
t1075,0.0,0.0,0.0,0.0
t1076,0.0,0.0,0.0,0.0
t1077,0.0,0.0,0.0,0.0
t1078,0.0,0.0,475.7962087649584,475.7962087649584
t1079,0.0,0.0,842.4120243201603,842.4120243201603
t1080,0.0,0.0,0.0,0.0
t1081,0.0,0.0,0.0,0.0
t1082,0.0,0.0,0.0,0.0
t1083,0.0,0.0,0.0,0.0
t1084,0.0,785.0934469928151,0.0,785.0934469928151
t1085,0.0,0.0,0.0,0.0
t1086,0.0,773.5830135337591,0.0,773.5830135337591
t1087,0.0,0.0,0.0,0.0
t1088,1846.1872324533358,989.8259932425202,0.0,2836.013225695856
t1089,0.0,0.0,0.0,0.0
t1090,0.0,667.1793701559168,0.0,667.1793701559168
t1091,0.0,2086.7954400539206,0.0,2086.7954400539206
t1092,1059.2076960887584,576.4844260095485,0.0,1635.692122098307
t1093,2082.234871575523,694.6270028063319,0.0,2776.8618743818547
t1094,0.0,0.0,0.0,0.0
t1095,0.0,0.0,0.0,0.0
t1096,0.0,515.488455302725,0.0,515.488455302725
t1097,0.0,0.0,0.0,0.0
t1098,0.0,0.0,0.0,0.0
t1099,0.0,0.0,0.0,0.0
t1100,0.0,0.0,0.0,0.0
t1101,0.0,0.0,0.0,0.0
t1102,0.0,0.0,0.0,0.0
t1103,0.0,0.0,0.0,0.0
t1104,0.0,0.0,0.0,0.0
t1105,0.0,0.0,0.0,0.0
t1106,0.0,0.0,0.0,0.0
t1107,0.0,0.0,0.0,0.0
t1108,0.0,0.0,0.0,0.0
t1109,0.0,0.0,0.0,0.0
t1110,0.0,0.0,0.0,0.0
t1111,0.0,0.0,0.0,0.0
t1112,0.0,0.0,0.0,0.0
t1113,0.0,0.0,0.0,0.0
t1114,0.0,0.0,0.0,0.0
t1115,0.0,0.0,0.0,0.0
t1116,0.0,0.0,0.0,0.0
t1117,0.0,0.0,0.0,0.0
t1118,0.0,0.0,0.0,0.0
t1119,0.0,0.0,0.0,0.0
t1120,0.0,0.0,0.0,0.0
t1121,0.0,0.0,0.0,0.0
t1122,0.0,0.0,0.0,0.0
t1123,0.0,0.0,0.0,0.0
t1124,0.0,0.0,360.8994501066094,360.8994501066094
t1125,0.0,0.0,77.87155769428935,77.87155769428935
t1126,0.0,0.0,1291.3398232317002,1291.3398232317002
t1127,0.0,0.0,2192.7304733973224,2192.7304733973224
t1128,0.0,0.0,3392.150197732133,3392.150197732133
t1129,0.0,0.0,4085.397094858969,4085.397094858969
t1130,0.0,0.0,4019.729056645935,4019.729056645935
t1131,211.97971172274777,0.0,4789.214029080463,5001.193740803211
t1132,0.0,0.0,4337.118613257167,4337.118613257167
t1133,0.0,0.0,2574.480399805316,2574.480399805316
t1134,0.0,0.0,726.7233041947499,726.7233041947499
t1135,0.0,0.0,0.0,0.0
t1136,0.0,0.0,0.0,0.0
t1137,0.0,0.0,0.0,0.0
t1138,0.0,0.0,0.0,0.0
t1139,0.0,0.0,0.0,0.0
t1140,811.2790229095916,0.0,0.0,811.2790229095916
t1141,0.0,0.0,0.0,0.0
t1142,0.0,0.0,0.0,0.0
t1143,0.0,0.0,0.0,0.0
t1144,0.0,0.0,0.0,0.0
t1145,0.0,0.0,0.0,0.0
t1146,0.0,0.0,0.0,0.0
t1147,0.0,0.0,0.0,0.0
t1148,0.0,0.0,0.0,0.0
t1149,0.0,0.0,0.0,0.0
t1150,0.0,0.0,0.0,0.0
t1151,0.0,0.0,0.0,0.0
t1152,0.0,0.0,0.0,0.0
t1153,0.0,0.0,0.0,0.0
t1154,0.0,0.0,0.0,0.0
t1155,0.0,0.0,0.0,0.0
t1156,0.0,0.0,0.0,0.0
t1157,0.0,0.0,0.0,0.0
t1158,0.0,0.0,0.0,0.0
t1159,0.0,0.0,0.0,0.0
t1160,0.0,0.0,0.0,0.0
t1161,0.0,0.0,0.0,0.0
t1162,0.0,0.0,0.0,0.0
t1163,1105.2384244950476,0.0,0.0,1105.2384244950476
t1164,1072.8474619229717,0.0,0.0,1072.8474619229717
t1165,1914.0611921403918,0.0,0.0,1914.0611921403918
t1166,2895.8437335655512,1309.461474398497,0.0,4205.305207964048
t1167,0.0,0.0,0.0,0.0
t1168,0.0,0.0,0.0,0.0
t1169,0.0,0.0,0.0,0.0
t1170,0.0,0.0,0.0,0.0
t1171,0.0,0.0,0.0,0.0
t1172,0.0,0.0,0.0,0.0
t1173,0.0,0.0,0.0,0.0
t1174,0.0,0.0,0.0,0.0
t1175,0.0,0.0,0.0,0.0
t1176,0.0,0.0,0.0,0.0
t1177,0.0,0.0,0.0,0.0
t1178,0.0,0.0,0.0,0.0
t1179,0.0,0.0,0.0,0.0
t1180,0.0,0.0,0.0,0.0
t1181,0.0,0.0,0.0,0.0
t1182,0.0,0.0,137.5272125348366,137.5272125348366
t1183,0.0,0.0,136.86637812676696,136.86637812676696
t1184,0.0,0.0,0.0,0.0
t1185,0.0,0.0,0.0,0.0
t1186,0.0,0.0,0.0,0.0
t1187,103.83462968283297,0.0,0.0,103.83462968283297
t1188,0.0,0.0,0.0,0.0
t1189,0.0,0.0,0.0,0.0
t1190,0.0,0.0,0.0,0.0
t1191,0.0,0.0,0.0,0.0
t1192,0.0,0.0,0.0,0.0
t1193,0.0,0.0,0.0,0.0
t1194,0.0,0.0,0.0,0.0
t1195,0.0,0.0,0.0,0.0
t1196,0.0,0.0,2052.4574224625853,2052.4574224625853
t1197,0.0,0.0,1084.1731708353516,1084.1731708353516
t1198,0.0,0.0,0.0,0.0
t1199,0.0,0.0,0.0,0.0
t1200,0.0,0.0,0.0,0.0
t1201,0.0,0.0,0.0,0.0
t1202,0.0,0.0,0.0,0.0
t1203,0.0,0.0,0.0,0.0
t1204,0.0,0.0,0.0,0.0
t1205,0.0,0.0,0.0,0.0
t1206,0.0,0.0,414.39963015825464,414.39963015825464
t1207,0.0,0.0,82.2080724725838,82.2080724725838
t1208,0.0,0.0,0.0,0.0
t1209,1378.5834689334333,0.0,0.0,1378.5834689334333
t1210,1978.0698188450517,1524.3989787890177,0.0,3502.4687976340692
t1211,2483.9795559192203,5395.850726290813,0.0,7879.830282210034
t1212,2895.8437335655512,3584.9333132149372,0.0,6480.7770467804885
t1213,2895.8437335655512,2795.294381926106,0.0,5691.138115491657
t1214,2767.7452970929944,2286.4152727832743,0.0,5054.160569876269
t1215,1839.014760008108,0.0,0.0,1839.014760008108
t1216,0.0,0.0,0.0,0.0
t1217,0.0,0.0,0.0,0.0
t1218,0.0,0.0,0.0,0.0
t1219,0.0,0.0,0.0,0.0
t1220,0.0,0.0,0.0,0.0
t1221,0.0,0.0,0.0,0.0
t1222,0.0,0.0,0.0,0.0
t1223,0.0,0.0,0.0,0.0
t1224,0.0,0.0,0.0,0.0
t1225,0.0,0.0,0.0,0.0
t1226,0.0,0.0,0.0,0.0
t1227,0.0,0.0,0.0,0.0
t1228,0.0,0.0,0.0,0.0
t1229,0.0,0.0,0.0,0.0
t1230,0.0,0.0,0.0,0.0
t1231,0.0,0.0,0.0,0.0
t1232,0.0,0.0,0.0,0.0
t1233,0.0,0.0,0.0,0.0
t1234,973.0958950523019,0.0,0.0,973.0958950523019
t1235,1949.65564306373,0.0,0.0,1949.65564306373
t1236,1707.020024823536,0.0,0.0,1707.020024823536
t1237,670.2943722733797,0.0,0.0,670.2943722733797
t1238,927.2901488082449,0.0,0.0,927.2901488082449
t1239,1520.0023213925967,0.0,0.0,1520.0023213925967
t1240,0.0,0.0,0.0,0.0
t1241,0.0,0.0,0.0,0.0
t1242,0.0,0.0,0.0,0.0
t1243,0.0,0.0,0.0,0.0
t1244,0.0,0.0,665.1102405368026,665.1102405368026
t1245,0.0,0.0,2131.2653094447855,2131.2653094447855
t1246,0.0,0.0,1473.2109209408766,1473.2109209408766
t1247,0.0,0.0,2294.7641532668936,2294.7641532668936
t1248,2172.9182257003627,672.5992117607549,1202.820723265707,4048.3381607268248
t1249,2388.3814333853356,0.0,1050.9185121673793,3439.299945552715
t1250,2895.8437335655512,728.2587217480856,2050.8328481660824,5674.935303479719
t1251,2895.8437335655512,1316.5184273183677,2451.9754858962374,6664.337646780155
t1252,2038.4902251357637,0.0,2154.403632081458,4192.893857217222
t1253,301.9861981749761,0.0,2899.410634663472,3201.396832838448
t1254,0.0,0.0,4109.121459264104,4109.121459264104
t1255,0.0,0.0,4356.084585531325,4356.084585531325
t1256,0.0,0.0,1577.6110788202573,1577.6110788202573
t1257,0.0,0.0,0.0,0.0
t1258,0.0,0.0,0.0,0.0
t1259,0.0,0.0,0.0,0.0
t1260,1459.539572317703,0.0,0.0,1459.539572317703
t1261,1131.7259962200362,0.0,0.0,1131.7259962200362
t1262,2365.9720897504153,0.0,0.0,2365.9720897504153
t1263,2559.301014240477,0.0,0.0,2559.301014240477
t1264,799.5471099164102,0.0,0.0,799.5471099164102
t1265,0.0,0.0,0.0,0.0
t1266,0.0,0.0,0.0,0.0
t1267,0.0,0.0,0.0,0.0
t1268,0.0,0.0,330.02546399243624,330.02546399243624
t1269,0.0,0.0,1462.4289743445017,1462.4289743445017
t1270,0.0,0.0,2430.175949316194,2430.175949316194
t1271,0.0,0.0,2475.484896998116,2475.484896998116
t1272,454.8668460435206,0.0,3069.8503108809546,3524.717156924475
t1273,2895.8437335655512,485.939896688147,3170.3310203480896,6552.114650601788
t1274,2480.984911946305,0.0,1081.257685007667,3562.242596953972
t1275,83.47805464508396,0.0,0.0,83.47805464508396
t1276,0.0,0.0,0.0,0.0
t1277,0.0,0.0,0.0,0.0
t1278,0.0,0.0,0.0,0.0
t1279,0.0,0.0,0.0,0.0
t1280,0.0,0.0,0.0,0.0
t1281,0.0,0.0,0.0,0.0
t1282,0.0,0.0,0.0,0.0
t1283,0.0,0.0,0.0,0.0
t1284,0.0,0.0,0.0,0.0
t1285,0.0,0.0,0.0,0.0
t1286,0.0,0.0,0.0,0.0
t1287,0.0,0.0,0.0,0.0
t1288,0.0,0.0,0.0,0.0
t1289,0.0,0.0,0.0,0.0
t1290,0.0,0.0,0.0,0.0
t1291,0.0,0.0,0.0,0.0
t1292,0.0,0.0,0.0,0.0
t1293,0.0,0.0,0.0,0.0
t1294,0.0,0.0,0.0,0.0
t1295,0.0,0.0,0.0,0.0
t1296,0.0,0.0,0.0,0.0
t1297,0.0,0.0,0.0,0.0
t1298,0.0,0.0,0.0,0.0
t1299,0.0,0.0,0.0,0.0
t1300,0.0,0.0,0.0,0.0
t1301,0.0,0.0,0.0,0.0
t1302,0.0,0.0,0.0,0.0
t1303,0.0,0.0,0.0,0.0
t1304,0.0,0.0,0.0,0.0
t1305,0.0,0.0,0.0,0.0
t1306,0.0,0.0,0.0,0.0
t1307,427.55556859278585,0.0,0.0,427.55556859278585
t1308,2019.3020921549346,0.0,0.0,2019.3020921549346
t1309,2691.251458882692,0.0,0.0,2691.251458882692
t1310,2895.8437335655512,1571.9982417453607,0.0,4467.841975310912
t1311,2895.8437335655512,1726.952375069036,0.0,4622.796108634588
t1312,2895.8437335655512,4547.164477673608,0.0,7443.008211239159
t1313,2895.8437335655512,1474.8668654192513,2048.5742291297734,6419.284828114576
t1314,0.0,0.0,2171.6669050180953,2171.6669050180953
t1315,0.0,0.0,2164.7370028478763,2164.7370028478763
t1316,0.0,0.0,3942.5292288576284,3942.5292288576284
t1317,0.0,0.0,3831.2998432892673,3831.2998432892673
t1318,0.0,0.0,2535.42286324792,2535.42286324792
t1319,0.0,0.0,3365.176832594871,3365.176832594871
t1320,0.0,0.0,937.5694606153422,937.5694606153422
t1321,0.0,0.0,2193.7315406625685,2193.7315406625685
t1322,0.0,0.0,2767.5349418321157,2767.5349418321157
t1323,0.0,0.0,4929.580163278896,4929.580163278896
t1324,0.0,0.0,4638.95536636346,4638.95536636346
t1325,0.0,0.0,4151.162253261951,4151.162253261951
t1326,0.0,0.0,2947.811113723725,2947.811113723725
t1327,0.0,0.0,2401.935913423919,2401.935913423919
t1328,0.0,0.0,0.0,0.0
t1329,738.7039272459366,0.0,0.0,738.7039272459366
t1330,1227.3995750490442,0.0,0.0,1227.3995750490442
t1331,2714.50203707302,59.57064318598946,0.0,2774.0726802590093
t1332,2656.2416136860215,99.47720692373552,0.0,2755.718820609757
t1333,2646.5818090801686,70.55659185163621,0.0,2717.138400931805
t1334,2895.8437335655512,154.15774322104613,0.0,3050.0014767865973
t1335,2122.099200061116,0.0,0.0,2122.099200061116
t1336,0.0,0.0,0.0,0.0
t1337,0.0,0.0,0.0,0.0
t1338,0.0,0.0,0.0,0.0
t1339,0.0,0.0,0.0,0.0
t1340,0.0,0.0,2243.992155845402,2243.992155845402
t1341,0.0,0.0,3405.6651831450768,3405.6651831450768
t1342,0.0,0.0,3404.202331016949,3404.202331016949
t1343,0.0,0.0,1815.0931684735774,1815.0931684735774
t1344,0.0,0.0,3942.418678897031,3942.418678897031
t1345,0.0,0.0,0.0,0.0
t1346,2654.20208807662,0.0,2441.316215409596,5095.518303486217
t1347,0.0,0.0,533.3321263453241,533.3321263453241
t1348,0.0,0.0,0.0,0.0
t1349,0.0,0.0,0.0,0.0
t1350,0.0,0.0,0.0,0.0
t1351,0.0,0.0,0.0,0.0
t1352,0.0,0.0,0.0,0.0
t1353,1753.4995329990963,0.0,0.0,1753.4995329990963
t1354,2895.8437335655512,1455.129206471781,0.0,4350.972940037333
t1355,2895.8437335655512,3352.947906834622,0.0,6248.7916404001735
t1356,2895.8437335655512,3534.274385445242,0.0,6430.118119010793
t1357,2895.8437335655512,3697.9009807495017,0.0,6593.744714315053
t1358,2895.8437335655512,3964.8910991197786,0.0,6860.73483268533
t1359,2895.8437335655512,2317.4770130479924,0.0,5213.320746613544
t1360,2894.3125871741127,0.0,0.0,2894.3125871741127
t1361,0.0,0.0,0.0,0.0
t1362,0.0,0.0,0.0,0.0
t1363,0.0,0.0,0.0,0.0
t1364,0.0,0.0,0.0,0.0
t1365,0.0,0.0,689.539718010006,689.539718010006
t1366,0.0,0.0,1939.7271114359987,1939.7271114359987
t1367,0.0,0.0,2239.410736839645,2239.410736839645
t1368,183.34082827786835,0.0,3844.747406266303,4028.0882345441714
t1369,2895.8437335655512,401.7755332912669,4448.18711650724,7745.806383364058
t1370,2005.2807965816478,0.0,4002.181372175157,6007.462168756805
t1371,653.7043015674815,0.0,5473.944291308799,6127.64859287628
t1372,2895.8437335655512,447.1519422000592,5176.58357025908,8519.57924602469
t1373,1468.5779482630128,0.0,5599.325291874628,7067.903240137641
t1374,1655.248734303492,0.0,5599.325291874628,7254.57402617812
t1375,1675.3854222055154,1516.9736774913547,4217.184885264276,7409.543984961147
t1376,2582.3906754549616,1833.1548930457134,4729.6230050817785,9145.168573582454
t1377,2895.8437335655512,6497.372320405344,4939.875746334474,14333.091800305368
t1378,2895.8437335655512,6497.372320405344,5599.325291874628,14992.541345845522
t1379,2895.8437335655512,6497.372320405344,5599.325291874628,14992.541345845522
t1380,2895.8437335655512,6497.372320405344,5599.325291874628,14992.541345845522
t1381,2895.8437335655512,6497.372320405344,5599.325291874628,14992.541345845522
t1382,2895.8437335655512,6497.372320405344,5599.325291874628,14992.541345845522
t1383,2895.8437335655512,6497.372320405344,5599.325291874628,14992.541345845522
t1384,2895.8437335655512,6497.372320405344,5599.325291874628,14992.541345845522
t1385,2895.8437335655512,4787.925984253475,5599.325291874628,13283.095009693654
t1386,516.7294192890868,197.1820630477996,5599.325291874628,6313.236774211515
t1387,0.0,0.0,5599.325291874628,5599.325291874628
t1388,0.0,0.0,5599.325291874628,5599.325291874628
t1389,0.0,651.2740468368161,5599.325291874628,6250.599338711445
t1390,559.8876064344811,2378.8947885897096,5599.325291874628,8538.10768689882
t1391,1537.0070373361953,278.5785947272661,5599.325291874628,7414.91092393809
t1392,2371.084242270853,2773.602605741219,5599.325291874628,10744.012139886701
t1393,2895.8437335655512,3063.6480105494065,5599.325291874628,11558.817035989585
t1394,2895.8437335655512,3570.651209423308,5599.325291874628,12065.820234863488
t1395,2895.8437335655512,3757.4131241071973,5599.325291874628,12252.582149547376
t1396,2895.8437335655512,2457.4002261583933,5599.325291874628,10952.569251598572
t1397,2895.8437335655512,1299.3385208557706,5599.325291874628,9794.50754629595
t1398,531.9214396358833,0.0,5599.325291874628,6131.246731510511
t1399,0.0,0.0,5599.325291874628,5599.325291874628
t1400,1707.4609777962107,0.0,3825.3895824597157,5532.850560255926
t1401,1373.3882612540608,0.0,2684.9534226104765,4058.341683864537
t1402,2895.8437335655512,1204.0393655951239,2195.678613297894,6295.56171245857
t1403,2895.8437335655512,3304.429993346799,2305.368280770504,8505.642007682854
t1404,2895.8437335655512,2814.451880206307,1055.8164049766053,6766.112018748464
t1405,2895.8437335655512,995.8119840660427,2120.307827309901,6011.963544941495
t1406,2895.8437335655512,478.84793837627535,475.84542343460345,3850.5370953764304
t1407,0.0,0.0,1721.5374016488356,1721.5374016488356
t1408,106.03409712038969,0.0,2313.034235362131,2419.0683324825204
t1409,0.0,0.0,574.5267278183342,574.5267278183342
t1410,0.0,0.0,986.3985953414751,986.3985953414751
t1411,0.0,0.0,1454.7933117762987,1454.7933117762987
t1412,0.0,0.0,1465.5083299653793,1465.5083299653793
t1413,0.0,0.0,2235.2753401191217,2235.2753401191217
t1414,0.0,0.0,1909.0892707617115,1909.0892707617115
t1415,0.0,0.0,447.4272850148271,447.4272850148271
t1416,0.0,0.0,1336.7567161962866,1336.7567161962866
t1417,1336.6544733819335,0.0,2882.7622673078713,4219.416740689805
t1418,2470.1053257789968,0.0,2634.1159685931725,5104.22129437217
t1419,97.98701689871736,0.0,2353.4070910755645,2451.3941079742817
t1420,2895.8437335655512,2136.5122934780657,3069.4278288316364,8101.783855875254
t1421,2895.8437335655512,1710.3562003351456,3278.2941668387925,7884.49410073949
t1422,0.0,0.0,4571.754853125578,4571.754853125578
t1423,0.0,0.0,5599.325291874628,5599.325291874628
t1424,452.6967082609179,0.0,5218.594283762437,5671.290992023355
t1425,703.0733032163596,0.0,5599.325291874628,6302.398595090988
t1426,2895.8437335655512,1592.119858248194,5599.325291874628,10087.288883688374
t1427,2895.8437335655512,5407.115726471596,3780.5804389996283,12083.539899036776
t1428,2895.8437335655512,6497.372320405344,5599.325291874628,14992.541345845522
t1429,2895.8437335655512,6497.372320405344,5599.325291874628,14992.541345845522
t1430,2895.8437335655512,6497.372320405344,3822.58162369827,13215.797677669165
t1431,2895.8437335655512,3791.8447539085223,2681.5412181326365,9369.229705606711
t1432,2895.8437335655512,463.3688706381122,1752.8695849426547,5112.082189146318
t1433,0.0,0.0,0.0,0.0
t1434,0.0,0.0,0.0,0.0
t1435,0.0,0.0,0.0,0.0
t1436,0.0,0.0,731.2285668261306,731.2285668261306
t1437,0.0,0.0,779.9292805337154,779.9292805337154
t1438,0.0,0.0,0.0,0.0
t1439,0.0,0.0,9.454688717532633,9.454688717532633
t1440,731.4314863569172,0.0,0.0,731.4314863569172
t1441,326.6162212362502,0.0,0.0,326.6162212362502
t1442,0.0,192.18902939810522,0.0,192.18902939810522
t1443,2008.9526300420152,0.0,0.0,2008.9526300420152
t1444,568.2114814925897,0.0,0.0,568.2114814925897
t1445,1636.3360872263431,0.0,0.0,1636.3360872263431
t1446,869.0228296816742,0.0,0.0,869.0228296816742
t1447,1058.1900541555847,0.0,0.0,1058.1900541555847
t1448,0.0,0.0,0.0,0.0
t1449,0.0,160.4911731045582,0.0,160.4911731045582
t1450,2363.191707445434,0.0,0.0,2363.191707445434
t1451,2895.8437335655512,392.4589115263153,0.0,3288.3026450918665
t1452,2895.8437335655512,4228.67735791803,0.0,7124.521091483581
t1453,2895.8437335655512,2882.2065560307237,0.0,5778.0502895962745
t1454,1862.7175722189268,0.0,0.0,1862.7175722189268
t1455,0.0,213.95365552522617,0.0,213.95365552522617
t1456,0.0,2255.3574866987487,214.2366036899608,2469.5940903887094
t1457,0.0,116.54485125838309,0.0,116.54485125838309
t1458,0.0,0.0,0.0,0.0
t1459,0.0,0.0,0.0,0.0
t1460,0.0,0.0,0.0,0.0
t1461,0.0,0.0,0.0,0.0
t1462,0.0,0.0,0.0,0.0
t1463,0.0,0.0,0.0,0.0
t1464,0.0,0.0,0.0,0.0
t1465,0.0,0.0,0.0,0.0
t1466,0.0,0.0,0.0,0.0
t1467,0.0,0.0,0.0,0.0
t1468,0.0,0.0,0.0,0.0
t1469,0.0,0.0,0.0,0.0
t1470,0.0,0.0,228.99112896724284,228.99112896724284
t1471,0.0,0.0,1571.9364791566584,1571.9364791566584
t1472,0.0,0.0,877.029230362428,877.029230362428
t1473,0.0,0.0,2984.3086555106593,2984.3086555106593
t1474,2543.1876650762833,0.0,3398.6775300024447,5941.865195078728
t1475,2352.3593035903164,0.0,3333.546069029873,5685.905372620189
t1476,2201.1665875751214,0.0,2664.8160775127712,4865.982665087893
t1477,1877.355983719018,0.0,1177.85500184761,3055.210985566628
t1478,1367.2212848361398,0.0,1608.679559746525,2975.900844582665
t1479,705.7641294427297,0.0,49.677658842633754,755.4417882853634
t1480,0.0,0.0,1525.145556750907,1525.145556750907
t1481,0.0,0.0,1343.0098645203684,1343.0098645203684
t1482,0.0,0.0,1573.8598916733872,1573.8598916733872
t1483,0.0,0.0,1492.6622816627155,1492.6622816627155
t1484,0.0,0.0,0.0,0.0
t1485,0.0,0.0,0.0,0.0
t1486,0.0,0.0,0.0,0.0
t1487,0.0,0.0,0.0,0.0
t1488,0.0,0.0,0.0,0.0
t1489,0.0,0.0,0.0,0.0
t1490,0.0,0.0,0.0,0.0
t1491,0.0,0.0,0.0,0.0
t1492,0.0,0.0,0.0,0.0
t1493,0.0,0.0,0.0,0.0
t1494,0.0,0.0,0.0,0.0
t1495,0.0,0.0,0.0,0.0
t1496,0.0,0.0,0.0,0.0
t1497,0.0,0.0,0.0,0.0
t1498,269.7532403303353,0.0,0.0,269.7532403303353
t1499,1976.4748167563741,0.0,0.0,1976.4748167563741
t1500,2895.8437335655512,433.9926227834536,0.0,3329.8363563490047
t1501,2895.8437335655512,793.6685760777191,0.0,3689.5123096432703
t1502,2895.8437335655512,1995.4516505594877,0.0,4891.295384125039
t1503,2895.8437335655512,1747.806811660966,0.0,4643.650545226517
t1504,2509.479321376494,0.0,0.0,2509.479321376494
t1505,0.0,0.0,0.0,0.0
t1506,0.0,0.0,0.0,0.0
t1507,0.0,0.0,0.0,0.0
t1508,0.0,0.0,1788.848262810361,1788.848262810361
t1509,0.0,0.0,3145.670840776403,3145.670840776403
t1510,1247.9005665436255,2241.4323159620226,1427.8663503431817,4917.1992328488295
t1511,2035.6401489819139,1920.507410706314,0.0,3956.147559688228
t1512,2768.983391967942,353.8169672578597,0.0,3122.800359225802
t1513,0.0,0.0,0.0,0.0
t1514,0.0,0.0,0.0,0.0
t1515,824.0006348273309,0.0,0.0,824.0006348273309
t1516,0.0,0.0,0.0,0.0
t1517,0.0,0.0,0.0,0.0
t1518,0.0,0.0,0.0,0.0
t1519,0.0,0.0,0.0,0.0
t1520,0.0,0.0,0.0,0.0
t1521,1636.4385196472203,0.0,0.0,1636.4385196472203
t1522,2895.8437335655512,6497.372320405344,0.0,9393.216053970895
t1523,2895.8437335655512,6497.372320405344,5599.325291874628,14992.541345845522
t1524,2895.8437335655512,6497.372320405344,5599.325291874628,14992.541345845522
t1525,2895.8437335655512,6497.372320405344,5599.325291874628,14992.541345845522
t1526,2895.8437335655512,6497.372320405344,5599.325291874628,14992.541345845522
t1527,2895.8437335655512,6497.372320405344,5599.325291874628,14992.541345845522
t1528,2895.8437335655512,4098.170818015551,0.0,6994.014551581102
t1529,0.0,0.0,0.0,0.0
t1530,0.0,0.0,0.0,0.0
t1531,0.0,0.0,0.0,0.0
t1532,0.0,0.0,0.0,0.0
t1533,0.0,0.0,0.0,0.0
t1534,0.0,0.0,0.0,0.0
t1535,0.0,0.0,0.0,0.0
t1536,0.0,0.0,0.0,0.0
t1537,0.0,0.0,0.0,0.0
t1538,0.0,0.0,0.0,0.0
t1539,0.0,0.0,0.0,0.0
t1540,0.0,0.0,0.0,0.0
t1541,0.0,0.0,0.0,0.0
t1542,0.0,0.0,0.0,0.0
t1543,0.0,0.0,0.0,0.0
t1544,0.0,0.0,0.0,0.0
t1545,0.0,0.0,0.0,0.0
t1546,0.0,0.0,0.0,0.0
t1547,0.0,0.0,0.0,0.0
t1548,0.0,0.0,0.0,0.0
t1549,0.0,0.0,0.0,0.0
t1550,0.0,0.0,0.0,0.0
t1551,0.0,0.0,0.0,0.0
t1552,0.0,0.0,0.0,0.0
t1553,0.0,0.0,0.0,0.0
t1554,0.0,0.0,0.0,0.0
t1555,0.0,0.0,0.0,0.0
t1556,0.0,0.0,0.0,0.0
t1557,0.0,0.0,0.0,0.0
t1558,0.0,0.0,0.0,0.0
t1559,0.0,0.0,0.0,0.0
t1560,0.0,0.0,0.0,0.0
t1561,0.0,0.0,0.0,0.0
t1562,0.0,0.0,0.0,0.0
t1563,0.0,0.0,0.0,0.0
t1564,0.0,0.0,0.0,0.0
t1565,0.0,0.0,0.0,0.0
t1566,0.0,0.0,0.0,0.0
t1567,0.0,0.0,0.0,0.0
t1568,0.0,0.0,0.0,0.0
t1569,0.0,0.0,0.0,0.0
t1570,2478.2750474401687,0.0,0.0,2478.2750474401687
t1571,2895.8437335655512,2139.3852605238153,0.0,5035.228994089366
t1572,2895.8437335655512,3158.254421844124,0.0,6054.098155409675
t1573,2895.8437335655512,3028.045521935865,0.0,5923.889255501416
t1574,2895.8437335655512,3364.431673402484,0.0,6260.275406968036
t1575,2895.8437335655512,2180.3201838770246,0.0,5076.163917442576
t1576,0.0,0.0,0.0,0.0
t1577,0.0,0.0,0.0,0.0
t1578,0.0,0.0,0.0,0.0
t1579,0.0,0.0,0.0,0.0
t1580,0.0,0.0,0.0,0.0
t1581,0.0,0.0,0.0,0.0
t1582,0.0,0.0,0.0,0.0
t1583,0.0,0.0,0.0,0.0
t1584,0.0,0.0,0.0,0.0
t1585,0.0,0.0,0.0,0.0
t1586,0.0,0.0,0.0,0.0
t1587,0.0,0.0,0.0,0.0
t1588,0.0,0.0,0.0,0.0
t1589,0.0,0.0,0.0,0.0
t1590,0.0,0.0,0.0,0.0
t1591,0.0,0.0,0.0,0.0
t1592,0.0,0.0,0.0,0.0
t1593,1861.1172270673098,0.0,0.0,1861.1172270673098
t1594,2895.8437335655512,4734.498813914104,1156.3152031642608,8786.657750643915
t1595,2895.8437335655512,6497.372320405344,5292.386285118429,14685.602339089324
t1596,2895.8437335655512,6497.372320405344,3451.1890813268424,12844.405135297737
t1597,2895.8437335655512,6497.372320405344,5599.325291874628,14992.541345845522
t1598,2895.8437335655512,6497.372320405344,3833.1393959979996,13226.355449968894
t1599,2895.8437335655512,6497.372320405344,3316.230413881899,12709.446467852795
t1600,2895.8437335655512,5838.121364789057,0.0,8733.965098354609
t1601,0.0,0.0,0.0,0.0
t1602,0.0,0.0,0.0,0.0
t1603,0.0,0.0,0.0,0.0
t1604,0.0,0.0,0.0,0.0
t1605,0.0,0.0,285.8073458558209,285.8073458558209
t1606,1430.813916749611,0.0,391.1640630164993,1821.9779797661104
t1607,1042.0044069571647,0.0,0.0,1042.0044069571647
t1608,1480.901187240834,0.0,2738.6463970224495,4219.547584263283
t1609,2895.8437335655512,959.5893277484073,3226.6746589087265,7082.107720222685
t1610,1930.764801642865,0.0,1556.7041257188948,3487.4689273617596
t1611,1146.623208637896,0.0,1918.6458360345257,3065.269044672422
t1612,853.6478257974982,0.0,929.4571194242803,1783.1049452217785
t1613,0.0,0.0,0.0,0.0
t1614,0.0,0.0,0.0,0.0
t1615,0.0,0.0,0.0,0.0
t1616,0.0,0.0,0.0,0.0
t1617,0.0,0.0,0.0,0.0
t1618,2895.8437335655512,821.7126881322987,0.0,3717.55642169785
t1619,2895.8437335655512,3547.8012808723315,0.0,6443.645014437883
t1620,2895.8437335655512,4387.592492656785,0.0,7283.436226222337
t1621,2895.8437335655512,3762.769529983072,0.0,6658.613263548623
t1622,2895.8437335655512,2318.194695831404,0.0,5214.038429396955
t1623,2711.1353876579233,0.0,0.0,2711.1353876579233
t1624,0.0,0.0,0.0,0.0
t1625,0.0,0.0,0.0,0.0
t1626,0.0,0.0,0.0,0.0
t1627,0.0,0.0,0.0,0.0
t1628,0.0,0.0,0.0,0.0
t1629,0.0,0.0,0.0,0.0
t1630,0.0,0.0,0.0,0.0
t1631,0.0,0.0,0.0,0.0
t1632,0.0,0.0,0.0,0.0
t1633,0.0,0.0,0.0,0.0
t1634,0.0,0.0,0.0,0.0
t1635,0.0,0.0,0.0,0.0
t1636,0.0,0.0,0.0,0.0
t1637,0.0,0.0,0.0,0.0
t1638,0.0,0.0,0.0,0.0
t1639,0.0,0.0,0.0,0.0
t1640,0.0,0.0,0.0,0.0
t1641,972.5864669741014,0.0,0.0,972.5864669741014
t1642,2895.8437335655512,1103.7111052333564,0.0,3999.5548387989074
t1643,2895.8437335655512,1953.5792706318223,0.0,4849.423004197373
t1644,2895.8437335655512,2555.7382861450033,0.0,5451.582019710555
t1645,2895.8437335655512,2435.1513255442587,0.0,5330.9950591098095
t1646,2895.8437335655512,1362.2059761969965,0.0,4258.0497097625475
t1647,2895.8437335655512,1114.519042379663,0.0,4010.3627759452143
t1648,169.74412247337955,0.0,0.0,169.74412247337955
t1649,0.0,0.0,0.0,0.0
t1650,0.0,0.0,0.0,0.0
t1651,0.0,0.0,0.0,0.0
t1652,0.0,0.0,0.0,0.0
t1653,0.0,0.0,0.0,0.0
t1654,0.0,0.0,0.0,0.0
t1655,0.0,0.0,0.0,0.0
t1656,0.0,0.0,0.0,0.0
t1657,0.0,0.0,0.0,0.0
t1658,0.0,0.0,0.0,0.0
t1659,0.0,0.0,0.0,0.0
t1660,0.0,0.0,0.0,0.0
t1661,0.0,0.0,0.0,0.0
t1662,0.0,0.0,0.0,0.0
t1663,0.0,0.0,0.0,0.0
t1664,0.0,0.0,0.0,0.0
t1665,0.0,0.0,0.0,0.0
t1666,2917.3380112880513,0.0,0.0,2917.3380112880513
t1667,2895.8437335655512,1537.3234488402704,0.0,4433.167182405821
t1668,2895.8437335655512,1936.2576051448484,0.0,4832.101338710399
t1669,2895.8437335655512,2414.6221587868044,0.0,5310.465892352356
t1670,2895.8437335655512,3456.746145168684,0.0,6352.589878734236
t1671,2895.8437335655512,2822.855420753879,0.0,5718.699154319431
t1672,1577.6090468387451,0.0,0.0,1577.6090468387451
t1673,0.0,0.0,0.0,0.0
t1674,0.0,0.0,0.0,0.0
t1675,0.0,0.0,0.0,0.0
t1676,0.0,0.0,0.0,0.0
t1677,0.0,0.0,0.0,0.0
t1678,0.0,0.0,0.0,0.0
t1679,0.0,0.0,0.0,0.0
t1680,707.8130341641313,0.0,0.0,707.8130341641313
t1681,0.0,0.0,0.0,0.0
t1682,0.0,0.0,0.0,0.0
t1683,0.0,0.0,0.0,0.0
t1684,0.0,0.0,0.0,0.0
t1685,0.0,0.0,0.0,0.0
t1686,0.0,0.0,0.0,0.0
t1687,0.0,0.0,0.0,0.0
t1688,0.0,0.0,0.0,0.0
t1689,1510.7075648746725,0.0,0.0,1510.7075648746725
t1690,2895.8437335655512,1842.201135077607,0.0,4738.044868643158
t1691,2895.8437335655512,6497.372320405344,1451.5923613376042,10844.808415308498
t1692,2895.8437335655512,6497.372320405344,5599.325291874628,14992.541345845522
t1693,2895.8437335655512,6497.372320405344,2737.5796733021216,12130.795727273016
t1694,2895.8437335655512,4474.830006835081,0.0,7370.673740400633
t1695,2895.8437335655512,806.4472364701123,0.0,3702.2909700356636
t1696,0.0,0.0,0.0,0.0
t1697,0.0,0.0,0.0,0.0
t1698,0.0,0.0,0.0,0.0
t1699,0.0,0.0,0.0,0.0
t1700,0.0,0.0,0.0,0.0
t1701,0.0,0.0,0.0,0.0
t1702,0.0,0.0,0.0,0.0
t1703,0.0,0.0,0.0,0.0
t1704,0.0,0.0,0.0,0.0
t1705,0.0,0.0,0.0,0.0
t1706,0.0,0.0,0.0,0.0
t1707,0.0,0.0,0.0,0.0
t1708,0.0,0.0,0.0,0.0
t1709,0.0,0.0,0.0,0.0
t1710,0.0,0.0,0.0,0.0
t1711,0.0,0.0,0.0,0.0
t1712,0.0,0.0,0.0,0.0
t1713,0.0,0.0,0.0,0.0
t1714,1746.7473826731298,0.0,0.0,1746.7473826731298
t1715,2895.8437335655512,985.4772094415943,0.0,3881.3209430071456
t1716,2895.8437335655512,1357.81850435837,0.0,4253.662237923922
t1717,2895.8437335655512,1001.5333305428302,0.0,3897.3770641083815
t1718,2895.8437335655512,2634.659672622853,0.0,5530.503406188404
t1719,2895.8437335655512,2758.443203998761,0.0,5654.286937564312
t1720,1438.6461159109206,0.0,0.0,1438.6461159109206
t1721,0.0,0.0,0.0,0.0
t1722,0.0,0.0,0.0,0.0
t1723,0.0,0.0,0.0,0.0
t1724,0.0,0.0,0.0,0.0
t1725,0.0,0.0,0.0,0.0
t1726,0.0,0.0,0.0,0.0
t1727,0.0,0.0,0.0,0.0
t1728,0.0,0.0,0.0,0.0
t1729,0.0,0.0,0.0,0.0
t1730,52.19667753937607,0.0,0.0,52.19667753937607
t1731,0.0,0.0,0.0,0.0
t1732,74.7408954479476,0.0,0.0,74.7408954479476
t1733,2130.0313694714164,0.0,0.0,2130.0313694714164
t1734,0.0,0.0,0.0,0.0
t1735,0.0,0.0,0.0,0.0
t1736,0.0,0.0,0.0,0.0
t1737,0.0,0.0,0.0,0.0
t1738,1931.4453532182054,922.5538936298383,0.0,2853.9992468480436
t1739,2895.8437335655512,6497.372320405344,2843.9534751926667,12237.169529163562
t1740,2895.8437335655512,6497.372320405344,5599.325291874628,14992.541345845522
t1741,2895.8437335655512,6497.372320405344,5599.325291874628,14992.541345845522
t1742,2895.8437335655512,6497.372320405344,5599.325291874628,14992.541345845522
t1743,2895.8437335655512,6497.372320405344,5599.325291874628,14992.541345845522
t1744,2225.0799570031018,5968.713412964398,3265.9982662591365,11459.791636226637
t1745,0.0,2064.823369502241,3254.707751347509,5319.53112084975
t1746,0.0,1890.1974365572664,4128.890489371599,6019.087925928865
t1747,0.0,1819.9673362298965,5098.593714088604,6918.561050318501
t1748,0.0,1712.7667108441215,5599.325291874628,7312.092002718749
t1749,0.0,2010.6581441583096,5599.325291874628,7609.983436032938
t1750,0.0,2204.818987462957,5599.325291874628,7804.144279337585
t1751,475.27107839763084,1877.092420598812,5599.325291874628,7951.688790871071
t1752,1387.9207736522205,2458.1478948651084,5599.325291874628,9445.393960391957
t1753,1943.9722436086608,2510.603234557889,5599.325291874628,10053.900770041178
t1754,2215.9539408699616,1550.6617316266756,4981.171726944488,8747.787399441126
t1755,1504.5900777615109,0.0,4572.81509134814,6077.405169109651
t1756,1974.5486066433164,0.0,4307.102232309851,6281.650838953168
t1757,2047.7282244157493,748.3909716357662,4124.958202743392,6921.077398794907
t1758,679.5782305818241,0.0,4004.9649897799995,4684.543220361824
t1759,0.0,0.0,2569.7337061309186,2569.7337061309186
t1760,0.0,0.0,164.324574834394,164.324574834394
t1761,0.0,0.0,0.0,0.0
t1762,2895.8437335655512,3300.7292244824935,863.2460002171829,7059.818958265228
t1763,2895.8437335655512,5825.115937941619,5433.116156880532,14154.075828387704
t1764,2895.8437335655512,6497.372320405344,4810.461717113757,14203.67777108465
t1765,2895.8437335655512,5370.939731085878,4621.988023695491,12888.77148834692
t1766,0.0,0.0,3328.1917181094764,3328.1917181094764
t1767,2895.8437335655512,1205.7546052539346,2050.8369942228715,6152.435333042356
t1768,0.0,0.0,507.60574005708213,507.60574005708213
t1769,0.0,0.0,174.2080987945691,174.2080987945691
t1770,0.0,0.0,0.0,0.0
t1771,0.0,0.0,0.0,0.0
t1772,0.0,0.0,0.0,0.0
t1773,0.0,0.0,0.0,0.0
t1774,0.0,0.0,0.0,0.0
t1775,0.0,0.0,0.0,0.0
t1776,998.5483262752837,101.28701953326514,0.0,1099.8353458085487
t1777,1537.1238947694635,0.0,0.0,1537.1238947694635
t1778,0.0,0.0,1395.064282533494,1395.064282533494
t1779,0.0,0.0,1593.911829863993,1593.911829863993
t1780,0.0,0.0,1911.9732653622634,1911.9732653622634
t1781,0.0,0.0,2422.347842998352,2422.347842998352
t1782,0.0,0.0,2666.260037021923,2666.260037021923
t1783,0.0,0.0,4019.964319368869,4019.964319368869
t1784,0.0,0.0,5599.325291874628,5599.325291874628
t1785,0.0,0.0,5599.325291874628,5599.325291874628
t1786,1363.0062010963986,1758.0968205030044,5599.325291874628,8720.428313474033
t1787,1740.4719878058925,0.0,4355.6582662087885,6096.130254014681
t1788,2895.8437335655512,260.6790764894473,2807.4620857985105,5963.984895853509
t1789,2895.8437335655512,1379.9534152347287,2785.705277541566,7061.502426341846
t1790,518.2981049821116,0.0,2650.418150562661,3168.7162555447726
t1791,0.0,0.0,1185.2472118125972,1185.2472118125972
t1792,0.0,0.0,2808.482382310915,2808.482382310915
t1793,0.0,0.0,4594.557155054354,4594.557155054354
t1794,0.0,0.0,4304.291197796402,4304.291197796402
t1795,0.0,0.0,0.0,0.0
t1796,0.0,0.0,0.0,0.0
t1797,0.0,0.0,0.0,0.0
t1798,0.0,0.0,0.0,0.0
t1799,0.0,0.0,0.0,0.0
t1800,0.0,0.0,0.0,0.0
t1801,0.0,0.0,0.0,0.0
t1802,0.0,0.0,0.0,0.0
t1803,0.0,0.0,0.0,0.0
t1804,0.0,0.0,0.0,0.0
t1805,0.0,0.0,0.0,0.0
t1806,0.0,0.0,0.0,0.0
t1807,0.0,0.0,0.0,0.0
t1808,0.0,0.0,0.0,0.0
t1809,0.0,0.0,0.0,0.0
t1810,0.0,0.0,0.0,0.0
t1811,0.0,0.0,0.0,0.0
t1812,1273.3388514197395,0.0,0.0,1273.3388514197395
t1813,2895.8437335655512,724.9370311166579,0.0,3620.7807646822093
t1814,2895.8437335655512,1249.0509978008643,0.0,4144.894731366416
t1815,2593.4322030322883,0.0,0.0,2593.4322030322883
t1816,0.0,0.0,0.0,0.0
t1817,0.0,0.0,0.0,0.0
t1818,0.0,0.0,0.0,0.0
t1819,0.0,0.0,0.0,0.0
t1820,0.0,0.0,0.0,0.0
t1821,0.0,0.0,0.0,0.0
t1822,0.0,0.0,0.0,0.0
t1823,0.0,0.0,318.14765409214374,318.14765409214374
t1824,0.0,0.0,2846.2925058572923,2846.2925058572923
t1825,83.80998431107977,0.0,4765.581827082766,4849.391811393845
t1826,347.9391395681617,0.0,5599.325291874628,5947.26443144279
t1827,2895.8437335655512,1200.6600764071252,5599.325291874628,9695.829101847305
t1828,2895.8437335655512,2241.057002868715,5599.325291874628,10736.226028308894
t1829,2895.8437335655512,2669.1328666954323,5599.325291874628,11164.301892135612
t1830,2889.864146306298,1857.0417112810019,5599.325291874628,10346.231149461928
t1831,2489.950317370236,751.036024129089,5599.325291874628,8840.311633373953
t1832,2069.8896960444476,446.5562275004009,4874.415765804617,7390.861689349465
t1833,1827.6839770776717,0.0,5599.325291874628,7427.0092689523
t1834,2895.8437335655512,675.8123664806295,5599.325291874628,9170.98139192081
t1835,2101.654994086655,0.0,5170.875502515642,7272.530496602298
t1836,0.0,0.0,4118.611198131783,4118.611198131783
t1837,0.0,0.0,1130.7247806132016,1130.7247806132016
t1838,874.4115054456398,0.0,3053.2338739676106,3927.6453794132503
t1839,886.1293943208459,0.0,3331.5669546966715,4217.696349017518
t1840,0.0,0.0,831.3868879724611,831.3868879724611
t1841,0.0,0.0,508.05985354410376,508.05985354410376
t1842,0.0,0.0,0.0,0.0
t1843,0.0,0.0,0.0,0.0
t1844,0.0,0.0,0.0,0.0
t1845,0.0,0.0,0.0,0.0
t1846,0.0,0.0,0.0,0.0
t1847,991.0289635746192,897.7930994180326,0.0,1888.8220629926518
t1848,1694.1911326576314,0.0,0.0,1694.1911326576314
