Line,1,2,Total
AnnualSum,356069.3391192326,511610.69134574535,867680.030464978
t1,58.64932715037353,78.615388,137.26471515037352
t2,57.83186234158804,78.615388,136.44725034158805
t3,62.926040610651604,78.615388,141.5414286106516
t4,54.482453260685354,78.615388,133.09784126068536
t5,38.860287242166514,78.615388,117.47567524216652
t6,43.63020461518564,78.615388,122.24559261518564
t7,50.25934995105334,78.615388,128.87473795105333
t8,38.66586909794349,78.615388,117.2812570979435
t9,72.6044383,78.615388,151.2198263
t10,55.33649367487494,78.615388,133.95188167487493
t11,34.27040205434486,78.615388,112.88579005434485
t12,38.5842772601584,78.615388,117.1996652601584
t13,32.47314437418489,78.615388,111.0885323741849
t14,37.926067927963224,78.615388,116.54145592796323
t15,32.62519156052615,78.615388,111.24057956052614
t16,45.83535547650564,78.615388,124.45074347650564
t17,69.91915817940395,78.615388,148.53454617940395
t18,72.6044383,78.615388,151.2198263
t19,66.74835725705226,78.615388,145.36374525705224
t20,56.72031989893325,78.615388,135.33570789893324
t21,51.52849011695771,78.615388,130.1438781169577
t22,42.98386423481486,78.615388,121.59925223481486
t23,60.55703325656566,78.615388,139.17242125656566
t24,59.586710010193805,78.615388,138.2020980101938
t25,63.73352641706434,78.615388,142.34891441706435
t26,72.6044383,78.615388,151.2198263
t27,72.6044383,78.615388,151.2198263
t28,72.6044383,78.615388,151.2198263
t29,72.6044383,78.615388,151.2198263
t30,72.6044383,78.615388,151.2198263
t31,53.11134920243085,78.615388,131.72673720243085
t32,49.97719639896983,78.615388,128.59258439896982
t33,35.73915374456559,78.615388,114.35454174456558
t34,72.6044383,78.615388,151.2198263
t35,69.5350304012359,78.615388,148.1504184012359
t36,68.69040647898179,78.615388,147.3057944789818
t37,72.6044383,78.615388,151.2198263
t38,72.6044383,78.615388,151.2198263
t39,72.6044383,78.615388,151.2198263
t40,72.6044383,78.615388,151.2198263
t41,52.516482990240235,78.615388,131.13187099024023
t42,72.6044383,78.615388,151.2198263
t43,69.9221226628945,78.615388,148.53751066289448
t44,72.6044383,78.615388,151.2198263
t45,72.6044383,78.615388,151.2198263
t46,72.6044383,78.615388,151.2198263
t47,72.6044383,78.615388,151.2198263
t48,72.6044383,78.615388,151.2198263
t49,72.6044383,78.615388,151.2198263
t50,72.6044383,78.615388,151.2198263
t51,72.6044383,78.615388,151.2198263
t52,72.6044383,78.615388,151.2198263
t53,47.47617530991531,78.615388,126.0915633099153
t54,29.554048069262592,78.615388,108.16943606926259
t55,31.912130844336883,78.615388,110.52751884433688
t56,41.18236185263537,78.615388,119.79774985263536
t57,72.6044383,78.615388,151.2198263
t58,60.063344884914486,78.615388,138.6787328849145
t59,72.6044383,14.438157216042912,87.04259551604291
t60,67.6366382651398,-0.0,67.6366382651398
t61,62.66659820854363,-0.0,62.66659820854363
t62,58.55781904483149,7.4764688401939745,66.03428788502546
t63,72.6044383,2.4328460403593666,75.03728434035936
t64,50.349362973776444,78.615388,128.96475097377643
t65,72.6044383,78.615388,151.2198263
t66,54.99388011601126,78.615388,133.60926811601126
t67,72.6044383,78.615388,151.2198263
t68,72.6044383,78.615388,151.2198263
t69,46.37419163461092,78.615388,124.98957963461092
t70,68.30634437241405,78.615388,146.92173237241406
t71,72.6044383,78.615388,151.2198263
t72,72.6044383,78.615388,151.2198263
t73,72.6044383,78.615388,151.2198263
t74,72.6044383,78.615388,151.2198263
t75,72.6044383,78.615388,151.2198263
t76,72.6044383,78.615388,151.2198263
t77,72.6044383,78.615388,151.2198263
t78,72.6044383,78.615388,151.2198263
t79,72.6044383,78.615388,151.2198263
t80,67.54604920931469,78.615388,146.16143720931467
t81,72.6044383,78.615388,151.2198263
t82,55.87546454359313,78.615388,134.49085254359312
t83,72.6044383,28.76718186834618,101.37162016834618
t84,62.51311247665241,35.03300474063439,97.54611721728679
t85,67.49489173085523,27.686118631097184,95.18101036195242
t86,72.6044383,50.73531134193759,123.33974964193759
t87,72.6044383,41.5090262874145,114.1134645874145
t88,61.63234804518323,78.615388,140.24773604518322
t89,55.5906513814937,78.615388,134.2060393814937
t90,59.885459500956905,78.615388,138.5008475009569
t91,60.72365852599873,78.615388,139.33904652599873
t92,57.40839372546012,78.615388,136.0237817254601
t93,52.19154307706545,78.615388,130.80693107706543
t94,42.84624946950947,78.615388,121.46163746950947
t95,30.736150122636385,78.615388,109.35153812263638
t96,20.00219842881708,78.615388,98.61758642881708
t97,12.996355831452483,78.615388,91.61174383145249
t98,10.103502744752973,78.615388,88.71889074475297
t99,7.7294634502194635,78.615388,86.34485145021947
t100,43.51080333588401,78.615388,122.12619133588402
t101,10.581842222003623,78.615388,89.19723022200361
t102,19.476760234014744,78.615388,98.09214823401474
t103,47.70608329769776,78.615388,126.32147129769776
t104,42.695949124929584,78.615388,121.31133712492958
t105,28.32860087416511,78.615388,106.94398887416511
t106,32.085380666254345,78.615388,110.70076866625433
t107,31.578645707728988,78.615388,110.19403370772898
t108,27.72163398698548,78.615388,106.33702198698548
t109,22.76652741075824,78.615388,101.38191541075824
t110,15.474376731200625,78.615388,94.08976473120062
t111,32.18386283721713,78.615388,110.79925083721713
t112,50.87070815266472,78.615388,129.48609615266471
t113,40.88187206987014,78.615388,119.49726006987014
t114,60.97386719019032,78.615388,139.58925519019033
t115,72.6044383,78.615388,151.2198263
t116,72.6044383,78.615388,151.2198263
t117,51.6035527162152,78.615388,130.2189407162152
t118,72.6044383,78.615388,151.2198263
t119,66.60506304076797,78.615388,145.22045104076795
t120,20.139813194122457,78.615388,98.75520119412245
t121,69.07672793218701,78.615388,147.692115932187
t122,72.6044383,78.615388,151.2198263
t123,72.6044383,78.615388,151.2198263
t124,72.6044383,78.615388,151.2198263
t125,59.34069698271781,78.615388,137.9560849827178
t126,70.05654972724862,78.615388,148.67193772724863
t127,72.6044383,78.615388,151.2198263
t128,45.81535631085544,78.615388,124.43074431085543
t129,46.3867020678205,78.615388,125.00209006782049
t130,48.078677273232586,78.615388,126.69406527323258
t131,37.26111396046039,78.615388,115.87650196046039
t132,30.686340380644964,78.615388,109.30172838064496
t133,33.98018202912182,78.615388,112.59557002912182
t134,29.40036526459389,78.615388,108.01575326459388
t135,65.99772635815108,78.615388,144.61311435815108
t136,33.760436785154994,78.615388,112.37582478515499
t137,53.549318224857004,78.615388,132.164706224857
t138,72.6044383,78.615388,151.2198263
t139,72.6044383,78.615388,151.2198263
t140,72.6044383,78.615388,151.2198263
t141,72.6044383,78.615388,151.2198263
t142,72.6044383,78.615388,151.2198263
t143,72.6044383,78.615388,151.2198263
t144,72.6044383,78.615388,151.2198263
t145,72.6044383,78.615388,151.2198263
t146,72.6044383,78.615388,151.2198263
t147,72.6044383,78.615388,151.2198263
t148,72.6044383,78.615388,151.2198263
t149,72.6044383,78.615388,151.2198263
t150,72.6044383,78.615388,151.2198263
t151,50.90446936274557,78.615388,129.51985736274557
t152,57.83524936085268,78.615388,136.45063736085268
t153,63.76193655019824,78.615388,142.37732455019824
t154,41.03104819313597,78.615388,119.64643619313597
t155,28.421005768837194,78.615388,107.03639376883719
t156,32.789255215048435,78.615388,111.40464321504842
t157,20.92263632123529,78.615388,99.53802432123528
t158,39.31949222285649,18.540480646742676,57.85997286959916
t159,53.43302975706923,5.408333075380044,58.84136283244927
t160,72.6044383,17.352886813347,89.957325113347
t161,72.6044383,78.615388,151.2198263
t162,72.6044383,78.615388,151.2198263
t163,72.6044383,78.615388,151.2198263
t164,43.730502934687784,78.615388,122.34589093468779
t165,72.6044383,78.615388,151.2198263
t166,72.6044383,78.615388,151.2198263
t167,72.6044383,78.615388,151.2198263
t168,72.6044383,78.615388,151.2198263
t169,72.6044383,44.71183813228424,117.31627643228424
t170,72.6044383,78.615388,151.2198263
t171,72.6044383,78.615388,151.2198263
t172,72.6044383,78.615388,151.2198263
t173,72.6044383,78.615388,151.2198263
t174,72.6044383,78.615388,151.2198263
t175,72.6044383,78.615388,151.2198263
t176,72.6044383,78.615388,151.2198263
t177,67.5869567286244,62.709229851894506,130.2961865805189
t178,72.6044383,14.789700929038283,87.39413922903827
t179,66.70000097190513,-0.0,66.70000097190513
t180,57.10425931442228,-0.0,57.10425931442228
t181,53.092211769468015,-0.0,53.092211769468015
t182,51.238934651426476,-0.0,51.238934651426476
t183,57.839795241137296,-0.0,57.839795241137296
t184,72.6044383,13.5981365530267,86.2025748530267
t185,72.6044383,73.13560060098268,145.74003890098268
t186,72.6044383,78.615388,151.2198263
t187,72.6044383,78.615388,151.2198263
t188,72.6044383,78.615388,151.2198263
t189,72.6044383,78.615388,151.2198263
t190,72.6044383,78.615388,151.2198263
t191,66.35545462241116,78.615388,144.97084262241117
t192,63.52749647121141,78.615388,142.1428844712114
t193,21.503450413966643,78.615388,100.11883841396664
t194,39.31067211360063,78.615388,117.92606011360063
t195,17.28743442233832,78.615388,95.90282242233832
t196,53.406556004661496,78.615388,132.0219440046615
t197,72.6044383,78.615388,151.2198263
t198,72.6044383,78.615388,151.2198263
t199,72.6044383,78.615388,151.2198263
t200,72.6044383,78.615388,151.2198263
t201,72.6044383,78.615388,151.2198263
t202,72.6044383,47.89609578761035,120.50053408761035
t203,72.6044383,23.889647217905463,96.49408551790546
t204,72.6044383,16.68978146199969,89.29421976199968
t205,70.0187119066058,-0.0,70.0187119066058
t206,62.44299183359958,-0.0,62.44299183359958
t207,65.4038954133303,-0.0,65.4038954133303
t208,72.6044383,22.711076831581256,95.31551513158125
t209,71.65751352273145,78.615388,150.27290152273144
t210,72.6044383,78.615388,151.2198263
t211,62.27495224398662,78.615388,140.8903402439866
t212,59.522656937879084,78.615388,138.13804493787907
t213,72.6044383,78.615388,151.2198263
t214,72.6044383,78.615388,151.2198263
t215,72.6044383,73.8112778439248,146.41571614392478
t216,72.6044383,56.76474183090489,129.36918013090488
t217,72.6044383,78.615388,151.2198263
t218,72.6044383,78.615388,151.2198263
t219,47.401548064063284,78.615388,126.01693606406329
t220,47.37652719764411,78.615388,125.9919151976441
t221,50.32898943510492,78.615388,128.9443774351049
t222,23.69277622564307,78.615388,102.30816422564307
t223,40.49428802610848,78.615388,119.10967602610847
t224,45.877630742300255,78.615388,124.49301874230025
t225,53.237847467465365,78.615388,131.85323546746537
t226,30.62357275383619,78.615388,109.23896075383618
t227,34.37853325783638,78.615388,112.99392125783638
t228,35.43829750607684,36.33577877947651,71.77407628555335
t229,52.58482773732317,66.65442020210949,119.23924793943266
t230,65.17182755267457,22.09631850315248,87.26814605582706
t231,42.90681725831323,78.615388,121.52220525831322
t232,33.337352493996505,78.615388,111.9527404939965
t233,47.32119125530613,78.615388,125.93657925530613
t234,53.19984489716446,78.615388,131.81523289716446
t235,58.82207267814263,78.615388,137.43746067814263
t236,55.18153661415498,78.615388,133.796924614155
t237,65.35607833917418,78.615388,143.97146633917419
t238,40.907132322024616,78.615388,119.5225203220246
t239,29.372512902792216,78.615388,107.9879009027922
t240,55.020401888697265,78.615388,133.63578988869727
t241,48.07711145738058,78.615388,126.69249945738058
t242,44.361512794135436,78.615388,122.97690079413543
t243,6.703607927033938,78.615388,85.31899592703394
t244,6.515951428890246,78.615388,85.13133942889024
t245,9.05556937043491,78.615388,87.6709573704349
t246,18.33831081194301,78.615388,96.95369881194301
t247,50.61852743170103,78.615388,129.23391543170104
t248,46.587358735979755,78.615388,125.20274673597976
t249,60.282327251705865,78.615388,138.89771525170585
t250,38.700085408269814,78.615388,117.31547340826981
t251,39.91896869241311,54.890998092516924,94.80996678493003
t252,35.360378120552255,78.615388,113.97576612055225
t253,39.32011234872115,78.615388,117.93550034872115
t254,36.17516378553367,78.615388,114.79055178553367
t255,43.57877502610758,78.615388,122.19416302610757
t256,34.72118383243089,78.615388,113.33657183243088
t257,48.06466156293702,78.615388,126.68004956293701
t258,50.12328042293509,78.615388,128.7386684229351
t259,57.15818506126855,78.615388,135.77357306126854
t260,53.81789939431079,78.615388,132.43328739431078
t261,72.6044383,78.615388,151.2198263
t262,72.6044383,78.615388,151.2198263
t263,63.46494430516351,78.615388,142.0803323051635
t264,31.866971004651955,78.615388,110.48235900465195
t265,16.888228647059258,78.615388,95.50361664705926
t266,42.93532340824337,78.615388,121.55071140824336
t267,41.62172792123749,78.615388,120.23711592123749
t268,42.24724958171648,78.615388,120.86263758171648
t269,45.18720138596769,78.615388,123.80258938596768
t270,19.11395767093693,78.615388,97.72934567093692
t271,52.534872422032755,78.615388,131.15026042203274
t272,43.797042393437515,78.615388,122.41243039343752
t273,43.26696842477496,78.615388,121.88235642477495
t274,27.16295224465494,78.615388,105.77834024465494
t275,50.901955566005086,-0.0,50.901955566005086
t276,36.1887928359549,78.615388,114.8041808359549
t277,30.420344148469564,51.782991285244776,82.20333543371434
t278,35.275137252823825,52.306030374922614,87.58116762774644
t279,21.863426457860495,78.615388,100.4788144578605
t280,40.19124669466658,78.615388,118.80663469466657
t281,41.07897555676626,78.615388,119.69436355676626
t282,55.9571834731489,78.615388,134.5725714731489
t283,57.796217154957105,78.615388,136.4116051549571
t284,54.23074369022692,78.615388,132.8461316902269
t285,48.70113221159272,78.615388,127.31652021159272
t286,39.781193333162456,78.615388,118.39658133316246
t287,28.008875682948027,78.615388,106.62426368294803
t288,53.38153513824235,78.615388,131.99692313824235
t289,46.175525609524485,78.615388,124.79091360952448
t290,71.16476360145876,78.615388,149.78015160145875
t291,72.6044383,78.615388,151.2198263
t292,72.6044383,78.615388,151.2198263
t293,57.96907973758232,78.615388,136.58446773758232
t294,19.572800710260182,78.615388,98.18818871026018
t295,30.073097162528672,78.615388,108.68848516252866
t296,39.393369903665494,78.615388,118.0087579036655
t297,25.15701634951504,78.615388,103.77240434951503
t298,63.04843760356238,78.615388,141.66382560356237
t299,72.31216646250704,39.72906933486997,112.041235797377
t300,72.6044383,25.530244304707455,98.13468260470745
t301,72.6044383,9.67193156746104,82.27636986746104
t302,61.39811177639032,18.090619865240704,79.48873164163103
t303,68.42725919457004,-0.0,68.42725919457004
t304,72.6044383,23.284464390531095,95.8889026905311
t305,68.35916025494826,75.18776592190795,143.54692617685623
t306,71.39207618816938,78.615388,150.00746418816937
t307,49.364185171700456,78.615388,127.97957317170045
t308,46.02389950474268,78.615388,124.63928750474267
t309,50.2600403438922,78.615388,128.8754283438922
t310,72.6044383,78.615388,151.2198263
t311,59.4643607893014,78.615388,138.0797487893014
t312,58.3882457908362,78.615388,137.0036337908362
t313,72.6044383,78.615388,151.2198263
t314,72.6044383,78.615388,151.2198263
t315,72.6044383,78.615388,151.2198263
t316,70.03158762162242,78.615388,148.6469756216224
t317,62.864735552020335,78.615388,141.48012355202033
t318,68.93630154490025,78.615388,147.55168954490023
t319,20.732256550464886,78.615388,99.34764455046488
t320,15.241732698563627,78.615388,93.85712069856362
t321,45.28920715855922,78.615388,123.90459515855922
t322,24.36778114812775,78.615388,102.98316914812774
t323,44.07861635468865,12.823839851228405,56.902456205917055
t324,38.97243741493665,9.716943952179147,48.6893813671158
t325,21.714061839464836,36.96731943064689,58.68138127011173
t326,36.04016065389174,15.158245255968687,51.198405909860426
t327,30.745617064094585,35.995561867692196,66.74117893178678
t328,28.485686062838504,78.615388,107.1010740628385
t329,62.93671517594916,78.615388,141.55210317594916
t330,34.112058475119255,78.615388,112.72744647511925
t331,50.04096172972188,78.615388,128.65634972972188
t332,72.6044383,78.615388,151.2198263
t333,57.36686160106645,78.615388,135.98224960106643
t334,58.295040149765015,78.615388,136.910428149765
t335,63.221845233493845,78.615388,141.83723323349383
t336,62.103074242049914,78.615388,140.7184622420499
t337,72.6044383,13.727252085085984,86.33169038508598
t338,72.6044383,65.83189405576971,138.4363323557697
t339,72.6044383,63.365160020944195,135.9695983209442
t340,72.6044383,63.32505052444294,135.92948882444296
t341,72.6044383,67.53654765707185,140.14098595707185
t342,69.17692776405507,78.615388,147.79231576405505
t343,18.769132125758798,78.615388,97.3845201257588
t344,19.566117543136507,78.615388,98.1815055431365
t345,43.858719992092205,78.615388,122.4741079920922
t346,61.93758304200271,14.021942679986305,75.95952572198901
t347,54.83580181254872,-0.0,54.83580181254872
t348,55.615381895173385,-0.0,55.615381895173385
t349,58.185263614978446,-0.0,58.185263614978446
t350,59.542767390585,-0.0,59.542767390585
t351,64.2280662718252,-0.0,64.2280662718252
t352,70.69855060713556,-0.0,70.69855060713556
t353,65.93167563061816,60.723052344231974,126.65472797485013
t354,46.66772270081524,78.615388,125.28311070081523
t355,39.90444560676583,78.615388,118.51983360676583
t356,72.6044383,78.615388,151.2198263
t357,37.74199272000099,78.615388,116.35738072000098
t358,28.359167812816267,78.615388,106.97455581281626
t359,47.725932025309596,78.615388,126.34132002530959
t360,63.55737378829332,78.615388,142.17276178829331
t361,61.69797836992979,34.600016464149014,96.2979948340788
t362,72.6044383,68.71977780385807,141.32421610385808
t363,72.6044383,66.01238679002522,138.6168250900252
t364,29.22121689901381,77.2559479844067,106.47716488342051
t365,-0.0,78.615388,78.615388
t366,3.150644895513347,78.615388,81.76603289551335
t367,19.138978537356078,78.615388,97.75436653735608
t368,44.9682308070297,78.615388,123.5836188070297
t369,51.7868361889108,44.44475185765252,96.23158804656332
t370,54.60789232083285,20.259309429747667,74.86720175058052
t371,53.9588935079775,-0.0,53.9588935079775
t372,54.58149029067584,2.8423074452023016,57.42379773587814
t373,52.458376316029934,-0.0,52.458376316029934
t374,54.437979648837924,-0.0,54.437979648837924
t375,59.540056049624944,-0.0,59.540056049624944
t376,72.6044383,10.784627466160421,83.38906576616041
t377,67.9159140698551,59.602068306012804,127.51798237586792
t378,28.605844971192415,78.615388,107.2212329711924
t379,35.502625175486216,78.615388,114.11801317548621
t380,41.87043567916225,78.615388,120.48582367916225
t381,39.781193333162456,78.615388,118.39658133316246
t382,31.980845796565244,78.615388,110.59623379656524
t383,18.18818561342804,78.615388,96.80357361342803
t384,20.643247072496198,78.615388,99.25863507249619
t385,15.877949817702772,78.615388,94.49333781770277
t386,7.238215255105718,78.615388,85.85360325510571
t387,17.821938752254038,78.615388,96.43732675225404
t388,44.91056236375382,78.615388,123.52595036375382
t389,23.986979515947365,78.615388,102.60236751594736
t390,7.423653415561478,78.615388,86.03904141556147
t391,51.307143340760064,78.615388,129.92253134076006
t392,35.54898904648748,78.615388,114.16437704648747
t393,38.009201299601166,38.19782956751379,76.20703086711495
t394,44.703314579233094,54.39264788814529,99.09596246737838
t395,44.81961698750717,-0.0,44.81961698750717
t396,59.73533545029572,-0.0,59.73533545029572
t397,58.38876484406936,-0.0,58.38876484406936
t398,57.851794553993756,-0.0,57.851794553993756
t399,62.96107054249464,-0.0,62.96107054249464
t400,72.6044383,16.068928801972348,88.67336710197235
t401,72.6044383,57.25234888698913,129.85678718698912
t402,30.365244373287062,78.615388,108.98063237328705
t403,37.42923188976151,78.615388,116.0446198897615
t404,43.27160419863518,78.615388,121.88699219863517
t405,41.08227838695875,78.615388,119.69766638695874
t406,32.19987080815721,78.615388,110.81525880815721
t407,27.399313342858807,78.615388,106.0147013428588
t408,46.22269753547226,75.81232366551927,122.03502120099154
t409,45.077533211237174,78.615388,123.69292121123718
t410,69.71740183880031,19.819289035781864,89.53669087458218
t411,43.94765095898635,-0.0,43.94765095898635
t412,36.33125664507719,78.615388,114.94664464507719
t413,22.96781383357804,78.615388,101.58320183357804
t414,36.90131563254667,78.615388,115.51670363254667
t415,19.019696171109135,78.615388,97.63508417110913
t416,45.54995734115677,78.615388,124.16534534115677
t417,53.61669700499881,68.69109987470637,122.30779687970518
t418,57.151120455466085,25.75416561472505,82.90528607019114
t419,57.18618599212033,-0.0,57.18618599212033
t420,56.4889360301215,-0.0,56.4889360301215
t421,56.61608484362984,-0.0,56.61608484362984
t422,58.71563740223231,-0.0,58.71563740223231
t423,64.61000396081788,-0.0,64.61000396081788
t424,72.6044383,18.772652014091463,91.37709031409146
t425,67.98241511845133,67.35849397160965,135.34090909006096
t426,51.76003697284934,78.615388,130.37542497284934
t427,39.3808594704559,78.615388,117.9962474704559
t428,44.74783531736558,78.615388,123.36322331736557
t429,42.946332935186085,78.615388,121.56172093518609
t430,57.18358226521156,78.615388,135.79897026521155
t431,72.6044383,54.33811729257886,126.94255559257886
t432,72.6044383,78.615388,151.2198263
t433,68.79048010905362,78.615388,147.4058681090536
t434,58.706297378257624,78.615388,137.32168537825763
t435,72.6044383,70.66508838416762,143.2695266841676
t436,72.6044383,69.24120125837405,141.84563955837405
t437,59.19786859948652,36.0006798339491,95.19854843343562
t438,72.6044383,78.615388,151.2198263
t439,35.771676764019205,78.615388,114.3870647640192
t440,72.6044383,78.615388,151.2198263
t441,72.6044383,57.35796098007414,129.96239928007412
t442,72.6044383,27.857727816483848,100.46216611648384
t443,72.6044383,2.373571520912826,74.97800982091283
t444,61.298560547485586,-0.0,61.298560547485586
t445,52.62663427163896,-0.0,52.62663427163896
t446,51.88556382657939,-0.0,51.88556382657939
t447,56.37840648453329,-0.0,56.37840648453329
t448,54.6940397963224,-0.0,54.6940397963224
t449,57.93822942618166,73.3794710448295,131.31770047101116
t450,65.20981470576585,78.615388,143.82520270576583
t451,49.25654276152745,78.615388,127.87193076152744
t452,34.189029688480375,78.615388,112.80441768848037
t453,31.987193443594347,78.615388,110.60258144359435
t454,25.231559510421356,78.615388,103.84694751042136
t455,34.304313126273385,78.615388,112.91970112627338
t456,35.60026387101673,78.615388,114.21565187101672
t457,70.34098309631486,78.615388,148.95637109631485
t458,72.6044383,10.9797515747519,83.5841898747519
t459,72.6044383,64.28767844047245,136.89211674047243
t460,72.6044383,4.602341631056707,77.2067799310567
t461,72.6044383,62.28220361541107,134.88664191541108
t462,72.6044383,8.874003008437434,81.47844130843743
t463,54.59518657988257,16.717193300171658,71.31237988005424
t464,55.33702621674084,-0.0,55.33702621674084
t465,72.6044383,4.0845949174477765,76.68903321744777
t466,69.92736878459087,-0.0,69.92736878459087
t467,64.5112218343291,15.656391679300844,80.16761351362995
t468,65.96520730813441,17.20575745224991,83.17096476038432
t469,64.92080243174048,5.034262151688781,69.95506458342926
t470,48.5782942023949,4.247518932171879,52.82581313456678
t471,72.25542785339167,7.212248777091682,79.46767663048335
t472,56.35873828766741,1.305151189283328,57.663889476950736
t473,36.205712545357535,7.145162641620917,43.350875186978456
t474,40.52389923619473,25.56736229022697,66.0912615264217
t475,40.964608552998875,48.98260702204687,89.94721557504575
t476,43.556445053478186,51.68650849250295,95.24295354598114
t477,43.985055141469815,47.71044986231646,91.69550500378628
t478,25.98840183823965,67.57531141648724,93.56371325472689
t479,16.727737226536316,70.30747659253132,87.03521381906764
t480,30.830527127294697,35.22606048161548,66.05658760891018
t481,23.548401972530364,36.55136191218927,60.099763884719636
t482,35.89018780787521,50.955689302291404,86.84587711016661
t483,34.251462090924576,49.28919679197887,83.54065888290344
t484,28.44147520703698,39.86148821400769,68.30296342104467
t485,16.119767708585858,36.78791019461955,52.90767790320541
t486,21.665791169245043,30.644902883821587,52.31069405306663
t487,34.1940535679172,16.99914788502588,51.193201452943086
t488,17.58159337172573,40.78879475478422,58.37038812650995
t489,18.603240874982443,31.512624800452645,50.11586567543509
t490,14.268277953064215,28.82251724304044,43.09079519610466
t491,14.89667362400696,41.7971102269314,56.69378385093836
t492,21.10975805558729,44.31475091328409,65.42450896887138
t493,31.77285599736964,45.161593331893656,76.93444932926329
t494,35.9485178580819,46.45867506268943,82.40719292077134
t495,37.12605361749253,48.502619526989086,85.62867314448161
t496,27.73495017342773,35.59481049460475,63.32976066803248
t497,14.560319074399619,42.6642612495609,57.224580323960524
t498,36.578392563768155,46.94712625569823,83.52551881946638
t499,47.66184799177343,49.31687282057024,96.97872081234367
t500,50.705004881631176,52.05936924345351,102.76437412508469
t501,45.838418867081515,55.99014397785022,101.82856284493172
t502,40.14697268387468,52.098238897471624,92.2452115813463
t503,23.988658364255908,78.615388,102.60404636425591
t504,70.9502505410916,78.615388,149.5656385410916
t505,72.6044383,15.552234175891833,88.15667247589184
t506,72.6044383,11.140189560756804,83.74462786075681
t507,72.6044383,9.495700204206463,82.10013850420646
t508,72.6044383,9.595973945459537,82.20041224545953
t509,72.6044383,14.188511294850091,86.79294959485009
t510,72.6044383,28.768313273046306,101.3727515730463
t511,72.6044383,41.95704054103663,114.56147884103663
t512,72.6044383,17.25206873940965,89.85650703940965
t513,72.6044383,-0.0,72.6044383
t514,72.6044383,-0.0,72.6044383
t515,65.7384065869068,-0.0,65.7384065869068
t516,66.79463772477716,-0.0,66.79463772477716
t517,64.03198830329701,-0.0,64.03198830329701
t518,68.46912300175818,-0.0,68.46912300175818
t519,72.04921515576592,-0.0,72.04921515576592
t520,72.6044383,-0.0,72.6044383
t521,72.6044383,0.2632841187228907,72.86772241872289
t522,72.6044383,43.154065503471756,115.75850380347175
t523,72.6044383,73.64970047616515,146.25413877616515
t524,39.30579687119842,78.615388,117.92118487119842
t525,50.06994737507403,78.615388,128.68533537507403
t526,30.886275321151334,78.615388,109.50166332115133
t527,47.3318821982116,78.615388,125.9472701982116
t528,32.90883793873666,78.615388,111.52422593873666
t529,72.6044383,22.17030109859438,94.77473939859438
t530,72.6044383,16.835738063931117,89.44017636393112
t531,72.6044383,14.429168273857465,87.03360657385747
t532,72.6044383,14.228620791351316,86.83305909135132
t533,72.6044383,18.720884399488796,91.3253226994888
t534,72.6044383,32.759208174918435,105.36364647491843
t535,72.6044383,41.6769526568979,114.2813909568979
t536,72.6044383,12.57575349579536,85.18019179579535
t537,72.6044383,-0.0,72.6044383
t538,64.34055385805866,-0.0,64.34055385805866
t539,52.92248422745502,-0.0,52.92248422745502
t540,53.213845936517274,-0.0,53.213845936517274
t541,60.19686372907062,-0.0,60.19686372907062
t542,68.84039093799045,-0.0,68.84039093799045
t543,72.6044383,-0.0,72.6044383
t544,72.6044383,-0.0,72.6044383
t545,72.6044383,-0.0,72.6044383
t546,52.6782236649467,64.39835832994383,117.07658199489053
t547,37.51722392664403,67.97294874526531,105.49017267190933
t548,40.98340073914523,73.5797132125734,114.56311395171863
t549,64.32985814947497,63.181634968576454,127.51149311805142
t550,72.6044383,58.528677376051746,131.13311567605174
t551,52.5927317127262,23.26291259147082,75.85564430419701
t552,38.25716239773882,29.13673018028556,67.39389257802438
t553,37.2702366171878,20.14996120131913,57.42019781850693
t554,40.791292579115265,27.54972867115521,68.34102125027047
t555,68.83958995717494,18.914136921977423,87.75372687915237
t556,56.38943626259094,11.09260787904394,67.48204414163489
t557,67.95704003012824,6.681231804310662,74.6382718344389
t558,72.6044383,11.299746618767367,83.90418491876737
t559,70.11844804318083,1.2812472727949282,71.39969531597576
t560,60.956766930755286,-0.0,60.956766930755286
t561,72.6044383,16.94677833422195,89.55121663422194
t562,72.6044383,15.9877480354682,88.5921863354682
t563,72.6044383,23.33862378253293,95.94306208253293
t564,69.23342384659665,14.745571325945237,83.97899517254189
t565,67.04702218735952,7.739713385755018,74.78673557311454
t566,72.6044383,-0.0,72.6044383
t567,72.6044383,-0.0,72.6044383
t568,72.6044383,-0.0,72.6044383
t569,72.6044383,-0.0,72.6044383
t570,58.539860223448976,44.94307203408592,103.4829322575349
t571,32.37583947183326,78.615388,110.99122747183326
t572,39.43497783659577,77.12480161558236,116.55977945217813
t573,38.49261871257575,78.615388,117.10800671257574
t574,30.298284960301107,78.615388,108.9136729603011
t575,24.45504758650951,78.615388,103.0704355865095
t576,40.1904854583375,78.615388,118.80587345833749
t577,53.36798654096719,52.786536473674836,106.15452301464202
t578,44.24026376073542,61.6428907747489,105.88315453548432
t579,50.7150248718388,48.636405592595416,99.35143046443422
t580,72.6044383,70.94585485967622,143.55029315967622
t581,72.6044383,17.49754475620137,90.10198305620136
t582,72.6044383,31.69630651763592,104.30074481763592
t583,65.94280169198963,78.615388,144.55818969198964
t584,61.990212064634136,29.33066053559901,91.32087260023314
t585,72.6044383,-0.0,72.6044383
t586,72.6044383,-0.0,72.6044383
t587,66.79661427253527,-0.0,66.79661427253527
t588,69.47617890830212,-0.0,69.47617890830212
t589,72.6044383,-0.0,72.6044383
t590,72.6044383,-0.0,72.6044383
t591,72.6044383,-0.0,72.6044383
t592,72.6044383,-0.0,72.6044383
t593,72.6044383,-0.0,72.6044383
t594,65.1860763485656,54.709995684401235,119.89607203296684
t595,57.067634189647514,38.88721816734039,95.95485235698791
t596,49.83085429552875,59.63753169511664,109.4683859906454
t597,52.00282596709972,57.15850757700212,109.16133354410184
t598,50.71100829275225,47.19649644741326,97.9075047401655
t599,28.789198978980117,64.44923921069069,93.2384381896708
t600,17.669216922773632,65.1683357860595,82.83755270883313
t601,31.68826969672573,76.26133336234697,107.9496030590727
t602,58.804423120978946,40.58217481504996,99.3865979360289
t603,72.6044383,15.89316489615226,88.49760319615226
t604,72.6044383,15.89316489615226,88.49760319615226
t605,72.6044383,20.004388287528084,92.60882658752809
t606,71.73280775796243,35.038877352268564,106.771685110231
t607,59.915839053125005,59.38344096976047,119.29928002288548
t608,69.84540812035871,12.184994024664032,82.03040214502275
t609,50.64375018913118,1.2399314606468463,51.883681649778026
t610,62.73110289146512,-0.0,62.73110289146512
t611,49.1764221439851,-0.0,49.1764221439851
t612,47.697591520719094,-0.0,47.697591520719094
t613,44.303754212105495,-0.0,44.303754212105495
t614,43.85853372286195,-0.0,43.85853372286195
t615,48.76426457950198,-0.0,48.76426457950198
t616,66.5754673758189,-0.0,66.5754673758189
t617,72.6044383,-0.0,72.6044383
t618,71.59328797056172,26.20343373587461,97.79672170643633
t619,57.44590554173283,76.7496740725952,134.19557961432804
t620,49.73708371945189,78.615388,128.3524717194519
t621,72.6044383,78.615388,151.2198263
t622,72.6044383,60.03366579575317,132.63810409575316
t623,72.6044383,45.59424705531125,118.19868535531126
t624,72.6044383,30.01170766458435,102.61614596458435
t625,72.6044383,76.56118436984805,149.16562266984806
t626,72.6044383,12.704459924304672,85.30889822430467
t627,72.6044383,9.074550490943581,81.67898879094358
t628,72.6044383,8.31247005742025,80.91690835742025
t629,72.6044383,9.716302434963218,82.32074073496321
t630,72.6044383,15.131084462628948,87.73552276262895
t631,53.83530708388794,34.7811012935101,88.61640837739805
t632,71.141342947539,-0.0,71.141342947539
t633,61.300373360862004,-0.0,61.300373360862004
t634,44.26717130742226,-0.0,44.26717130742226
t635,37.86463456272382,-0.0,37.86463456272382
t636,34.66836468092789,-0.0,34.66836468092789
t637,36.31027412261711,-0.0,36.31027412261711
t638,37.96453825832158,-0.0,37.96453825832158
t639,55.571952378043314,-0.0,55.571952378043314
t640,72.6044383,-0.0,72.6044383
t641,72.6044383,-0.0,72.6044383
t642,72.6044383,15.461095489825647,88.06553378982565
t643,62.38931229250867,60.87979943768093,123.26911173018959
t644,72.6044383,55.14030722260338,127.74474552260338
t645,72.6044383,58.10840996369425,130.71284826369424
t646,72.6044383,49.504922964180906,122.1093612641809
t647,72.6044383,36.70999358028936,109.31443188028936
t648,72.6044383,23.814790455144703,96.4192287551447
t649,72.6044383,13.566814099081078,86.17125239908108
t650,72.6044383,7.109185162383434,79.71362346238344
t651,69.57059399361721,8.182217194136344,77.75281118775355
t652,72.6044383,1.8548411207226412,74.45927942072264
t653,72.6044383,2.115552847980602,74.7199911479806
t654,41.65556744941529,54.495443918723126,96.15101136813841
t655,-0.0,78.615388,78.615388
t656,29.70175252432117,32.07945683626549,61.78120936058666
t657,68.00355139783662,-0.0,68.00355139783662
t658,52.75163832119779,-0.0,52.75163832119779
t659,43.03719335147559,-0.0,43.03719335147559
t660,53.156240916808315,-0.0,53.156240916808315
t661,67.85794829593895,-0.0,67.85794829593895
t662,71.55299030863424,-0.0,71.55299030863424
t663,72.6044383,-0.0,72.6044383
t664,72.6044383,-0.0,72.6044383
t665,72.6044383,54.22627695257837,126.83071525257836
t666,72.6044383,27.837864370798233,100.44230267079823
t667,38.37472370753836,78.615388,116.99011170753835
t668,26.357498499283533,78.615388,104.97288649928353
t669,28.083938282205516,78.615388,106.6993262822055
t670,23.886355097423863,75.0361489984789,98.92250409590275
t671,17.940257184954877,70.14862892491017,88.08888610986504
t672,23.82553354261988,78.615388,102.44092154261988
t673,-0.0,78.615388,78.615388
t674,-0.0,78.615388,78.615388
t675,-0.0,78.615388,78.615388
t676,-0.0,78.615388,78.615388
t677,-0.0,78.615388,78.615388
t678,31.841600542722436,78.615388,110.45698854272243
t679,2.2562607862754622,78.615388,80.87164878627546
t680,13.353638553799355,78.615388,91.96902655379935
t681,58.30690558890782,78.615388,136.92229358890782
t682,69.43234110350379,45.62897680753038,115.06131791103417
t683,44.75409885113388,78.615388,123.36948685113387
t684,46.77655768702973,68.36627977241956,115.14283745944928
t685,64.90466143049692,32.62274167907443,97.52740310957134
t686,60.50343734950634,48.14713534901602,108.65057269852235
t687,48.194088188184075,78.615388,126.80947618818408
t688,57.06256891969176,78.615388,135.67795691969175
t689,71.43379265770534,78.615388,150.04918065770534
t690,72.6044383,78.615388,151.2198263
t691,66.80841505092317,78.615388,145.42380305092317
t692,72.08296889894699,78.615388,150.698356898947
t693,45.42194440384517,78.615388,124.03733240384517
t694,30.401721222077892,78.615388,109.01710922207789
t695,18.664720524814136,78.615388,97.28010852481412
t696,43.48260481942963,78.615388,122.09799281942963
t697,62.537217245369675,78.615388,141.15260524536967
t698,46.55201254632421,78.615388,125.1674005463242
t699,38.98828373736215,78.615388,117.60367173736215
t700,55.83642850165023,78.615388,134.45181650165023
t701,43.82095807912224,78.615388,122.43634607912225
t702,36.271031859242775,78.615388,114.88641985924278
t703,32.67842535703138,78.615388,111.29381335703138
t704,27.16149050940412,78.615388,105.77687850940411
t705,44.23322841124838,78.615388,122.84861641124837
t706,41.84562524567243,78.615388,120.46101324567243
t707,35.28822642589871,78.615388,113.90361442589871
t708,38.42611492208241,78.615388,117.0415029220824
t709,37.84863037670429,78.615388,116.46401837670429
t710,20.607453666278598,78.615388,99.2228416662786
t711,33.96953001410822,78.615388,112.58491801410821
t712,45.01763725604902,78.615388,123.63302525604902
t713,43.64498790906638,78.615388,122.26037590906637
t714,42.8400388292774,78.615388,121.4554268292774
t715,17.00624812737402,78.615388,95.62163612737402
t716,27.670554735659948,78.615388,106.28594273565994
t717,29.315548124996628,78.615388,107.93093612499662
t718,24.787884731684436,78.615388,103.40327273168444
t719,13.13819434779034,78.615388,91.75358234779034
t720,2.0747303536638997,78.615388,80.69011835366389
t721,-0.0,78.615388,78.615388
t722,-0.0,78.615388,78.615388
t723,-0.0,78.615388,78.615388
t724,-0.0,78.615388,78.615388
t725,24.872004538867362,78.615388,103.48739253886735
t726,12.317901685856256,78.615388,90.93328968585625
t727,8.493810743946941,78.615388,87.10919874394693
t728,20.282789192309494,78.615388,98.89817719230949
t729,28.97566096248011,48.948563328159636,77.92422429063974
t730,41.31257469170128,33.24554528480883,74.55811997651011
t731,47.0527175608773,14.731384053150396,61.78410161402769
t732,47.024100523209576,14.424270620767306,61.448371143976885
t733,54.31183013126434,10.251000981685744,64.56283111295008
t734,58.84419074850715,6.592650759903125,65.43684150841028
t735,53.263112442224426,2.5789423642668647,55.84205480649129
t736,39.50765153448986,32.21278834183523,71.72043987632509
t737,27.891697595706056,78.615388,106.50708559570606
t738,18.728729309809736,78.615388,97.34411730980973
t739,7.116628631809288,78.615388,85.73201663180929
t740,18.444736302049552,78.615388,97.06012430204954
t741,21.99737581937063,78.615388,100.61276381937063
t742,17.7690620718973,78.615388,96.38445007189729
t743,41.42696648888739,78.615388,120.04235448888738
t744,-0.0,78.615388,78.615388
t745,-0.0,78.615388,78.615388
t746,-0.0,78.615388,78.615388
t747,-0.0,78.615388,78.615388
t748,-0.0,78.615388,78.615388
t749,-0.0,78.615388,78.615388
t750,14.145623212737185,78.615388,92.76101121273717
t751,18.795766623730035,78.615388,97.41115462373003
t752,20.367920598055704,78.615388,98.9833085980557
t753,35.94638178903568,36.01810912977,71.96449091880567
t754,46.76033645680196,3.5079091166464553,50.26824557344841
t755,61.43962541067013,-0.0,61.43962541067013
t756,66.44407864297555,-0.0,66.44407864297555
t757,72.6044383,-0.0,72.6044383
t758,72.6044383,-0.0,72.6044383
t759,62.06266964783884,-0.0,62.06266964783884
t760,46.970265616666104,30.86109324639867,77.83135886306478
t761,32.2488583066493,78.615388,110.8642463066493
t762,13.908738107317097,78.615388,92.52412610731709
t763,23.70483030394893,78.615388,102.32021830394893
t764,32.812311633933916,78.615388,111.42769963393391
t765,35.60581973008019,78.615388,114.22120773008018
t766,65.19068267958934,78.615388,143.80607067958934
t767,19.57814077579335,78.615388,98.19352877579334
t768,7.691465255610085,78.615388,86.30685325561008
t769,2.0557731458135797,78.615388,80.67116114581357
t770,-0.0,78.615388,78.615388
t771,-0.0,78.615388,78.615388
t772,-0.0,78.615388,78.615388
t773,-0.0,78.615388,78.615388
t774,17.07760141440891,78.615388,95.69298941440891
t775,20.54432199721076,78.615388,99.15970999721075
t776,26.25826691728982,78.615388,104.87365491728981
t777,38.115894413316106,32.43752178917851,70.55341620249462
t778,55.94063896510968,-0.0,55.94063896510968
t779,70.17507875175077,-0.0,70.17507875175077
t780,67.82394407107684,0.9016199727848768,68.72556404386171
t781,68.60410295965434,12.245858771500911,80.84996173115525
t782,60.39981395600078,31.71002973940425,92.10984369540503
t783,41.73321585117566,78.615388,120.34860385117565
t784,61.74886524136497,78.615388,140.36425324136496
t785,72.6044383,59.75744273669256,132.36188103669255
t786,49.12553555275289,78.615388,127.74092355275289
t787,30.063111866471118,78.615388,108.67849986647111
t788,47.16908034297766,78.615388,125.78446834297765
t789,51.72426897750381,78.615388,130.3396569775038
t790,36.38871413885434,78.615388,115.00410213885434
t791,33.38999899427159,78.615388,112.00538699427159
t792,44.2414795345061,78.615388,122.8568675345061
t793,72.6044383,49.5238055994682,122.1282438994682
t794,72.6044383,78.615388,151.2198263
t795,69.77229153941933,78.615388,148.3876795394193
t796,67.73920852809734,78.615388,146.35459652809732
t797,67.36502147079882,78.615388,145.9804094707988
t798,49.81215821175168,78.615388,128.4275462117517
t799,22.10302593649986,78.615388,100.71841393649986
t800,23.132498030286666,78.615388,101.74788603028667
t801,26.18363645080403,78.615388,104.79902445080403
t802,32.74713323360968,78.615388,111.36252123360967
t803,27.176809260054235,78.615388,105.79219726005422
t804,26.05422021955732,78.615388,104.66960821955732
t805,24.976090068148327,78.615388,103.59147806814832
t806,28.8496217130651,78.615388,107.4650097130651
t807,30.3527022613792,78.615388,108.96809026137919
t808,38.46203763741138,78.615388,117.07742563741138
t809,42.77957373277203,78.615388,121.39496173277203
t810,39.87110697096035,78.615388,118.48649497096034
t811,19.996322360618763,78.615388,98.61171036061876
t812,28.485169381975275,78.615388,107.10055738197528
t813,32.572006154409344,78.615388,111.18739415440933
t814,31.549228197793404,78.615388,110.1646161977934
t815,23.454314858235268,78.615388,102.06970285823526
t816,49.631745461035415,78.615388,128.24713346103542
t817,5.356134186896547,78.615388,83.97152218689655
t818,-0.0,78.615388,78.615388
t819,-0.0,78.615388,78.615388
t820,-0.0,78.615388,78.615388
t821,29.899614639493105,78.615388,108.5150026394931
t822,2.6669731921654667,78.615388,81.28236119216547
t823,15.625061410928783,78.615388,94.24044941092878
t824,17.170192220299192,62.31583044906041,79.4860226693596
t825,39.20284931098619,0.5800355312435888,39.78288484222978
t826,54.125365926149364,1.0204772498670664,55.14584317601643
t827,22.626732040956078,32.02430669157053,54.65103873252661
t828,21.93599876928674,55.53924901269574,77.47524778198249
t829,29.478967244514514,47.640676669881024,77.11964391439554
t830,50.29161996999572,17.137287492633718,67.42890746262944
t831,66.41688416824245,11.041288760732675,77.45817292897512
t832,64.98996317771906,-0.0,64.98996317771906
t833,51.62405157573106,40.07291903727482,91.69697061300587
t834,45.93994266243853,78.615388,124.55533066243854
t835,45.71517321866021,78.615388,124.33056121866021
t836,32.68750172593328,78.615388,111.30288972593328
t837,39.05791514758384,78.615388,117.67330314758384
t838,36.23903931593491,78.615388,114.85442731593491
t839,24.65171344159056,78.615388,103.26710144159055
t840,13.039441763426275,78.615388,91.65482976342628
t841,9.22986294127441,63.71607663352183,72.94593957479624
t842,-0.0,78.615388,78.615388
t843,-0.0,78.615388,78.615388
t844,3.2797133235899105,78.615388,81.89510132358991
t845,5.434272641376935,78.615388,84.04966064137693
t846,5.107084057201291,78.615388,83.72247205720129
t847,14.093744566181227,78.615388,92.70913256618122
t848,28.56233046842568,68.86684988171938,97.42918035014506
t849,45.525806633767075,26.22018868882455,71.74599532259163
t850,50.76511111118992,32.284627808474816,83.04973891966473
t851,58.6336828617534,31.970272694961643,90.60395555671505
t852,58.69951223398927,27.598693935215582,86.29820616920485
t853,62.71203854744761,21.069223500160874,83.7812620476085
t854,64.64399080258661,16.620819607526297,81.26481041011291
t855,61.805508394304724,25.18892039710852,86.99442879141324
t856,54.952664702231964,67.61341969210457,122.56608439433654
t857,44.46394824899034,78.615388,123.07933624899033
t858,36.79945908902785,78.615388,115.41484708902784
t859,28.861400903374296,78.615388,107.47678890337428
t860,69.60414759349628,78.615388,148.2195355934963
t861,39.55404126015998,78.615388,118.16942926015997
t862,36.03614497292581,78.615388,114.6515329729258
t863,23.98521997513405,78.615388,102.60060797513404
t864,32.99697094632764,78.615388,111.61235894632765
t865,22.848399557956643,78.615388,101.46378755795664
t866,21.718726504153302,78.615388,100.33411450415329
t867,25.791581549635648,78.615388,104.40696954963565
t868,19.87889109246176,78.615388,98.49427909246175
t869,7.3601485459204765,78.615388,85.97553654592048
t870,14.268565821197734,68.18857921061102,82.45714503180876
t871,12.69891647415921,78.615388,91.3143044741592
t872,27.43781888442988,56.885011050471626,84.3228299349015
t873,47.49648189185966,28.91976720060785,76.41624909246751
t874,48.36266424456614,35.71057936347456,84.0732436080407
t875,53.9585716618634,33.279651356589184,87.23822301845259
t876,54.86719456225292,60.733137956473946,115.60033251872687
t877,46.95547114891622,73.97740330436189,120.9328744532781
t878,55.84947306358454,64.23575364245258,120.08522670603712
t879,48.25673528640993,78.615388,126.87212328640993
t880,61.28145748325954,78.615388,139.89684548325954
t881,43.987560487337035,78.615388,122.60294848733703
t882,27.69934844544425,78.615388,106.31473644544425
t883,10.455659245946524,78.615388,89.07104724594652
t884,20.91252060740462,78.615388,99.52790860740461
t885,-0.0,78.615388,78.615388
t886,20.028170261056143,78.615388,98.64355826105614
t887,33.17210399826538,78.615388,111.78749199826538
t888,57.61440268340396,78.615388,136.22979068340396
t889,65.9181887879786,78.615388,144.53357678797857
t890,72.6044383,78.615388,151.2198263
t891,72.6044383,78.615388,151.2198263
t892,72.6044383,78.615388,151.2198263
t893,59.817733807935966,78.615388,138.43312180793595
t894,52.679300246107154,78.615388,131.29468824610714
t895,44.328604587458074,78.615388,122.94399258745807
t896,49.95370119482698,78.615388,128.56908919482697
t897,68.36849646109184,78.615388,146.98388446109183
t898,71.68180401661593,60.7900348265768,132.47183884319273
t899,65.34132630192701,78.615388,143.956714301927
t900,71.24412629484145,78.615388,149.85951429484146
t901,72.6044383,51.01193898646435,123.61637728646434
t902,72.6044383,69.37146264365717,141.97590094365717
t903,72.6044383,78.615388,151.2198263
t904,72.6044383,78.615388,151.2198263
t905,72.6044383,78.615388,151.2198263
t906,56.4072504612538,78.615388,135.0226384612538
t907,36.22416148489475,78.615388,114.83954948489475
t908,42.70432821074786,78.615388,121.31971621074786
t909,41.20064011416884,78.615388,119.81602811416883
t910,36.25854359992295,78.615388,114.87393159992294
t911,20.044571784712197,78.615388,98.65995978471219
t912,26.408641147239194,78.615388,105.02402914723919
t913,38.91619576833709,78.615388,117.53158376833709
t914,60.42668212072805,78.615388,139.04207012072806
t915,72.6044383,78.615388,151.2198263
t916,66.3057602975487,78.615388,144.9211482975487
t917,72.6044383,78.615388,151.2198263
t918,70.77885658955846,78.615388,149.39424458955847
t919,54.2754311473207,78.615388,132.8908191473207
t920,65.27490755906429,53.85654844166601,119.1314560007303
t921,72.6044383,49.028281219274916,121.63271951927491
t922,72.6044383,24.12041320084313,96.72485150084313
t923,72.6044383,19.485130505311645,92.08956880531164
t924,72.6044383,34.587084687753745,107.19152298775374
t925,72.6044383,-0.0,72.6044383
t926,72.6044383,19.077174456912555,91.68161275691256
t927,72.6044383,-0.0,72.6044383
t928,50.419465972359156,78.615388,129.03485397235914
t929,46.78261742056318,78.615388,125.39800542056318
t930,33.33595172020553,78.615388,111.95133972020552
t931,41.864939340243275,78.615388,120.48032734024326
t932,42.23662881500973,78.615388,120.85201681500973
t933,43.54996185616258,78.615388,122.16534985616258
t934,37.414945493650436,78.615388,116.03033349365043
t935,20.71406761792286,78.615388,99.32945561792286
t936,39.699175105936426,78.615388,118.31456310593643
t937,40.98205875062519,78.615388,119.59744675062518
t938,52.03215082412099,78.615388,130.647538824121
t939,46.729972939314294,78.615388,125.34536093931429
t940,52.50325588705446,78.615388,131.11864388705445
t941,46.10997104965211,78.615388,124.7253590496521
t942,35.00603320259388,78.615388,113.62142120259388
t943,35.63831945716509,78.615388,114.25370745716509
t944,36.488232573975054,78.615388,115.10362057397505
t945,41.390881729017046,66.52891527708282,107.91979700609986
t946,66.23704886780054,17.846860267941455,84.08390913574199
t947,57.56923247057327,27.457626546445425,85.0268590170187
t948,53.64180302232612,46.794643109008796,100.43644613133492
t949,52.34192230724974,46.3988582319342,98.74078053918393
t950,48.84886244626996,60.110702545914826,108.9595649921848
t951,23.386233898462287,78.615388,102.00162189846228
t952,35.66103807446032,78.615388,114.27642607446032
t953,20.263255264794953,78.615388,98.87864326479495
t954,26.157037095425043,78.615388,104.77242509542504
t955,25.91433014861916,78.615388,104.52971814861915
t956,49.75947396815973,78.615388,128.37486196815973
t957,15.540690724931435,78.615388,94.15607872493143
t958,9.551746180574359,78.615388,88.16713418057435
t959,33.101597985933275,78.615388,111.71698598593326
t960,30.270594528160096,78.615388,108.8859825281601
t961,72.6044383,56.71877618125079,129.32321448125077
t962,61.402040510553114,73.5024007583584,134.9044412689115
t963,67.7488657055363,55.630259385035025,123.37912509057134
t964,68.57016576698871,49.55497000504738,118.12513577203609
t965,62.29599894819885,58.11312831640795,120.40912726460681
t966,63.869259931828026,64.02176994623524,127.89102987806326
t967,64.93996109667967,54.48069502565031,119.42065612232997
t968,62.84781753690928,36.70675382531985,99.55457136222913
t969,66.29386056835882,14.655695752044979,80.9495563204038
t970,72.6044383,6.1224324048381,78.72687070483809
t971,72.6044383,3.540996960435241,76.14543526043524
t972,72.6044383,16.73847990002523,89.34291820002522
t973,61.36639405510431,58.88313064966874,120.24952470477305
t974,67.11578112878648,52.01908558951364,119.13486671830012
t975,72.6044383,47.058732651572335,119.66317095157234
t976,72.6044383,43.31521395885519,115.9196522588552
t977,72.6044383,78.615388,151.2198263
t978,72.6044383,78.615388,151.2198263
t979,72.6044383,78.615388,151.2198263
t980,56.738418565750294,78.615388,135.3538065657503
t981,27.95380252594839,78.615388,106.56919052594839
t982,60.75486948112723,78.615388,139.37025748112723
t983,51.68624410400112,78.615388,130.3016321040011
t984,72.6044383,48.47972994757118,121.08416824757117
t985,59.80512838321514,78.615388,138.42051638321513
t986,72.04164662035915,78.615388,150.65703462035913
t987,72.6044383,78.615388,151.2198263
t988,72.6044383,78.615388,151.2198263
t989,72.6044383,78.615388,151.2198263
t990,46.77887826664437,74.93907996400547,121.71795823064984
t991,29.533710375873678,78.615388,108.14909837587368
t992,45.77325772411149,78.615388,124.38864572411148
t993,34.77640492548658,78.615388,113.39179292548658
t994,24.779382963142737,78.615388,103.39477096314273
t995,17.195419392029997,78.615388,95.81080739203
t996,15.22735454518075,78.615388,93.84274254518074
t997,19.04063133896134,78.615388,97.65601933896133
t998,22.348115740714523,78.615388,100.96350374071451
t999,45.88277330038989,63.44060487512926,109.32337817551915
t1000,34.16943337326865,59.608237559092345,93.77767093236099
t1001,41.24989297106161,56.47076408042263,97.72065705148424
t1002,32.56915489718474,78.615388,111.18454289718474
t1003,39.08274502759346,78.615388,117.69813302759346
t1004,13.602200464735454,78.615388,92.21758846473546
t1005,24.0650449291807,78.615388,102.6804329291807
t1006,49.51993101641883,78.615388,128.13531901641883
t1007,53.79155763062581,78.615388,132.4069456306258
t1008,39.42371971417067,78.615388,118.03910771417067
t1009,27.833368606841027,78.615388,106.44875660684102
t1010,48.93629047891486,78.615388,127.55167847891485
t1011,56.43535779812536,78.615388,135.05074579812535
t1012,72.6044383,78.615388,151.2198263
t1013,71.11210007888472,78.615388,149.72748807888473
t1014,54.913842247140835,78.615388,133.52923024714084
t1015,39.65071749788022,78.615388,118.26610549788022
t1016,27.69303461471724,78.615388,106.30842261471724
t1017,26.37649280488591,78.615388,104.99188080488591
t1018,39.28890793936632,70.28900378106799,109.57791172043432
t1019,36.5577750442631,55.46203797784069,92.01981302210379
t1020,61.01831307239934,72.84379194723148,133.8621050196308
t1021,63.31278715153296,78.615388,141.92817515153297
t1022,64.40963891816789,78.615388,143.0250269181679
t1023,67.55953658167688,78.615388,146.17492458167686
t1024,72.6044383,78.615388,151.2198263
t1025,32.55409777282962,78.615388,111.16948577282962
t1026,23.0305030180617,78.615388,101.64589101806169
t1027,17.696366055372128,78.615388,96.31175405537212
t1028,19.752428148402103,78.615388,98.3678161484021
t1029,20.05674443622516,78.615388,98.67213243622516
t1030,45.603228856717216,78.615388,124.2186168567172
t1031,0.2883583792414885,78.615388,78.90374637924148
t1032,-0.0,78.615388,78.615388
t1033,11.933357004963709,78.615388,90.5487450049637
t1034,23.53177445686089,78.615388,102.14716245686088
t1035,3.6467938382056486,78.615388,82.26218183820565
t1036,-0.17843125039266208,78.615388,78.43695674960733
t1037,0.6736543555118141,78.615388,79.28904235551181
t1038,5.494024354628513,78.615388,84.1094123546285
t1039,59.423594183805356,56.597646871568166,116.02124105537352
t1040,23.48610697039811,78.615388,102.10149497039811
t1041,38.1169694058186,69.05490217519166,107.17187158101027
t1042,54.82265451463539,44.6923443300272,99.51499884466259
t1043,72.6044383,41.185080141692865,113.78951844169286
t1044,72.6044383,67.33752663034828,139.94196493034826
t1045,63.382155785915664,78.615388,141.99754378591567
t1046,68.7420724165302,78.615388,147.35746041653022
t1047,72.6044383,78.615388,151.2198263
t1048,72.6044383,78.615388,151.2198263
t1049,72.6044383,78.615388,151.2198263
t1050,72.6044383,78.615388,151.2198263
t1051,63.27028943936702,78.615388,141.88567743936702
t1052,50.24532403980398,78.615388,128.86071203980399
t1053,57.146503757751965,78.615388,135.76189175775195
t1054,54.01258411214966,78.615388,132.62797211214965
t1055,60.118044895858,78.615388,138.733432895858
t1056,72.6044383,78.615388,151.2198263
t1057,72.6044383,78.615388,151.2198263
t1058,72.6044383,78.615388,151.2198263
t1059,50.405065379452374,78.615388,129.02045337945236
t1060,45.260149722012756,78.615388,123.87553772201275
t1061,72.6044383,78.615388,151.2198263
t1062,69.41969601332184,78.615388,148.03508401332184
t1063,48.16030520065396,78.615388,126.77569320065396
t1064,48.93583111972385,78.615388,127.55121911972384
t1065,61.132518393179524,78.615388,139.7479063931795
t1066,55.842794645646265,65.60626447619434,121.4490591218406
t1067,71.79063835889502,24.243941936449897,96.03458029534492
t1068,72.6044383,19.74903215784507,92.35347045784506
t1069,72.6044383,21.53652094959704,94.14095924959705
t1070,47.684652247103124,78.615388,126.30004024710311
t1071,54.391234071491226,75.02323865166468,129.4144727231559
t1072,71.85361410557745,78.615388,150.46900210557743
t1073,72.6044383,78.615388,151.2198263
t1074,67.10509836229353,78.615388,145.7204863622935
t1075,-0.0,78.615388,78.615388
t1076,3.7332187573981472,78.615388,82.34860675739814
t1077,3.952326484630714,78.615388,82.56771448463071
t1078,-0.0,78.615388,78.615388
t1079,-0.0,78.615388,78.615388
t1080,4.9689140108015915,78.615388,83.5843020108016
t1081,12.121012496345196,78.615388,90.7364004963452
t1082,49.78774199465848,41.46239217310419,91.25013416776267
t1083,46.5104768631553,40.77759394925429,87.28807081240959
t1084,47.24535087411319,37.240199227597905,84.4855501017111
t1085,30.54665836797539,66.1083338149053,96.65499218288068
t1086,53.291284819635045,39.18699530667137,92.47828012630642
t1087,58.64048020808455,39.01215688152246,97.652637089607
t1088,72.6044383,48.30539493317776,120.90983323317775
t1089,53.51893325456877,2.2661473205863683,55.78508057515514
t1090,72.6044383,9.012336689174198,81.61677498917419
t1091,72.6044383,11.193593628373105,83.7980319283731
t1092,72.6044383,7.739122887498271,80.34356118749827
t1093,72.6044383,23.086341450986723,95.69077975098672
t1094,55.53434577999312,12.139478950770116,67.67382473076323
t1095,55.01679274115201,23.47024666417794,78.48703940532995
t1096,72.6044383,18.471567651474437,91.07600595147443
t1097,66.8883718222097,52.088697185254595,118.97706900746431
t1098,37.931522581013446,78.615388,116.54691058101344
t1099,17.799862577676503,78.615388,96.4152505776765
t1100,18.230846709287007,78.615388,96.846234709287
t1101,21.556318464787918,78.615388,100.17170646478792
t1102,8.650969968618208,78.615388,87.26635796861821
t1103,12.501710582499095,78.615388,91.1170985824991
t1104,38.54963491883651,78.615388,117.16502291883651
t1105,66.4925637895366,40.3569092634531,106.84947305298971
t1106,20.482478181292812,78.615388,99.0978661812928
t1107,24.13807997650995,78.615388,102.75346797650994
t1108,16.813686858581406,78.615388,95.4290748585814
t1109,0.8475906685761636,78.615388,79.46297866857616
t1110,2.4386888248853564,78.615388,81.05407682488536
t1111,12.628276775013953,78.615388,91.24366477501395
t1112,12.612228805045692,78.615388,91.22761680504568
t1113,21.541982417448803,78.615388,100.1573704174488
t1114,32.85278603717274,65.61920681441899,98.47199285159172
t1115,44.93895861736297,38.5266960045321,83.46565462189507
t1116,47.18167121932353,32.4893326943259,79.67100391364943
t1117,51.95761557271322,23.44831828738304,75.40593386009627
t1118,55.77287760560246,19.94514460395945,75.71802220956191
t1119,48.96552825454882,50.41321354405458,99.3787417986034
t1120,50.5655509665338,52.75095748097113,103.31650844750493
t1121,34.57165320263819,78.615388,113.18704120263818
t1122,3.104757396673927,78.615388,81.72014539667393
t1123,6.784733909132032,78.615388,85.40012190913203
t1124,7.494568074890694,78.615388,86.10995607489069
t1125,41.63462669649085,78.615388,120.25001469649084
t1126,1.1404439851459647,78.615388,79.75583198514596
t1127,-0.0,78.615388,78.615388
t1128,13.807945337953536,78.615388,92.42333333795354
t1129,13.726659099649469,78.615388,92.34204709964946
t1130,22.72693906583616,78.615388,101.34232706583616
t1131,28.42518111057383,78.615388,107.04056911057383
t1132,18.506454048155728,78.615388,97.12184204815573
t1133,22.270612293900616,78.615388,100.88600029390061
t1134,7.596223859452386,78.615388,86.21161185945238
t1135,10.201534641502054,78.615388,88.81692264150205
t1136,19.8036812597834,58.346619163867146,78.15030042365055
t1137,35.33653999983939,17.419731693911793,52.75627169375118
t1138,34.44598457392558,10.42152692694357,44.86751150086915
t1139,41.86159338401252,7.146896685165111,49.00849006917763
t1140,57.827471252409325,5.043406473439174,62.8708777258485
t1141,36.008628590803596,18.66295298831388,54.67158157911747
t1142,33.35595050617425,31.966743876419763,65.32269438259402
t1143,44.75406617849429,36.38276870168587,81.13683488018016
t1144,54.73710775426346,36.80336674263791,91.54047449690137
t1145,34.596063875008774,78.615388,113.21145187500878
t1146,17.8740869342577,78.615388,96.4894749342577
t1147,-0.0,78.615388,78.615388
t1148,29.757487913921896,78.615388,108.37287591392189
t1149,63.13314995191456,70.6554419761481,133.78859192806266
t1150,19.0787034430483,78.615388,97.6940914430483
t1151,-0.0,78.615388,78.615388
t1152,1.4770493553645965,78.615388,80.0924373553646
t1153,3.8694893856839068,78.615388,82.4848773856839
t1154,18.894792870626528,78.615388,97.51018087062653
t1155,23.788290302779842,69.5442847161789,93.33257501895874
t1156,31.748749146168084,53.50422410642427,85.25297325259235
t1157,16.368778914818208,77.37917157509824,93.74795048991645
t1158,12.787980607000698,78.615388,91.40336860700069
t1159,10.901090575748023,78.615388,89.51647857574802
t1160,20.917669831678857,41.906937235311354,62.82460706699021
t1161,32.3837599622647,9.362262330098247,41.746022292362944
t1162,33.085429088882684,1.3402437424443168,34.425672831327
t1163,43.15258515330495,3.858819275353431,47.01140442865838
t1164,46.54799767018556,6.809788125529527,53.35778579571509
t1165,46.92544328574137,14.233372493242879,61.15881577898425
t1166,46.37749189432864,8.930335327500863,55.307827221829506
t1167,42.20576825822223,-0.0,42.20576825822223
t1168,34.88483442843475,23.758623511436763,58.64345793987151
t1169,17.282907918186194,75.53415635468991,92.81706427287611
t1170,3.3350961351515895,78.615388,81.95048413515158
t1171,-0.0,78.615388,78.615388
t1172,18.044028064450035,78.615388,96.65941606445003
t1173,19.419537685410095,78.615388,98.03492568541009
t1174,-0.0,78.615388,78.615388
t1175,2.3169700907236646,78.615388,80.93235809072365
t1176,-0.0,78.615388,78.615388
t1177,28.83675911436616,35.60453872727468,64.44129784164085
t1178,-0.0,78.615388,78.615388
t1179,10.129240386571121,78.615388,88.74462838657112
t1180,10.437870445064847,78.615388,89.05325844506484
t1181,9.174234678016361,78.615388,87.78962267801636
t1182,5.531253927297595,78.615388,84.1466419272976
t1183,2.332117882324471,78.615388,80.94750588232446
t1184,12.856448121153923,44.33961398107164,57.19606210222557
t1185,37.579004715585164,-0.0,37.579004715585164
t1186,46.15129836326001,13.21043073840524,59.36172910166525
t1187,46.36968815145109,23.286621975626332,69.65631012707743
t1188,42.09174583812356,2.0487904026648223,44.14053624078838
t1189,45.997970146029296,6.783338933047345,52.78130907907664
t1190,51.68611050713408,9.727816316053017,61.4139268231871
t1191,55.89382637816643,7.275570790809504,63.169397168975934
t1192,63.02188640113957,7.766356572890745,70.78824297403031
t1193,48.402983096483176,19.456954466483293,67.85993756296646
t1194,31.623733011218846,57.27858413270157,88.90231714392041
t1195,-0.0,78.615388,78.615388
t1196,-0.0,78.615388,78.615388
t1197,-0.0,78.615388,78.615388
t1198,-0.0,78.615388,78.615388
t1199,-0.0,78.615388,78.615388
t1200,30.4932061827869,75.00480959476737,105.49801577755426
t1201,34.67144184920017,61.43560783712701,96.10704968632717
t1202,13.550963940928193,37.48196357284618,51.032927513774375
t1203,2.94423731088862,49.42636071419857,52.37059802508719
t1204,0.6149902393172122,53.14469998268381,53.759690222001026
t1205,26.290078936566974,50.391072207826,76.68115114439297
t1206,24.105166542050256,78.615388,102.72055454205025
t1207,16.299728027213796,78.615388,94.9151160272138
t1208,54.12436688821992,29.306217208710347,83.43058409693026
t1209,65.20907956740169,13.50586212674209,78.71494169414377
t1210,72.6044383,8.560002597722134,81.16444089772213
t1211,72.6044383,9.198087072122942,81.80252537212294
t1212,66.52912050205339,8.934122343513193,75.46324284556658
t1213,65.81822481774222,20.49279661717283,86.31102143491505
t1214,72.6044383,12.347877496389541,84.95231579638954
t1215,72.05569014970605,3.069014609980502,75.12470475968655
t1216,63.8502693659446,-0.0,63.8502693659446
t1217,42.8011434069012,69.75487120891708,112.55601461581827
t1218,4.118075223808122,78.615388,82.73346322380812
t1219,-0.0,78.615388,78.615388
t1220,-0.0,78.615388,78.615388
t1221,-0.0,78.615388,78.615388
t1222,-0.0,78.615388,78.615388
t1223,-0.0,78.615388,78.615388
t1224,8.292382565924285,70.90491970271236,79.19730226863665
t1225,11.446016797367806,51.13349815776602,62.579514955133824
t1226,26.478297906498906,31.967465482396463,58.44576338889537
t1227,13.33603961741473,35.17130633498785,48.507345952402574
t1228,24.114316706343956,43.87835378320985,67.9926704895538
t1229,24.65376175996159,63.77808383547867,88.43184559544025
t1230,11.462884743675177,64.09511873110661,75.55800347478178
t1231,2.144186276853988,78.615388,80.75957427685398
t1232,20.000774273042403,65.28820176900308,85.28897604204548
t1233,44.815035943918424,-0.42144707407711735,44.39358886984131
t1234,51.28606883478628,13.279903991589578,64.56597282637586
t1235,61.629782108036856,19.950252799279255,81.5800349073161
t1236,60.86085429311543,14.894776591170896,75.75563088428632
t1237,50.632609616771006,9.859673730054595,60.4922833468256
t1238,50.06418850394049,4.434417003407169,54.49860550734766
t1239,56.750013474322024,11.40147929114437,68.1514927654664
t1240,52.40910623159763,14.979104044842272,67.3882102764399
t1241,37.167450175625426,23.573173947699114,60.74062412332454
t1242,14.366216254750155,78.615388,92.98160425475015
t1243,1.819908785479232,78.615388,80.43529678547922
t1244,1.3595517123785537,78.615388,79.97493971237854
t1245,37.98283124261456,78.615388,116.59821924261456
t1246,31.95429750387698,78.615388,110.56968550387697
t1247,28.573609325781817,78.615388,107.18899732578181
t1248,72.6044383,78.615388,151.2198263
t1249,65.89268636552094,78.615388,144.50807436552094
t1250,66.32630502693955,78.615388,144.94169302693956
t1251,62.40981382721498,78.615388,141.02520182721497
t1252,50.272349297404396,78.615388,128.88773729740439
t1253,29.781222287359647,78.615388,108.39661028735964
t1254,8.412328751774968,78.615388,87.02771675177496
t1255,10.000286953898314,78.615388,88.6156749538983
t1256,23.05706932589787,78.615388,101.67245732589787
t1257,33.4616719327707,17.246735947557863,50.708407880328565
t1258,40.86459027783489,23.14183724974921,64.0064275275841
t1259,50.93599027343042,10.651056920074174,61.587047193504596
t1260,57.96640422419011,27.558726005469918,85.52513022966002
t1261,61.06756637132037,16.79789999408665,77.86546636540702
t1262,60.862381502650564,46.16674639395032,107.02912789660088
t1263,58.26620997656936,60.130732437778455,118.39694241434782
t1264,54.03998864172003,58.99575225641394,113.03574089813397
t1265,49.4147001797221,78.615388,128.0300881797221
t1266,12.221794959123507,78.615388,90.83718295912351
t1267,47.510250030116175,78.615388,126.12563803011616
t1268,10.428177089504667,78.615388,89.04356508950467
t1269,10.695975422788905,78.615388,89.3113634227889
t1270,11.789779070850946,78.615388,90.40516707085094
t1271,-0.0,78.615388,78.615388
t1272,50.24175117130457,78.615388,128.85713917130457
t1273,70.69969990405312,78.615388,149.31508790405312
t1274,58.914851891000836,78.615388,137.53023989100083
t1275,27.378095280827896,74.70411703612324,102.08221231695113
t1276,20.284555206753684,53.96220986303787,74.24676506979155
t1277,1.0660037513157927,62.83443143545453,63.90043518677032
t1278,1.7492075469569586,78.615388,80.36459554695695
t1279,10.931436677525346,59.21009255230258,70.14152922982792
t1280,37.157940999801745,-0.0,37.157940999801745
t1281,37.06086797825806,-0.0,37.06086797825806
t1282,45.95639126601846,-0.0,45.95639126601846
t1283,45.94490583688221,3.2188169058320995,49.163722742714306
t1284,50.58426846163149,-0.0,50.58426846163149
t1285,53.37928208912331,-0.0,53.37928208912331
t1286,54.59939713273004,12.752319343095378,67.35171647582541
t1287,51.920318931671034,26.11150520481509,78.03182413648612
t1288,40.156990053976465,16.708126331441278,56.86511638541774
t1289,42.87082477629545,37.521777366335,80.39260214263045
t1290,16.977483919560445,78.615388,95.59287191956044
t1291,9.48579731565633,78.615388,88.10118531565632
t1292,7.360668908248575,78.615388,85.97605690824857
t1293,6.545101256882852,78.615388,85.16048925688284
t1294,-0.0,78.615388,78.615388
t1295,-0.0,78.615388,78.615388
t1296,-0.0,78.615388,78.615388
t1297,7.0182312726847424,71.38786002242173,78.40609129510648
t1298,8.951633163667458,58.05130882804777,67.00294199171523
t1299,16.674007739230337,43.20641279335552,59.88042053258586
t1300,5.85360201515438,78.615388,84.46899001515438
t1301,1.597647139378169,63.41709425533075,65.01474139470892
t1302,11.298238851321003,78.615388,89.913626851321
t1303,7.849091139427927,73.67295325898662,81.52204439841455
t1304,10.731466364116784,38.60159950853814,49.33306587265493
t1305,29.085905335061895,35.31759752046393,64.40350285552583
t1306,36.89804770079825,10.579258446778466,47.47730614757672
t1307,46.17252039874489,1.2059521843175722,47.37847258306246
t1308,51.961818763588035,18.998222896903535,70.96004166049157
t1309,63.32615035947325,11.585916324804977,74.91206668427823
t1310,51.588737066042164,42.762982558080516,94.35171962412268
t1311,54.503070102687104,47.788647268237305,102.2917173709244
t1312,44.93364485108334,78.615388,123.54903285108334
t1313,63.416828967380255,78.615388,142.03221696738024
t1314,49.887908741199475,78.615388,128.50329674119948
t1315,30.16567379652428,78.615388,108.78106179652428
t1316,18.89381718227607,78.615388,97.50920518227606
t1317,30.310013761237098,78.615388,108.9254017612371
t1318,16.80122520938314,78.615388,95.41661320938314
t1319,6.5186977674407185,78.615388,85.13408576744071
t1320,11.753302777341627,78.615388,90.36869077734163
t1321,3.3129926700650167,78.615388,81.92838067006501
t1322,5.410943432332046,78.615388,84.02633143233204
t1323,2.178472980311059,78.615388,80.79386098031105
t1324,1.9702732670379193,78.615388,80.58566126703792
t1325,3.81343669404787,78.615388,82.42882469404786
t1326,3.8574007239353976,78.615388,82.4727887239354
t1327,11.593832798206833,78.615388,90.20922079820683
t1328,24.465459816109078,67.30891886846634,91.77437868457541
t1329,41.53890578320036,27.52879513171266,69.06770091491302
t1330,59.1321521725921,9.254932241783784,68.38708441437589
t1331,72.6044383,14.521528301460943,87.12596660146095
t1332,72.6044383,8.585997773313986,81.19043607331399
t1333,72.6044383,2.008778283486704,74.6132165834867
t1334,70.34505429590271,12.125058555880196,82.47011285178291
t1335,68.89405389260384,13.181115158951997,82.07516905155583
t1336,58.418277483779576,20.098482903176826,78.5167603869564
t1337,45.65928459778032,66.12494006003277,111.7842246578131
t1338,17.876694351064945,78.615388,96.49208235106494
t1339,41.5369246144218,78.615388,120.15231261442179
t1340,26.833366393641406,78.615388,105.4487543936414
t1341,32.06246776179452,78.615388,110.67785576179452
t1342,57.71792255414515,78.615388,136.33331055414516
t1343,48.03260391313217,78.615388,126.64799191313216
t1344,5.137345476962233,78.615388,83.75273347696223
t1345,45.23622557957304,-0.0,45.23622557957304
t1346,60.81823211677171,78.615388,139.4336201167717
t1347,25.041368606640702,78.615388,103.6567566066407
t1348,17.00910743304695,78.615388,95.62449543304695
t1349,3.8416163006756907,78.615388,82.45700430067569
t1350,5.396587592763048,78.615388,84.01197559276304
t1351,16.07035692754436,78.615388,94.68574492754436
t1352,8.786100105765687,78.615388,87.40148810576568
t1353,33.4502190230534,78.615388,112.06560702305339
t1354,30.148954973015538,78.615388,108.76434297301553
t1355,20.683326677433733,78.615388,99.29871467743374
t1356,21.859360581061495,78.615388,100.47474858106149
t1357,20.861228561409394,78.615388,99.47661656140939
t1358,23.42751503105093,78.615388,102.04290303105093
t1359,32.007253489869576,78.615388,110.62264148986958
t1360,51.79304858862557,78.615388,130.40843658862556
t1361,35.25222248950126,78.615388,113.86761048950126
t1362,36.311003467540324,78.615388,114.92639146754033
t1363,39.18264416668333,78.615388,117.79803216668333
t1364,43.259257814857314,78.615388,121.8746458148573
t1365,37.83557076040863,78.615388,116.45095876040862
t1366,27.981978251547435,78.615388,106.59736625154743
t1367,17.987252835483922,78.615388,96.60264083548392
t1368,43.470194044706275,78.615388,122.08558204470627
t1369,70.22131600817757,78.615388,148.83670400817755
t1370,55.577204063409596,78.615388,134.1925920634096
t1371,36.85876198557664,78.615388,115.47414998557664
t1372,64.30916050286085,78.615388,142.92454850286083
t1373,48.76958955421676,78.615388,127.38497755421676
t1374,59.43779572087452,78.615388,138.05318372087453
t1375,72.6044383,78.615388,151.2198263
t1376,72.6044383,78.615388,151.2198263
t1377,60.41564742820692,40.75754924953818,101.1731966777451
t1378,49.444727449782334,22.586037483815733,72.03076493359806
t1379,59.99408975870487,17.192730471074654,77.18682022977953
t1380,53.58478252247528,-0.0,53.58478252247528
t1381,54.07835564430334,-0.0,54.07835564430334
t1382,68.30884137335649,10.136695678936578,78.44553705229306
t1383,65.06499951142646,-0.0,65.06499951142646
t1384,54.07819335535984,52.60351811470524,106.68171147006508
t1385,66.97919534331805,78.615388,145.59458334331805
t1386,72.6044383,78.615388,151.2198263
t1387,40.59208208250778,78.615388,119.20747008250777
t1388,53.61155296243805,78.615388,132.22694096243805
t1389,72.6044383,78.615388,151.2198263
t1390,72.6044383,78.615388,151.2198263
t1391,72.6044383,78.615388,151.2198263
t1392,72.6044383,78.615388,151.2198263
t1393,72.14214290230998,78.615388,150.75753090230998
t1394,68.38779942741476,78.615388,147.00318742741476
t1395,66.51686414092215,78.615388,145.13225214092216
t1396,66.08031257407387,78.615388,144.69570057407387
t1397,68.5125284465143,78.615388,147.1279164465143
t1398,47.4495586924496,78.615388,126.0649466924496
t1399,20.191575278125445,78.615388,98.80696327812544
t1400,70.35791186977639,78.615388,148.97329986977638
t1401,53.32123103752129,78.615388,131.93661903752127
t1402,60.01306402037017,78.615388,138.62845202037016
t1403,57.34996179152871,78.615388,135.9653497915287
t1404,53.2428762009872,78.615388,131.8582642009872
t1405,56.8422760021398,78.615388,135.45766400213978
t1406,66.12550775478486,78.615388,144.74089575478484
t1407,34.81759505767589,78.615388,113.43298305767588
t1408,47.513407864962815,78.615388,126.12879586496281
t1409,27.07142519964048,78.615388,105.68681319964048
t1410,45.39414931783886,78.615388,124.00953731783886
t1411,48.18807934566787,78.615388,126.80346734566787
t1412,49.485261144302754,78.615388,128.10064914430274
t1413,43.92234689246466,78.615388,122.53773489246466
t1414,34.59261626382139,78.615388,113.20800426382138
t1415,22.50637431307901,78.615388,101.121762313079
t1416,15.782214379477653,78.615388,94.39760237947765
t1417,56.77766328635671,78.615388,135.3930512863567
t1418,66.70849260089349,78.615388,145.3238806008935
t1419,34.77992525639134,78.615388,113.39531325639133
t1420,68.69962197516357,78.615388,147.31500997516355
t1421,70.58303016356612,78.615388,149.19841816356612
t1422,35.76355726530333,78.615388,114.37894526530332
t1423,23.05518199711684,78.615388,101.67056999711684
t1424,48.74571185751644,78.615388,127.36109985751644
t1425,26.928297062096135,78.615388,105.54368506209613
t1426,34.02241694642905,78.615388,112.63780494642904
t1427,21.45674079207603,78.615388,100.07212879207603
t1428,38.159902265071466,54.75672641144471,92.91662867651618
t1429,41.57506529715506,42.347519097981305,83.92258439513637
t1430,24.084232336019927,71.11458231612906,95.19881465214898
t1431,27.356765065240808,78.615388,105.9721530652408
t1432,46.6968622901046,78.615388,125.3122502901046
t1433,29.190235482606752,78.615388,107.80562348260675
t1434,33.9033917291618,78.615388,112.51877972916179
t1435,41.614860039123755,78.615388,120.23024803912375
t1436,45.1322183777299,78.615388,123.7476063777299
t1437,39.9310182812804,78.615388,118.5464062812804
t1438,31.769047274153035,78.615388,110.38443527415303
t1439,46.02919078058388,78.615388,124.64457878058388
t1440,53.025649170620916,78.615388,131.6410371706209
t1441,40.69162399773776,78.615388,119.30701199773776
t1442,32.41914082530321,78.615388,111.0345288253032
t1443,55.01149659462278,78.615388,133.62688459462277
t1444,36.623399483399524,78.615388,115.23878748339952
t1445,51.794715163286796,78.615388,130.4101031632868
t1446,49.92724105456803,78.615388,128.542629054568
t1447,67.79827677648933,78.615388,146.41366477648933
t1448,45.06854957713248,78.615388,123.68393757713247
t1449,52.19667918594561,78.615388,130.8120671859456
t1450,67.68364034727458,78.615388,146.29902834727457
t1451,69.46089482601623,78.615388,148.0762828260162
t1452,63.10522783241788,78.615388,141.72061583241788
t1453,65.23897972528688,78.615388,143.85436772528686
t1454,67.90632760275966,78.615388,146.52171560275966
t1455,50.05098445337539,78.615388,128.6663724533754
t1456,55.98027138729184,78.615388,134.59565938729185
t1457,67.90291142570602,78.615388,146.518299425706
t1458,68.30212151814888,78.615388,146.91750951814888
t1459,71.81276183694659,78.615388,150.4281498369466
t1460,40.00585569274009,78.615388,118.62124369274008
t1461,34.59261626382139,78.615388,113.20800426382138
t1462,27.345860254139964,78.615388,105.96124825413996
t1463,17.991183821676785,78.615388,96.60657182167678
t1464,44.156141522566976,78.615388,122.77152952256696
t1465,5.021130903388842,78.615388,83.63651890338883
t1466,-0.0,78.615388,78.615388
t1467,-0.0,78.615388,78.615388
t1468,23.776713909939883,78.615388,102.39210190993988
t1469,-0.0,78.615388,78.615388
t1470,-0.0,78.615388,78.615388
t1471,1.7265197311008302,78.615388,80.34190773110083
t1472,1.6623560204149523,78.615388,80.27774402041494
t1473,20.36843535364976,78.615388,98.98382335364975
t1474,37.874992922442004,78.615388,116.490380922442
t1475,30.273013568458122,78.615388,108.88840156845812
t1476,32.53581873107978,78.615388,111.15120673107978
t1477,35.394738159414324,78.615388,114.01012615941431
t1478,30.487854519014668,78.615388,109.10324251901466
t1479,22.381706144159597,78.615388,100.99709414415959
t1480,12.356898469184163,78.615388,90.97228646918416
t1481,-0.0,78.615388,78.615388
t1482,0.2514840929018915,78.615388,78.86687209290189
t1483,3.918517254427445,78.615388,82.53390525442744
t1484,40.7602789902356,78.615388,119.3756669902356
t1485,1.0372769132287942,78.615388,79.65266491322879
t1486,31.068834206203764,78.615388,109.68422220620376
t1487,-0.0,78.615388,78.615388
t1488,-0.0,78.615388,78.615388
t1489,-0.0,78.615388,78.615388
t1490,-0.0,78.615388,78.615388
t1491,1.4207463662505186,78.615388,80.03613436625051
t1492,0.16098327334548754,78.615388,78.77637127334549
t1493,0.18592907716539453,78.615388,78.8013170771654
t1494,-0.0,78.615388,78.615388
t1495,-0.0,78.615388,78.615388
t1496,6.277524259760608,78.615388,84.8929122597606
t1497,12.947469526803292,78.615388,91.56285752680328
t1498,28.622995427078322,78.615388,107.23838342707832
t1499,34.84115600967187,78.615388,113.45654400967186
t1500,40.854630949483045,78.615388,119.47001894948303
t1501,42.712957334938345,78.615388,121.32834533493835
t1502,38.56604351339741,78.615388,117.1814315133974
t1503,33.095980424006875,78.615388,111.71136842400688
t1504,36.363431272347945,78.615388,114.97881927234795
t1505,26.492617521378317,78.615388,105.10800552137832
t1506,26.048950453759772,78.615388,104.66433845375977
t1507,31.973306862731718,78.615388,110.58869486273171
t1508,34.69239947910102,78.615388,113.30778747910102
t1509,63.02965161791015,78.615388,141.64503961791013
t1510,72.6044383,78.615388,151.2198263
t1511,72.6044383,78.615388,151.2198263
t1512,72.6044383,78.615388,151.2198263
t1513,5.179331460114037,78.615388,83.79471946011404
t1514,0.39788365093089784,48.40211274087886,48.79999639180976
t1515,0.8070679411797205,61.97473347384544,62.78180141502516
t1516,2.8144498434823424,42.49887586687858,45.31332571036092
t1517,15.812809727065856,26.87200383097296,42.68481355803882
t1518,24.304694193265615,28.08924271022361,52.39393690348922
t1519,23.556715096803845,55.43606638408021,78.99278148088406
t1520,30.314812688350106,-0.0,30.314812688350106
t1521,46.77475290516646,1.1727388984628582,47.94749180362932
t1522,26.57767099189796,18.928939547804614,45.50661053970258
t1523,72.6044383,45.90006574117481,118.50450404117481
t1524,72.6044383,24.858639215286917,97.46307751528691
t1525,63.49128551825125,6.836727392979165,70.32801291123042
t1526,63.10659153689535,-0.0,63.10659153689535
t1527,72.6044383,7.317232901108206,79.92167120110821
t1528,43.456033482647705,58.86715451184482,102.32318799449251
t1529,50.381402274058004,38.614489519642355,88.99589179370037
t1530,27.39434292575433,34.42185557427391,61.81619850002824
t1531,-0.0,78.04343524304163,78.04343524304163
t1532,-0.0,78.615388,78.615388
t1533,22.689048287676442,27.934598726833567,50.62364701451001
t1534,25.408407457102065,8.998939392103852,34.407346849205915
t1535,19.068528266705954,-0.0,19.068528266705954
t1536,44.20082476874458,-0.0,44.20082476874458
t1537,37.55455704268974,-0.0,37.55455704268974
t1538,34.07317870999435,-0.0,34.07317870999435
t1539,-0.0,-0.0,0.0
t1540,32.332489543646666,-0.0,32.332489543646666
t1541,35.120026740105544,-0.0,35.120026740105544
t1542,8.137487208102911,-0.0,8.137487208102911
t1543,-0.0,39.055921687442876,39.055921687442876
t1544,33.00621424900045,-0.0,33.00621424900045
t1545,19.757215950709256,-0.0,19.757215950709256
t1546,17.74302570502917,28.776398171425594,46.519423876454766
t1547,30.53611275333453,12.006629341961496,42.54274209529602
t1548,32.84771532520227,22.977155916796004,55.82487124199828
t1549,31.345211184711008,9.58256273473987,40.92777391945088
t1550,31.23630245147013,0.0737530741445165,31.310055525614647
t1551,27.48619845786178,2.7677545902312657,30.253953048093045
t1552,7.56430536401865,65.36135389139102,72.92565925540967
t1553,-0.0,75.62378975710854,75.62378975710854
t1554,4.147088908837449,78.615388,82.76247690883744
t1555,38.87143480305781,78.615388,117.4868228030578
t1556,42.274931494880576,-0.0,42.274931494880576
t1557,41.965285762510284,-0.0,41.965285762510284
t1558,18.90828632186743,78.615388,97.52367432186742
t1559,-0.0,31.67990560935663,31.67990560935663
t1560,8.721774480723125,-0.0,8.721774480723125
t1561,1.5277374365868055,-0.0,1.5277374365868055
t1562,-0.0,53.80117478450574,53.80117478450574
t1563,32.00382795279779,-0.0,32.00382795279779
t1564,31.97948264977195,-0.0,31.97948264977195
t1565,34.82788310379545,-0.0,34.82788310379545
t1566,7.991415389947872,-0.0,7.991415389947872
t1567,-0.0,39.23154111787349,39.23154111787349
t1568,-0.0,53.183529202084294,53.183529202084294
t1569,15.958118772647655,39.24943551495384,55.207554287601496
t1570,49.65952945476453,6.220733086372047,55.88026254113658
t1571,42.151646112171136,6.839263110776191,48.99090922294732
t1572,34.608657437968446,6.109663770755288,40.71832120872374
t1573,35.417767651194076,13.64641317300586,49.06418082419994
t1574,36.69051243841974,13.544892531678775,50.235404970098514
t1575,56.863481053420884,18.068121821867788,74.93160287528868
t1576,44.34668376779089,7.152348420725175,51.49903218851607
t1577,6.6500345672586,78.615388,85.2654225672586
t1578,51.277364169894824,-0.0,51.277364169894824
t1579,1.4325876214560613,78.615388,80.04797562145606
t1580,47.27256182214383,-0.0,47.27256182214383
t1581,-0.0,67.62334903749117,67.62334903749117
t1582,33.46877500649145,-0.0,33.46877500649145
t1583,52.67419122332571,-0.0,52.67419122332571
t1584,-0.0,17.181545963806162,17.181545963806162
t1585,3.706642057399679,-0.0,3.706642057399679
t1586,28.584126498962075,-0.0,28.584126498962075
t1587,16.114244620621445,29.62799390337498,45.74223852399642
t1588,7.852904028631714,42.87126877718711,50.724172805818824
t1589,-0.0,59.752722149099114,59.752722149099114
t1590,28.99369655367542,28.14372437509112,57.137420928766545
t1591,41.9298531613254,33.98359749736982,75.91345065869521
t1592,11.666693511010397,37.48637460328413,49.15306811429453
t1593,23.31055306143993,49.432120805357066,72.74267386679699
t1594,-0.0,57.11487172575157,57.11487172575157
t1595,17.13551666930155,0.7719647053006067,17.907481374602156
t1596,35.17356648447794,19.943854241648108,55.11742072612604
t1597,58.04268688647373,47.26697072136363,105.30965760783735
t1598,47.78991948382754,47.96883207987432,95.75875156370185
t1599,37.1165455850828,13.176031860232323,50.29257744531512
t1600,32.300702689124236,40.05365086854157,72.3543535576658
t1601,60.34928824772047,25.019069898551834,85.3683581462723
t1602,-0.0,78.2190546734722,78.2190546734722
t1603,39.707868063304495,15.463290009638323,55.171158072942816
t1604,14.756810041907904,50.93380207525247,65.69061211716038
t1605,27.83083988083846,78.615388,106.44622788083845
t1606,36.612483889279666,78.615388,115.22787188927967
t1607,24.26501035906038,71.33429985085961,95.59931020991999
t1608,14.055937122659358,78.615388,92.67132512265935
t1609,24.393923282051638,78.615388,103.00931128205164
t1610,8.816844008730731,78.615388,87.43223200873072
t1611,2.636970985077679,78.615388,81.25235898507768
t1612,6.112016829835547,78.615388,84.72740482983554
t1613,6.524244603313991,45.976828969739536,52.501073573053525
t1614,1.4250073151326703,11.599456934071052,13.024464249203723
t1615,15.511472350987068,15.08799246092895,30.599464811916018
t1616,27.953100150452723,-0.0,27.953100150452723
t1617,33.54871138243624,12.544253229497345,46.09296461193358
t1618,33.82749038203908,27.32270630200672,61.150196684045795
t1619,21.222164085568178,20.902387686787822,42.124551772356
t1620,18.125568064958856,9.666644003699414,27.79221206865827
t1621,13.477168007188357,14.45861918516426,27.935787192352617
t1622,18.291718790909602,13.49315592037062,31.784874711280224
t1623,40.8914468257123,0.5468804510929011,41.438327276805204
t1624,17.442661839954724,26.563103720365945,44.00576556032067
t1625,44.20505364088774,-0.0,44.20505364088774
t1626,0.4100848943706899,78.615388,79.02547289437068
t1627,47.1995259130663,-0.0,47.1995259130663
t1628,-0.0,69.84786182294575,69.84786182294575
t1629,39.0073314448705,-0.0,39.0073314448705
t1630,67.9009772644017,-0.0,67.9009772644017
t1631,22.257762963091245,-0.0,22.257762963091245
t1632,47.96217408623717,-0.0,47.96217408623717
t1633,40.269058330071125,-0.0,40.269058330071125
t1634,7.0590901899329515,46.036572792490155,53.09566298242311
t1635,33.63496325552919,-0.0,33.63496325552919
t1636,23.344035948394463,15.345504424781915,38.68954037317638
t1637,27.47698422987139,10.066630915069608,37.543615144941
t1638,21.676342000740135,24.92658524666442,46.60292724740455
t1639,22.027589386304488,35.60316452832952,57.63075391463401
t1640,11.912856125155468,64.36453809368655,76.27739421884202
t1641,50.875784192697076,16.54334948730435,67.41913368000142
t1642,54.69756164136442,15.981004918664734,70.67856656002915
t1643,46.80947522504822,14.697985505866662,61.50746073091488
t1644,48.844513630981595,16.598125835245927,65.44263946622752
t1645,45.72532060751216,13.91127450513103,59.63659511264319
t1646,47.425720698672,14.677212980662839,62.10293367933484
t1647,51.75343514674132,16.77239063755758,68.5258257842989
t1648,38.00990861654428,13.856902780346273,51.866811396890554
t1649,40.71150265667943,-0.0,40.71150265667943
t1650,44.38764341358155,-0.0,44.38764341358155
t1651,42.09918492915243,-0.0,42.09918492915243
t1652,-0.0,60.36441257969201,60.36441257969201
t1653,33.11576811261674,-0.0,33.11576811261674
t1654,62.70325506838445,-0.0,62.70325506838445
t1655,13.54956316673311,-0.0,13.54956316673311
t1656,8.68525652618435,-0.0,8.68525652618435
t1657,-0.0,2.0782749467724635,2.0782749467724635
t1658,29.249913952080664,5.234196792379037,34.4841107444597
t1659,27.594705979323148,3.477565445959,31.07227142528215
t1660,22.2703108982769,9.983413609947464,32.253724508224366
t1661,-0.0,14.976875121561653,14.976875121561653
t1662,-0.0,19.98790741434981,19.98790741434981
t1663,-0.0,31.79489025666181,31.79489025666181
t1664,-0.0,43.301858731341724,43.301858731341724
t1665,8.40728315471002,36.51333691456565,44.92062006927567
t1666,23.788298754736584,40.83459958084912,64.6228983355857
t1667,16.37598545583149,37.13824807503094,53.51423353086243
t1668,23.430761168178076,35.46949732290082,58.9002584910789
t1669,16.916919118258562,41.89352216644537,58.810441284703934
t1670,18.605592880933177,37.281025035180264,55.88661791611344
t1671,6.49790754120126,67.8824007000299,74.38030824123116
t1672,25.184508729224877,58.183928430721906,83.36843715994678
t1673,-0.0,52.57861783060097,52.57861783060097
t1674,-0.0,63.74020829796959,63.74020829796959
t1675,21.47797288762629,26.870959713842193,48.34893260146848
t1676,49.1231652369039,30.216509248139648,79.33967448504355
t1677,7.312633773218376,34.611913294612336,41.924547067830716
t1678,-0.0,39.31862639048136,39.31862639048136
t1679,7.495590372250818,33.379793872438924,40.87538424468974
t1680,9.644128220101008,53.9711188973155,63.61524711741651
t1681,20.571130894514866,51.832740192818676,72.40387108733354
t1682,-0.0,72.49455588661247,72.49455588661247
t1683,-0.0,35.67334691005568,35.67334691005568
t1684,-0.0,35.94653269072554,35.94653269072554
t1685,-0.0,40.863876742783035,40.863876742783035
t1686,-0.0,55.83055486948184,55.83055486948184
t1687,-0.0,78.615388,78.615388
t1688,-0.0,78.615388,78.615388
t1689,23.85472688718587,59.79629994252566,83.65102682971153
t1690,40.727395665543355,56.21919640991161,96.94659207545496
t1691,31.230039453826745,72.86331890313986,104.0933583569666
t1692,68.9138225274976,2.762676900229344,71.67649942772694
t1693,43.47097758699218,36.93864116448876,80.40961875148093
t1694,44.878707070187616,39.73723974357731,84.61594681376494
t1695,54.51849373627107,43.296365960924376,97.81485969719544
t1696,26.866674873135214,53.24018883957867,80.10686371271389
t1697,-0.0,78.615388,78.615388
t1698,-0.0,78.615388,78.615388
t1699,-0.0,78.615388,78.615388
t1700,-0.0,78.615388,78.615388
t1701,-0.0,78.615388,78.615388
t1702,-0.0,78.615388,78.615388
t1703,-0.0,78.615388,78.615388
t1704,13.963276553796844,36.00898012088631,49.97225667468315
t1705,-0.0,50.679051576850185,50.679051576850185
t1706,-0.0,44.903123642687405,44.903123642687405
t1707,-0.0,42.62007104708928,42.62007104708928
t1708,-0.0,42.38591180651511,42.38591180651511
t1709,-0.0,47.147149698189835,47.147149698189835
t1710,-0.0,62.0162614746494,62.0162614746494
t1711,-0.0,30.80180845720351,30.80180845720351
t1712,-0.0,78.615388,78.615388
t1713,17.570198728916907,19.137805858863675,36.70800458778058
t1714,38.36648778685351,10.295398761418783,48.66188654827229
t1715,38.246037873222505,2.869590419366909,41.11562829258941
t1716,33.42644484145745,6.7711324582955665,40.19757729975302
t1717,39.63866018651348,1.336642524879143,40.97530271139263
t1718,27.81559551845398,16.25143224587793,44.06702776433191
t1719,26.067589605001007,27.081605085522522,53.14919469052353
t1720,33.88065958800229,18.807954866223138,52.68861445422543
t1721,-0.0,64.16529148060691,64.16529148060691
t1722,-0.0,74.84325895519459,74.84325895519459
t1723,13.382957362027467,51.14579189985193,64.5287492618794
t1724,-0.0,65.8086149230414,65.8086149230414
t1725,-0.0,56.22759932954837,56.22759932954837
t1726,7.912348130620547,76.5922067545447,84.50455488516525
t1727,9.546196858745542,62.16781808579855,71.71401494454409
t1728,19.28817154145881,45.46721947430261,64.75539101576142
t1729,29.799908043958347,42.55353342193719,72.35344146589554
t1730,21.544510100302645,60.56737411560011,82.11188421590276
t1731,21.412875265461253,55.69998065905375,77.112855924515
t1732,31.73556853054319,39.679512688735365,71.41508121927856
t1733,54.76476887530547,47.43694597419996,102.20171484950544
t1734,20.59346993920745,48.801463611766145,69.39493355097359
t1735,21.037657806075842,36.88370232699724,57.92136013307308
t1736,20.651585974410292,75.03103976030403,95.68262573471432
t1737,38.024643515800335,15.855500245129367,53.8801437609297
t1738,72.6044383,47.406575337704446,120.01101363770445
t1739,57.50057774042711,38.044533328745764,95.54511106917288
t1740,72.6044383,8.391026477359224,80.99546477735922
t1741,72.6044383,16.36932109081115,88.97375939081115
t1742,72.6044383,42.72395465644851,115.32839295644851
t1743,72.6044383,61.83911228257773,134.44355058257773
t1744,72.6044383,78.615388,151.2198263
t1745,72.6044383,78.615388,151.2198263
t1746,72.6044383,78.615388,151.2198263
t1747,72.6044383,78.615388,151.2198263
t1748,72.6044383,78.615388,151.2198263
t1749,72.6044383,78.615388,151.2198263
t1750,72.6044383,78.615388,151.2198263
t1751,72.6044383,78.615388,151.2198263
t1752,72.6044383,78.615388,151.2198263
t1753,72.6044383,78.615388,151.2198263
t1754,72.6044383,78.615388,151.2198263
t1755,62.349458265847126,78.615388,140.96484626584711
t1756,68.30569730114858,78.615388,146.9210853011486
t1757,72.6044383,78.615388,151.2198263
t1758,65.79197054018354,78.615388,144.40735854018354
t1759,46.61984968654442,78.615388,125.23523768654442
t1760,44.05928609437672,78.615388,122.67467409437671
t1761,43.17979900779104,78.615388,121.79518700779104
t1762,51.68041253350371,78.615388,130.29580053350372
t1763,25.247045441322985,78.615388,103.86243344132298
t1764,16.5404169661571,77.369103999823,93.9095209659801
t1765,12.985227526070545,78.615388,91.60061552607054
t1766,23.347157213323726,78.615388,101.96254521332372
t1767,35.99197778367915,78.615388,114.60736578367914
t1768,27.257212627899374,78.615388,105.87260062789937
t1769,35.533242627215394,78.615388,114.1486306272154
t1770,52.071452946488336,78.615388,130.68684094648833
t1771,52.07145294648833,78.615388,130.68684094648833
t1772,49.61257734087829,78.615388,128.22796534087828
t1773,44.974797114455384,78.615388,123.59018511445538
t1774,36.526976964488284,78.615388,115.14236496448828
t1775,27.292319242886787,78.615388,105.90770724288679
t1776,72.6044383,78.615388,151.2198263
t1777,71.70204168851528,78.615388,150.3174296885153
t1778,48.852630937273275,78.615388,127.46801893727327
t1779,46.894385337411,78.615388,125.50977333741099
t1780,43.39977591624712,78.615388,122.01516391624712
t1781,49.50122183659073,78.615388,128.11660983659073
t1782,58.5565486232151,78.615388,137.1719366232151
t1783,71.59157143706838,78.615388,150.20695943706838
t1784,73.30187120372639,78.615388,151.9172592037264
t1785,63.503208240972874,78.615388,142.11859624097286
t1786,72.6044383,78.615388,151.2198263
t1787,66.30038344125235,78.615388,144.91577144125233
t1788,65.42397418594402,78.615388,144.03936218594401
t1789,58.955221146091326,78.615388,137.57060914609133
t1790,42.61595710634794,78.615388,121.23134510634793
t1791,29.9490238675201,78.615388,108.56441186752009
t1792,6.662297607470534,78.615388,85.27768560747053
t1793,17.50297928840227,78.615388,96.11836728840227
t1794,61.02831960742876,78.615388,139.64370760742875
t1795,-0.0,78.615388,78.615388
t1796,-0.0,78.615388,78.615388
t1797,-0.0,78.615388,78.615388
t1798,-0.0,78.615388,78.615388
t1799,3.935924960974637,78.615388,82.55131296097463
t1800,4.5806570352621,78.615388,83.1960450352621
t1801,11.619729514818372,78.615388,90.23511751481837
t1802,10.923029838975998,78.615388,89.53841783897599
t1803,0.08510636540846678,78.615388,78.70049436540846
t1804,5.722237257603097,78.615388,84.3376252576031
t1805,10.652285056815563,78.615388,89.26767305681555
t1806,5.992376559509801,78.615388,84.6077645595098
t1807,10.790113962026858,78.615388,89.40550196202685
t1808,2.8681282399837404,78.615388,81.48351623998374
t1809,7.622024814121431,78.615388,86.23741281412143
t1810,1.1645529125725735,78.615388,79.77994091257257
t1811,27.35485623953169,78.615388,105.97024423953168
t1812,32.71843345843726,78.615388,111.33382145843726
t1813,32.110411535054475,78.615388,110.72579953505448
t1814,25.192770025570933,78.615388,103.80815802557093
t1815,32.548453938229834,78.615388,111.16384193822984
t1816,22.52409862156303,78.615388,101.13948662156302
t1817,7.897744572378486,78.615388,86.51313257237848
t1818,12.705941919982285,78.615388,91.32132991998228
t1819,10.283584268911026,78.615388,88.89897226891102
t1820,41.92824933036238,78.615388,120.54363733036237
t1821,8.418346878751855,78.615388,87.03373487875186
t1822,46.021597519092566,78.615388,124.63698551909256
t1823,3.426542557066,78.615388,82.041930557066
t1824,26.20141808960965,78.615388,104.81680608960964
t1825,43.372834961529186,78.615388,121.98822296152917
t1826,41.75391057614174,78.615388,120.36929857614174
t1827,70.72023208457558,78.615388,149.33562008457557
t1828,69.58519801077006,78.615388,148.20058601077005
t1829,70.24626181199746,78.615388,148.86164981199744
t1830,72.6044383,78.615388,151.2198263
t1831,72.6044383,78.615388,151.2198263
t1832,72.6044383,78.615388,151.2198263
t1833,52.66511054558583,78.615388,131.28049854558583
t1834,58.07387111507044,78.615388,136.68925911507043
t1835,40.20825577324178,78.615388,118.82364377324177
t1836,10.093222930015758,78.615388,88.70861093001575
t1837,14.375946241008135,78.615388,92.99133424100813
t1838,25.285023569875307,78.615388,103.9004115698753
t1839,25.464960047200076,78.615388,104.08034804720008
t1840,0.7931726031964522,78.615388,79.40856060319645
t1841,42.939402155188,78.615388,121.55479015518799
t1842,50.53513669925068,78.615388,129.15052469925067
t1843,49.780432305449565,78.615388,128.39582030544955
t1844,46.65206086662889,78.615388,125.26744886662888
t1845,41.53954723120212,78.615388,120.15493523120212
t1846,66.50785886911268,78.615388,145.12324686911268
t1847,72.6044383,78.615388,151.2198263
t1848,70.39721898080899,78.615388,149.01260698080898
