Resource,MA_natural_gas_combined_cycle,CT_natural_gas_combined_cycle,ME_natural_gas_combined_cycle
t1,0.0,0.0,0.0
t2,0.0,0.0,0.0
t3,0.0,0.0,0.0
t4,0.0,0.0,0.0
t5,0.0,0.0,0.0
t6,0.0,0.0,0.0
t7,0.0,0.0,0.0
t8,0.0,0.0,0.0
t9,0.0,0.0,0.0
t10,0.0,0.0,0.0
t11,0.0,0.0,0.0
t12,0.0,0.0,0.0
t13,0.0,0.0,0.0
t14,0.0,0.0,0.0
t15,6.46101783186026e-13,0.0,0.0
t16,-2.3592239273284576e-13,0.0,0.0
t17,712.8969091827626,0.0,0.0
t18,1411.1089453797065,0.0,0.0
t19,1340.5907426014833,0.0,0.0
t20,627.3964675374928,0.0,0.0
t21,627.3964675374928,0.0,0.0
t22,627.3964675374928,0.0,0.0
t23,174.81201834653785,0.0,0.0
t24,0.0,0.0,0.0
t25,0.0,0.0,0.0
t26,0.0,0.0,0.0
t27,0.0,0.0,0.0
t28,0.0,0.0,0.0
t29,0.0,0.0,0.0
t30,0.0,0.0,0.0
t31,0.0,0.0,0.0
t32,0.0,0.0,0.0
t33,0.0,0.0,0.0
t34,0.0,0.0,0.0
t35,0.0,0.0,0.0
t36,0.0,0.0,0.0
t37,-1.824287387819368e-12,0.0,0.0
t38,-1.1581535730442737e-12,0.0,0.0
t39,-1.1581535730442737e-12,0.0,0.0
t40,6.661338147750939e-13,0.0,0.0
t41,2837.591019856567,0.0,0.0
t42,5314.87505983096,0.0,0.0
t43,4253.32790272172,0.0,0.0
t44,2341.8876107769365,0.0,0.0
t45,2341.887610776936,0.0,0.0
t46,2341.887610776936,0.0,0.0
t47,540.4356024869851,0.0,0.0
t48,0.0,0.0,0.0
t49,0.0,0.0,0.0
t50,0.0,0.0,0.0
t51,0.0,0.0,0.0
t52,0.0,0.0,0.0
t53,0.0,0.0,0.0
t54,0.0,0.0,0.0
t55,0.0,0.0,0.0
t56,0.0,0.0,0.0
t57,0.0,0.0,0.0
t58,0.0,0.0,0.0
t59,0.0,0.0,0.0
t60,0.0,0.0,0.0
t61,0.0,0.0,0.0
t62,0.0,0.0,0.0
t63,0.0,0.0,0.0
t64,0.0,0.0,0.0
t65,0.0,0.0,0.0
t66,0.0,0.0,0.0
t67,0.0,0.0,0.0
t68,0.0,0.0,0.0
t69,0.0,0.0,0.0
t70,0.0,0.0,0.0
t71,0.0,0.0,0.0
t72,0.0,0.0,0.0
t73,0.0,0.0,0.0
t74,0.0,0.0,0.0
t75,0.0,0.0,0.0
t76,0.0,0.0,0.0
t77,0.0,0.0,0.0
t78,0.0,0.0,0.0
t79,0.0,0.0,0.0
t80,0.0,0.0,0.0
t81,0.0,0.0,0.0
t82,0.0,0.0,0.0
t83,0.0,0.0,0.0
t84,-7.601197449247366e-13,0.0,0.0
t85,-4.825639887684474e-13,0.0,0.0
t86,-4.825639887684474e-13,0.0,0.0
t87,-4.825639887684474e-13,0.0,0.0
t88,-1.242683733693184e-12,0.0,0.0
t89,431.93780371966227,0.0,0.0
t90,2079.2857632387017,0.0,0.0
t91,2158.8596870682536,0.0,0.0
t92,1010.346333547943,0.0,0.0
t93,1010.3463335479435,0.0,0.0
t94,1010.3463335479435,0.0,0.0
t95,736.1295001416729,0.0,0.0
t96,0.0,0.0,0.0
t97,0.0,0.0,0.0
t98,0.0,0.0,0.0
t99,0.0,0.0,0.0
t100,0.0,0.0,0.0
t101,0.0,0.0,0.0
t102,0.0,0.0,0.0
t103,925.7074116180993,0.0,0.0
t104,1733.8718653537333,0.0,0.0
t105,763.9940721909932,0.0,0.0
t106,763.9940721909932,0.0,0.0
t107,763.9940721909932,0.0,0.0
t108,763.9940721909932,0.0,0.0
t109,763.9940721909932,0.0,0.0
t110,763.9940721909932,0.0,0.0
t111,763.9940721909932,0.0,0.0
t112,763.9940721909932,0.0,0.0
t113,869.9182014705125,0.0,0.0
t114,2452.431823109028,0.0,0.0
t115,2083.7891417043297,0.0,0.0
t116,606.0286439148313,0.0,0.0
t117,316.61829181757753,0.0,0.0
t118,316.61829181757753,0.0,0.0
t119,249.37208400197775,0.0,0.0
t120,0.0,0.0,0.0
t121,0.0,0.0,0.0
t122,0.0,0.0,0.0
t123,0.0,0.0,0.0
t124,0.0,0.0,0.0
t125,0.0,0.0,0.0
t126,0.0,0.0,0.0
t127,0.0,0.0,0.0
t128,0.0,0.0,0.0
t129,0.0,0.0,0.0
t130,0.0,0.0,0.0
t131,0.0,0.0,0.0
t132,0.0,0.0,0.0
t133,0.0,0.0,0.0
t134,0.0,0.0,0.0
t135,0.0,0.0,0.0
t136,0.0,0.0,0.0
t137,0.0,0.0,0.0
t138,0.0,0.0,0.0
t139,0.0,0.0,0.0
t140,0.0,0.0,0.0
t141,0.0,0.0,0.0
t142,0.0,0.0,0.0
t143,0.0,0.0,0.0
t144,0.0,0.0,0.0
t145,0.0,0.0,0.0
t146,0.0,0.0,0.0
t147,0.0,0.0,0.0
t148,0.0,0.0,0.0
t149,0.0,0.0,0.0
t150,0.0,0.0,0.0
t151,0.0,0.0,0.0
t152,0.0,0.0,0.0
t153,0.0,0.0,0.0
t154,0.0,0.0,0.0
t155,0.0,0.0,0.0
t156,0.0,0.0,0.0
t157,0.0,0.0,0.0
t158,0.0,0.0,0.0
t159,0.0,0.0,0.0
t160,0.0,0.0,0.0
t161,0.0,0.0,0.0
t162,0.0,0.0,0.0
t163,0.0,0.0,0.0
t164,0.0,0.0,0.0
t165,0.0,0.0,0.0
t166,0.0,0.0,0.0
t167,0.0,0.0,0.0
t168,0.0,0.0,0.0
t169,0.0,0.0,0.0
t170,0.0,0.0,0.0
t171,0.0,0.0,0.0
t172,0.0,0.0,0.0
t173,0.0,0.0,0.0
t174,0.0,0.0,0.0
t175,0.0,0.0,0.0
t176,0.0,0.0,0.0
t177,0.0,0.0,0.0
t178,0.0,0.0,0.0
t179,0.0,0.0,0.0
t180,0.0,0.0,0.0
t181,0.0,0.0,0.0
t182,0.0,0.0,0.0
t183,0.0,0.0,0.0
t184,0.0,0.0,0.0
t185,0.0,0.0,0.0
t186,1726.525466434321,0.0,0.0
t187,3233.8230130776997,0.0,0.0
t188,1528.2671060112864,0.0,0.0
t189,1424.9159132656778,0.0,0.0
t190,1424.9159132656778,0.0,0.0
t191,1424.9159132656778,0.0,0.0
t192,328.8267492151563,0.0,0.0
t193,0.0,0.0,0.0
t194,0.0,0.0,0.0
t195,0.0,0.0,0.0
t196,0.0,0.0,0.0
t197,0.0,0.0,0.0
t198,0.0,0.0,0.0
t199,0.0,0.0,0.0
t200,0.0,0.0,0.0
t201,0.0,0.0,0.0
t202,0.0,0.0,0.0
t203,0.0,0.0,0.0
t204,0.0,0.0,0.0
t205,0.0,0.0,0.0
t206,0.0,0.0,0.0
t207,0.0,0.0,0.0
t208,0.0,0.0,0.0
t209,0.0,0.0,0.0
t210,1752.0672032945984,0.0,0.0
t211,3281.6632900145487,0.0,0.0
t212,1445.9957224038644,0.0,0.0
t213,1445.9957224038644,0.0,0.0
t214,1445.9957224038644,0.0,0.0
t215,1445.9957224038644,0.0,0.0
t216,333.69132055473784,0.0,0.0
t217,333.69132055473784,0.0,0.0
t218,333.69132055473784,0.0,0.0
t219,333.69132055473784,0.0,0.0
t220,333.69132055473784,0.0,0.0
t221,333.69132055473784,0.0,0.0
t222,333.69132055473784,0.0,0.0
t223,380.57248023960665,0.0,0.0
t224,1149.778385773735,0.0,0.0
t225,476.3245020471337,0.0,0.0
t226,476.3245020471337,0.0,0.0
t227,476.3245020471337,0.0,0.0
t228,476.3245020471337,0.0,0.0
t229,476.3245020471337,0.0,0.0
t230,476.3245020471337,0.0,0.0
t231,476.3245020471337,0.0,0.0
t232,476.3245020471337,0.0,0.0
t233,476.3245020471341,0.0,0.0
t234,476.3245020471341,0.0,0.0
t235,1017.7873975366114,0.0,0.0
t236,366.40346311318007,0.0,0.0
t237,0.0,0.0,0.0
t238,0.0,0.0,0.0
t239,0.0,0.0,0.0
t240,0.0,0.0,0.0
t241,0.0,0.0,0.0
t242,0.0,0.0,0.0
t243,0.0,0.0,0.0
t244,0.0,0.0,0.0
t245,0.0,0.0,0.0
t246,0.0,0.0,0.0
t247,0.0,0.0,0.0
t248,0.0,0.0,0.0
t249,0.0,0.0,0.0
t250,0.0,0.0,0.0
t251,0.0,0.0,0.0
t252,0.0,0.0,0.0
t253,0.0,0.0,0.0
t254,0.0,1685.773156033576,0.0
t255,0.0,920.6533546313138,0.0
t256,0.0,920.6533546313138,0.0
t257,10.972140652071523,980.5775374771391,0.0
t258,20.551078818821477,2723.826492992053,0.0
t259,19.349144196412578,980.5775374771389,0.0
t260,9.055399483921088,0.0,0.0
t261,9.055399483921088,0.0,0.0
t262,9.055399483921088,0.0,0.0
t263,2.089707573212558,0.0,0.0
t264,0.0,0.0,0.0
t265,0.0,0.0,0.0
t266,0.0,0.0,0.0
t267,0.0,0.0,0.0
t268,0.0,0.0,0.0
t269,0.0,0.0,0.0
t270,0.0,0.0,0.0
t271,0.0,0.0,0.0
t272,0.0,0.0,0.0
t273,0.0,0.0,0.0
t274,0.0,0.0,0.0
t275,0.0,0.0,0.0
t276,0.0,0.0,0.0
t277,0.0,0.0,0.0
t278,0.0,0.0,0.0
t279,0.0,0.0,0.0
t280,0.0,0.0,0.0
t281,0.0,0.0,0.0
t282,296.4999751538047,0.0,0.0
t283,402.20892555242585,0.0,0.0
t284,188.23377715853528,0.0,0.0
t285,188.23377715853528,0.0,0.0
t286,188.23377715853528,0.0,0.0
t287,188.23377715853528,0.0,0.0
t288,0.0,0.0,0.0
t289,0.0,0.0,0.0
t290,0.0,0.0,0.0
t291,0.0,0.0,0.0
t292,0.0,0.0,0.0
t293,0.0,0.0,0.0
t294,0.0,0.0,0.0
t295,0.0,0.0,0.0
t296,0.0,0.0,0.0
t297,0.0,0.0,0.0
t298,0.0,0.0,0.0
t299,0.0,0.0,0.0
t300,0.0,0.0,0.0
t301,0.0,0.0,0.0
t302,0.0,0.0,0.0
t303,0.0,0.0,0.0
t304,0.0,0.0,0.0
t305,0.0,0.0,0.0
t306,0.0,0.0,0.0
t307,0.0,0.0,0.0
t308,0.0,0.0,0.0
t309,0.0,0.0,0.0
t310,0.0,0.0,0.0
t311,0.0,0.0,0.0
t312,0.0,0.0,0.0
t313,0.0,0.0,0.0
t314,0.0,0.0,0.0
t315,0.0,0.0,0.0
t316,0.0,0.0,0.0
t317,0.0,0.0,0.0
t318,0.0,0.0,0.0
t319,0.0,0.0,0.0
t320,0.0,0.0,0.0
t321,0.0,0.0,0.0
t322,0.0,0.0,0.0
t323,0.0,0.0,0.0
t324,0.0,0.0,0.0
t325,0.0,0.0,0.0
t326,0.0,0.0,0.0
t327,0.0,0.0,0.0
t328,0.0,0.0,0.0
t329,0.0,0.0,0.0
t330,0.0,0.0,0.0
t331,0.0,0.0,0.0
t332,0.0,0.0,0.0
t333,0.0,0.0,0.0
t334,0.0,0.0,0.0
t335,0.0,0.0,0.0
t336,0.0,0.0,0.0
t337,0.0,0.0,0.0
t338,0.0,0.0,0.0
t339,0.0,0.0,0.0
t340,0.0,0.0,0.0
t341,0.0,0.0,0.0
t342,0.0,0.0,0.0
t343,0.0,0.0,0.0
t344,0.0,0.0,0.0
t345,0.0,0.0,0.0
t346,0.0,0.0,0.0
t347,0.0,0.0,0.0
t348,0.0,0.0,0.0
t349,0.0,0.0,0.0
t350,0.0,0.0,0.0
t351,0.0,0.0,0.0
t352,0.0,0.0,0.0
t353,0.0,0.0,0.0
t354,0.0,0.0,0.0
t355,0.0,0.0,0.0
t356,0.0,0.0,0.0
t357,0.0,0.0,0.0
t358,0.0,0.0,0.0
t359,0.0,0.0,0.0
t360,0.0,0.0,0.0
t361,0.0,0.0,0.0
t362,0.0,0.0,0.0
t363,0.0,0.0,0.0
t364,0.0,0.0,0.0
t365,0.0,0.0,0.0
t366,0.0,0.0,0.0
t367,0.0,0.0,0.0
t368,0.0,0.0,0.0
t369,0.0,0.0,0.0
t370,0.0,0.0,0.0
t371,0.0,0.0,0.0
t372,0.0,0.0,0.0
t373,0.0,0.0,0.0
t374,0.0,0.0,0.0
t375,0.0,0.0,0.0
t376,0.0,0.0,0.0
t377,0.0,0.0,0.0
t378,0.0,0.0,0.0
t379,0.0,0.0,0.0
t380,0.0,0.0,0.0
t381,0.0,0.0,0.0
t382,0.0,0.0,0.0
t383,0.0,0.0,0.0
t384,0.0,0.0,0.0
t385,0.0,0.0,0.0
t386,0.0,0.0,0.0
t387,0.0,0.0,0.0
t388,0.0,0.0,0.0
t389,0.0,0.0,0.0
t390,0.0,0.0,0.0
t391,0.0,0.0,0.0
t392,0.0,0.0,0.0
t393,0.0,0.0,0.0
t394,0.0,0.0,0.0
t395,0.0,0.0,0.0
t396,0.0,0.0,0.0
t397,0.0,0.0,0.0
t398,0.0,0.0,0.0
t399,0.0,0.0,0.0
t400,0.0,0.0,0.0
t401,0.0,0.0,0.0
t402,0.0,0.0,0.0
t403,0.0,0.0,0.0
t404,0.0,0.0,0.0
t405,0.0,0.0,0.0
t406,0.0,0.0,0.0
t407,0.0,0.0,0.0
t408,0.0,0.0,0.0
t409,0.0,0.0,0.0
t410,0.0,0.0,0.0
t411,0.0,0.0,0.0
t412,0.0,0.0,0.0
t413,0.0,0.0,0.0
t414,0.0,0.0,0.0
t415,0.0,0.0,0.0
t416,0.0,0.0,0.0
t417,0.0,0.0,0.0
t418,0.0,0.0,0.0
t419,0.0,0.0,0.0
t420,0.0,0.0,0.0
t421,0.0,0.0,0.0
t422,0.0,0.0,0.0
t423,0.0,0.0,0.0
t424,0.0,0.0,0.0
t425,0.0,0.0,0.0
t426,0.0,0.0,0.0
t427,0.0,0.0,0.0
t428,0.0,0.0,0.0
t429,0.0,0.0,0.0
t430,0.0,0.0,0.0
t431,0.0,0.0,0.0
t432,0.0,0.0,0.0
t433,0.0,0.0,0.0
t434,0.0,0.0,0.0
t435,0.0,0.0,0.0
t436,0.0,0.0,0.0
t437,0.0,0.0,0.0
t438,0.0,0.0,0.0
t439,0.0,0.0,0.0
t440,0.0,0.0,0.0
t441,0.0,0.0,0.0
t442,0.0,0.0,0.0
t443,0.0,0.0,0.0
t444,0.0,0.0,0.0
t445,0.0,0.0,0.0
t446,0.0,0.0,0.0
t447,0.0,0.0,0.0
t448,0.0,0.0,0.0
t449,0.0,0.0,0.0
t450,0.0,0.0,0.0
t451,0.0,0.0,0.0
t452,0.0,0.0,0.0
t453,0.0,0.0,0.0
t454,0.0,0.0,0.0
t455,0.0,0.0,0.0
t456,0.0,0.0,0.0
t457,0.0,0.0,0.0
t458,0.0,0.0,0.0
t459,0.0,0.0,0.0
t460,0.0,0.0,0.0
t461,0.0,0.0,0.0
t462,0.0,0.0,0.0
t463,0.0,0.0,0.0
t464,0.0,0.0,0.0
t465,0.0,0.0,0.0
t466,0.0,0.0,0.0
t467,0.0,0.0,0.0
t468,0.0,0.0,0.0
t469,0.0,0.0,0.0
t470,0.0,0.0,0.0
t471,0.0,0.0,0.0
t472,0.0,0.0,0.0
t473,0.0,0.0,0.0
t474,0.0,0.0,0.0
t475,0.0,0.0,0.0
t476,0.0,0.0,0.0
t477,0.0,0.0,0.0
t478,0.0,0.0,0.0
t479,0.0,0.0,0.0
t480,0.0,0.0,0.0
t481,0.0,0.0,0.0
t482,0.0,0.0,0.0
t483,0.0,0.0,0.0
t484,0.0,0.0,0.0
t485,0.0,0.0,0.0
t486,0.0,0.0,0.0
t487,0.0,0.0,0.0
t488,0.0,0.0,0.0
t489,0.0,0.0,0.0
t490,0.0,0.0,0.0
t491,0.0,0.0,0.0
t492,0.0,0.0,0.0
t493,0.0,0.0,0.0
t494,0.0,0.0,0.0
t495,0.0,0.0,0.0
t496,0.0,0.0,0.0
t497,0.0,0.0,0.0
t498,0.0,0.0,0.0
t499,0.0,0.0,0.0
t500,0.0,0.0,0.0
t501,0.0,0.0,0.0
t502,0.0,0.0,0.0
t503,0.0,0.0,0.0
t504,0.0,0.0,0.0
t505,0.0,0.0,0.0
t506,0.0,0.0,0.0
t507,0.0,0.0,0.0
t508,0.0,0.0,0.0
t509,0.0,0.0,0.0
t510,0.0,0.0,0.0
t511,0.0,0.0,0.0
t512,0.0,0.0,0.0
t513,0.0,0.0,0.0
t514,0.0,0.0,0.0
t515,0.0,0.0,0.0
t516,0.0,0.0,0.0
t517,0.0,0.0,0.0
t518,0.0,0.0,0.0
t519,0.0,0.0,0.0
t520,0.0,0.0,0.0
t521,0.0,0.0,0.0
t522,0.0,0.0,0.0
t523,0.0,0.0,0.0
t524,0.0,0.0,0.0
t525,0.0,0.0,0.0
t526,0.0,0.0,0.0
t527,0.0,0.0,0.0
t528,0.0,0.0,0.0
t529,0.0,0.0,0.0
t530,0.0,0.0,0.0
t531,0.0,0.0,0.0
t532,0.0,0.0,0.0
t533,0.0,0.0,0.0
t534,0.0,0.0,0.0
t535,0.0,0.0,0.0
t536,0.0,0.0,0.0
t537,0.0,0.0,0.0
t538,0.0,0.0,0.0
t539,0.0,0.0,0.0
t540,0.0,0.0,0.0
t541,0.0,0.0,0.0
t542,0.0,0.0,0.0
t543,0.0,0.0,0.0
t544,0.0,0.0,0.0
t545,0.0,0.0,0.0
t546,0.0,0.0,0.0
t547,0.0,0.0,0.0
t548,0.0,0.0,0.0
t549,0.0,0.0,0.0
t550,0.0,0.0,0.0
t551,0.0,0.0,0.0
t552,0.0,0.0,0.0
t553,0.0,0.0,0.0
t554,0.0,0.0,0.0
t555,0.0,0.0,0.0
t556,0.0,0.0,0.0
t557,0.0,0.0,0.0
t558,0.0,0.0,0.0
t559,0.0,0.0,0.0
t560,0.0,0.0,0.0
t561,0.0,0.0,0.0
t562,0.0,0.0,0.0
t563,0.0,0.0,0.0
t564,0.0,0.0,0.0
t565,0.0,0.0,0.0
t566,0.0,0.0,0.0
t567,0.0,0.0,0.0
t568,0.0,0.0,0.0
t569,0.0,0.0,0.0
t570,0.0,0.0,0.0
t571,0.0,0.0,0.0
t572,0.0,0.0,0.0
t573,0.0,0.0,0.0
t574,0.0,0.0,0.0
t575,0.0,0.0,0.0
t576,0.0,0.0,0.0
t577,0.0,0.0,0.0
t578,0.0,0.0,0.0
t579,0.0,0.0,0.0
t580,0.0,0.0,0.0
t581,0.0,0.0,0.0
t582,0.0,0.0,0.0
t583,0.0,0.0,0.0
t584,0.0,0.0,0.0
t585,0.0,0.0,0.0
t586,0.0,0.0,0.0
t587,0.0,0.0,0.0
t588,0.0,0.0,0.0
t589,0.0,0.0,0.0
t590,0.0,0.0,0.0
t591,0.0,0.0,0.0
t592,0.0,0.0,0.0
t593,0.0,0.0,0.0
t594,0.0,0.0,0.0
t595,0.0,0.0,0.0
t596,0.0,0.0,0.0
t597,0.0,0.0,0.0
t598,0.0,0.0,0.0
t599,0.0,0.0,0.0
t600,0.0,0.0,0.0
t601,0.0,0.0,0.0
t602,0.0,0.0,0.0
t603,0.0,0.0,0.0
t604,0.0,0.0,0.0
t605,0.0,0.0,0.0
t606,0.0,0.0,0.0
t607,0.0,0.0,0.0
t608,0.0,0.0,0.0
t609,0.0,0.0,0.0
t610,0.0,0.0,0.0
t611,0.0,0.0,0.0
t612,0.0,0.0,0.0
t613,0.0,0.0,0.0
t614,0.0,0.0,0.0
t615,0.0,0.0,0.0
t616,0.0,0.0,0.0
t617,0.0,0.0,0.0
t618,0.0,0.0,0.0
t619,0.0,0.0,0.0
t620,0.0,0.0,0.0
t621,0.0,0.0,0.0
t622,0.0,0.0,0.0
t623,0.0,0.0,0.0
t624,0.0,0.0,0.0
t625,0.0,0.0,0.0
t626,0.0,0.0,0.0
t627,0.0,0.0,0.0
t628,0.0,0.0,0.0
t629,0.0,0.0,0.0
t630,0.0,0.0,0.0
t631,0.0,0.0,0.0
t632,0.0,0.0,0.0
t633,0.0,0.0,0.0
t634,0.0,0.0,0.0
t635,0.0,0.0,0.0
t636,0.0,0.0,0.0
t637,0.0,0.0,0.0
t638,0.0,0.0,0.0
t639,0.0,0.0,0.0
t640,0.0,0.0,0.0
t641,0.0,0.0,0.0
t642,0.0,0.0,0.0
t643,0.0,0.0,0.0
t644,0.0,0.0,0.0
t645,0.0,0.0,0.0
t646,0.0,0.0,0.0
t647,0.0,0.0,0.0
t648,0.0,0.0,0.0
t649,0.0,0.0,0.0
t650,0.0,0.0,0.0
t651,0.0,0.0,0.0
t652,0.0,0.0,0.0
t653,0.0,0.0,0.0
t654,0.0,0.0,0.0
t655,0.0,0.0,0.0
t656,0.0,0.0,0.0
t657,0.0,0.0,0.0
t658,0.0,0.0,0.0
t659,0.0,0.0,0.0
t660,0.0,0.0,0.0
t661,0.0,0.0,0.0
t662,0.0,0.0,0.0
t663,0.0,0.0,0.0
t664,0.0,0.0,0.0
t665,0.0,0.0,0.0
t666,0.0,0.0,0.0
t667,0.0,0.0,0.0
t668,0.0,0.0,0.0
t669,0.0,0.0,0.0
t670,0.0,0.0,0.0
t671,0.0,0.0,0.0
t672,0.0,0.0,0.0
t673,0.0,2918.5249446841713,0.0
t674,0.0,2740.1706425090283,0.0
t675,0.0,2740.1706425090283,0.0
t676,0.0,2740.1706425090283,0.0
t677,0.0,2740.1706425090283,0.0
t678,0.0,2740.1706425090283,0.0
t679,0.0,2740.1706425090283,0.0
t680,0.0,2740.1706425090283,0.0
t681,0.0,2740.1706425090283,0.0
t682,0.0,2740.1706425090283,0.0
t683,0.0,2740.1706425090283,0.0
t684,0.0,2740.1706425090283,0.0
t685,0.0,2740.1706425090283,0.0
t686,0.0,2740.1706425090283,0.0
t687,0.0,2740.1706425090283,0.0
t688,0.0,2740.1706425090283,0.0
t689,0.0,2740.1706425090283,0.0
t690,0.0,2740.1706425090283,0.0
t691,0.0,2740.1706425090283,0.0
t692,0.0,2740.1706425090283,0.0
t693,0.0,2740.1706425090283,0.0
t694,0.0,2740.1706425090283,0.0
t695,0.0,2740.1706425090283,0.0
t696,0.0,2740.1706425090283,0.0
t697,0.0,2740.1706425090283,0.0
t698,0.0,2740.1706425090283,0.0
t699,0.0,2740.1706425090283,0.0
t700,0.0,2740.1706425090283,0.0
t701,0.0,2740.1706425090283,0.0
t702,0.0,2740.1706425090283,0.0
t703,0.0,2740.1706425090283,0.0
t704,0.0,2740.1706425090283,0.0
t705,0.0,2740.1706425090283,0.0
t706,0.0,2740.1706425090283,0.0
t707,0.0,2740.1706425090283,0.0
t708,0.0,2740.1706425090283,0.0
t709,0.0,2740.1706425090283,0.0
t710,0.0,2740.1706425090283,0.0
t711,0.0,2740.1706425090283,0.0
t712,0.0,2740.1706425090283,0.0
t713,0.0,2740.1706425090283,0.0
t714,0.0,7928.659433058667,0.0
t715,0.0,8107.01373523381,0.0
t716,0.0,8107.01373523381,0.0
t717,0.0,8107.01373523381,0.0
t718,0.0,8107.01373523381,0.0
t719,0.0,8107.01373523381,0.0
t720,0.0,8107.01373523381,0.0
t721,0.0,8107.01373523381,0.0
t722,0.0,8107.01373523381,0.0
t723,0.0,8107.01373523381,0.0
t724,0.0,8107.01373523381,0.0
t725,0.0,8107.01373523381,0.0
t726,0.0,8107.01373523381,0.0
t727,0.0,8107.01373523381,0.0
t728,0.0,8107.01373523381,0.0
t729,0.0,8107.01373523381,0.0
t730,0.0,2918.5249446841713,0.0
t731,0.0,2740.1706425090283,0.0
t732,0.0,2740.1706425090283,0.0
t733,0.0,2740.1706425090283,0.0
t734,0.0,2740.1706425090283,0.0
t735,0.0,2918.5249446841713,0.0
t736,0.0,8107.01373523381,0.0
t737,0.0,8107.01373523381,0.0
t738,0.0,8107.01373523381,0.0
t739,0.0,8107.01373523381,0.0
t740,0.0,8107.01373523381,0.0
t741,0.0,8107.01373523381,0.0
t742,0.0,8107.01373523381,0.0
t743,0.0,8107.01373523381,0.0
t744,0.0,8107.01373523381,0.0
t745,0.0,8107.01373523381,0.0
t746,0.0,8107.01373523381,0.0
t747,0.0,8107.01373523381,0.0
t748,0.0,8107.01373523381,0.0
t749,0.0,8107.01373523381,0.0
t750,0.0,8107.01373523381,0.0
t751,0.0,8107.01373523381,0.0
t752,0.0,8107.01373523381,0.0
t753,0.0,8107.01373523381,0.0
t754,0.0,6094.509097864555,0.0
t755,0.0,2740.1706425090283,0.0
t756,0.0,2740.1706425090283,0.0
t757,0.0,2740.1706425090283,0.0
t758,0.0,2740.1706425090283,0.0
t759,0.0,2740.1706425090283,0.0
t760,0.0,5975.12711841944,0.0
t761,0.0,8107.01373523381,0.0
t762,0.0,8107.01373523381,0.0
t763,0.0,8107.01373523381,0.0
t764,0.0,8107.01373523381,0.0
t765,0.0,8107.01373523381,0.0
t766,0.0,8107.01373523381,0.0
t767,0.0,8107.01373523381,0.0
t768,0.0,8107.01373523381,0.0
t769,0.0,8107.01373523381,0.0
t770,0.0,8107.01373523381,0.0
t771,0.0,8107.01373523381,0.0
t772,0.0,8107.01373523381,0.0
t773,0.0,8107.01373523381,0.0
t774,0.0,8107.01373523381,0.0
t775,0.0,8107.01373523381,0.0
t776,0.0,8107.01373523381,0.0
t777,0.0,8107.01373523381,0.0
t778,0.0,2918.5249446841713,0.0
t779,0.0,2740.1706425090283,0.0
t780,0.0,2740.1706425090283,0.0
t781,0.0,2740.1706425090283,0.0
t782,0.0,2740.1706425090283,0.0
t783,0.0,2740.1706425090283,0.0
t784,0.0,2740.1706425090283,0.0
t785,0.0,2740.1706425090283,0.0
t786,0.0,4721.673092201437,0.0
t787,0.0,8107.01373523381,0.0
t788,0.0,5857.509742321795,0.0
t789,0.0,3206.258986251408,0.0
t790,0.0,8107.01373523381,0.0
t791,0.0,8107.01373523381,0.0
t792,0.0,7550.061911979747,0.0
t793,0.0,2740.1706425090283,0.0
t794,0.0,2740.1706425090283,0.0
t795,0.0,2740.1706425090283,0.0
t796,0.0,2740.1706425090283,0.0
t797,0.0,2740.1706425090283,0.0
t798,0.0,2740.1706425090283,0.0
t799,0.0,6071.2744317757515,0.0
t800,0.0,2740.1706425090283,0.0
t801,0.0,2740.1706425090283,0.0
t802,0.0,2740.1706425090283,0.0
t803,0.0,2740.1706425090283,0.0
t804,0.0,2740.1706425090283,0.0
t805,0.0,2740.1706425090283,0.0
t806,0.0,2740.1706425090283,0.0
t807,0.0,2740.1706425090283,0.0
t808,0.0,2740.1706425090283,0.0
t809,0.0,2740.1706425090283,0.0
t810,0.0,5587.595249778921,0.0
t811,0.0,8107.01373523381,0.0
t812,0.0,8107.01373523381,0.0
t813,0.0,8107.01373523381,0.0
t814,0.0,8107.01373523381,0.0
t815,0.0,8107.01373523381,0.0
t816,0.0,8107.01373523381,0.0
t817,0.0,8107.01373523381,0.0
t818,0.0,8107.01373523381,0.0
t819,0.0,8107.01373523381,0.0
t820,0.0,8107.01373523381,0.0
t821,0.0,8107.01373523381,0.0
t822,0.0,8107.01373523381,0.0
t823,0.0,8107.01373523381,0.0
t824,0.0,8107.01373523381,0.0
t825,0.0,2918.5249446841713,0.0
t826,0.0,2740.1706425090283,0.0
t827,0.0,2740.1706425090283,0.0
t828,0.0,2740.1706425090283,0.0
t829,0.0,2740.1706425090283,0.0
t830,0.0,2740.1706425090283,0.0
t831,0.0,2740.1706425090283,0.0
t832,0.0,2740.1706425090283,0.0
t833,0.0,3264.405998667649,0.0
t834,0.0,8107.01373523381,0.0
t835,0.0,6704.394196456485,0.0
t836,0.0,8107.01373523381,0.0
t837,0.0,8107.01373523381,0.0
t838,0.0,8107.01373523381,0.0
t839,0.0,8107.01373523381,0.0
t840,0.0,8107.01373523381,0.0
t841,16296.563515461447,8107.01373523381,0.0
t842,16296.563515461447,8107.01373523381,0.0
t843,16296.563515461447,8107.01373523381,0.0
t844,16114.87431213144,8107.01373523381,0.0
t845,16296.563515461447,8107.01373523381,0.0
t846,7626.791725235956,8107.01373523381,0.0
t847,16296.563515461447,8107.01373523381,0.0
t848,15906.500237390343,8107.01373523381,0.0
t849,7626.791725235956,8107.01373523381,0.0
t850,7626.791725235956,8107.01373523381,0.0
t851,7626.791725235956,8107.01373523381,0.0
t852,7626.791725235956,8107.01373523381,0.0
t853,7626.791725235956,8107.01373523381,0.0
t854,7626.791725235956,8107.01373523381,0.0
t855,7626.791725235956,8107.01373523381,0.0
t856,7626.791725235956,8107.01373523381,0.0
t857,7626.791725235956,8107.01373523381,0.0
t858,11870.690473060005,8107.01373523381,0.0
t859,16296.563515461447,8107.01373523381,0.0
t860,7626.791725235956,8107.01373523381,0.0
t861,16296.563515461447,8107.01373523381,0.0
t862,16296.563515461447,8107.01373523381,0.0
t863,16296.563515461447,8107.01373523381,0.0
t864,9564.20780312175,8107.01373523381,0.0
t865,10860.44497460268,8107.01373523381,0.0
t866,8454.30665530345,8107.01373523381,0.0
t867,7626.791725235956,8107.01373523381,0.0
t868,13343.790831296634,8107.01373523381,0.0
t869,16296.563515461447,8107.01373523381,0.0
t870,13289.574918520548,8107.01373523381,0.0
t871,16296.563515461447,8107.01373523381,0.0
t872,16296.563515461447,8107.01373523381,0.0
t873,7626.791725235956,8107.01373523381,0.0
t874,7626.791725235956,8107.01373523381,0.0
t875,7626.791725235956,8107.01373523381,0.0
t876,7626.791725235956,8107.01373523381,0.0
t877,7626.791725235956,8107.01373523381,0.0
t878,7626.791725235956,8107.01373523381,0.0
t879,7626.791725235956,8107.01373523381,0.0
t880,7626.791725235956,8107.01373523381,0.0
t881,7626.791725235956,8107.01373523381,0.0
t882,16296.563515461447,8107.01373523381,0.0
t883,16296.563515461447,8107.01373523381,0.0
t884,16296.563515461447,8107.01373523381,0.0
t885,16296.563515461447,8107.01373523381,0.0
t886,16296.563515461447,8107.01373523381,0.0
t887,16296.563515461447,8107.01373523381,0.0
t888,7626.791725235956,8107.01373523381,0.0
t889,7626.791725235956,8107.01373523381,0.0
t890,7626.791725235956,8107.01373523381,0.0
t891,7626.791725235956,8107.01373523381,0.0
t892,7626.791725235956,8107.01373523381,0.0
t893,7626.791725235956,8107.01373523381,0.0
t894,7626.791725235956,8107.01373523381,0.0
t895,7626.791725235956,8107.01373523381,0.0
t896,7626.791725235956,8107.01373523381,0.0
t897,7626.791725235956,8107.01373523381,0.0
t898,7626.791725235956,8107.01373523381,0.0
t899,7626.791725235956,8107.01373523381,0.0
t900,7626.791725235956,8107.01373523381,0.0
t901,7626.791725235956,8107.01373523381,0.0
t902,7626.791725235956,8107.01373523381,0.0
t903,7626.791725235956,8107.01373523381,0.0
t904,15125.129574071154,8107.01373523381,0.0
t905,31537.45715416535,8107.01373523381,0.0
t906,29621.29215798078,8107.01373523381,0.0
t907,29621.29215798078,8107.01373523381,0.0
t908,29621.29215798078,8107.01373523381,0.0
t909,29621.29215798078,8107.01373523381,0.0
t910,29621.29215798078,8107.01373523381,0.0
t911,29621.29215798078,8107.01373523381,0.0
t912,29621.29215798078,8107.01373523381,0.0
t913,29621.29215798078,8107.01373523381,0.0
t914,14238.611075215038,8107.01373523381,0.0
t915,13862.764729935005,8107.01373523381,0.0
t916,13862.764729935005,8107.01373523381,0.0
t917,13862.764729935005,8107.01373523381,0.0
t918,13862.764729935005,8107.01373523381,0.0
t919,18446.550802815247,8107.01373523381,0.0
t920,20838.670216937157,8107.01373523381,0.0
t921,16495.049670582375,8107.01373523381,0.0
t922,13862.764729935005,8107.01373523381,0.0
t923,13862.764729935005,8107.01373523381,0.0
t924,17025.590576443683,8107.01373523381,0.0
t925,33495.03114007181,8107.01373523381,0.0
t926,33408.19462296363,8107.01373523381,0.0
t927,33252.364037652835,8107.01373523381,0.0
t928,35676.10016525653,8107.01373523381,0.0
t929,35162.052206061686,8107.01373523381,0.0
t930,35162.052206061686,8107.01373523381,0.0
t931,35162.052206061686,8107.01373523381,0.0
t932,35162.052206061686,8107.01373523381,0.0
t933,35162.052206061686,8107.01373523381,0.0
t934,35162.052206061686,8107.01373523381,0.0
t935,35162.052206061686,8107.01373523381,0.0
t936,35162.052206061686,8107.01373523381,0.0
t937,35162.052206061686,8107.01373523381,0.0
t938,17252.840566482966,8107.01373523381,0.0
t939,15340.598526265778,8107.01373523381,0.0
t940,9507.768432441504,8107.01373523381,0.0
t941,9507.768432441504,8107.01373523381,0.0
t942,9507.768432441504,8107.01373523381,0.0
t943,20315.744513763897,8107.01373523381,0.0
t944,20315.744513763897,8107.01373523381,0.0
t945,20315.744513763897,8107.01373523381,0.0
t946,9507.768432441504,8107.01373523381,0.0
t947,20315.744513763897,8107.01373523381,0.0
t948,14423.30545042126,8107.01373523381,0.0
t949,17945.324997308173,8107.01373523381,0.0
t950,17609.756282097474,8107.01373523381,0.0
t951,20315.744513763897,8107.01373523381,0.0
t952,20315.744513763897,8107.01373523381,0.0
t953,20315.744513763897,8107.01373523381,0.0
t954,20315.744513763897,8107.01373523381,0.0
t955,20315.744513763897,8107.01373523381,0.0
t956,20315.744513763897,8107.01373523381,0.0
t957,20315.744513763897,8107.01373523381,0.0
t958,20315.744513763897,8107.01373523381,0.0
t959,20315.744513763897,8107.01373523381,0.0
t960,20315.744513763897,8107.01373523381,0.0
t961,18958.153248069375,8107.01373523381,0.0
t962,20315.744513763897,8107.01373523381,0.0
t963,19627.183991962644,8107.01373523381,0.0
t964,19627.183991962644,8107.01373523381,0.0
t965,18109.15363740461,8107.01373523381,0.0
t966,11008.630870331015,8107.01373523381,0.0
t967,8021.701756103085,8107.01373523381,0.0
t968,7626.791725235956,8107.01373523381,0.0
t969,7626.791725235956,8107.01373523381,0.0
t970,7626.791725235956,8107.01373523381,0.0
t971,7626.791725235956,8107.01373523381,0.0
t972,7626.791725235956,8107.01373523381,0.0
t973,7626.791725235956,8107.01373523381,0.0
t974,7626.791725235956,8107.01373523381,0.0
t975,7626.791725235956,8107.01373523381,0.0
t976,7626.791725235956,8107.01373523381,0.0
t977,7626.791725235956,3654.7377924048938,0.0
t978,12035.397471379865,8107.01373523381,0.0
t979,16296.563515461447,8107.01373523381,0.0
t980,16296.563515461447,8107.01373523381,0.0
t981,16296.563515461447,8107.01373523381,0.0
t982,16296.563515461447,8107.01373523381,0.0
t983,16296.563515461447,8107.01373523381,0.0
t984,16296.563515461447,8107.01373523381,0.0
t985,7626.791725235956,8107.01373523381,0.0
t986,7626.791725235956,8107.01373523381,0.0
t987,7626.791725235956,8107.01373523381,0.0
t988,7626.791725235956,8107.01373523381,0.0
t989,7626.791725235956,7928.659433058667,0.0
t990,7626.791725235956,2740.1706425090283,0.0
t991,7626.791725235956,7928.659433058667,0.0
t992,7626.791725235956,8107.01373523381,0.0
t993,7626.791725235956,8107.01373523381,0.0
t994,7626.791725235956,8107.01373523381,0.0
t995,7626.791725235956,8107.01373523381,0.0
t996,7626.791725235956,8107.01373523381,0.0
t997,7626.791725235956,8107.01373523381,0.0
t998,7626.791725235956,8107.01373523381,0.0
t999,7626.791725235956,8107.01373523381,0.0
t1000,7626.791725235956,8107.01373523381,0.0
t1001,16296.563515461447,8107.01373523381,0.0
t1002,16296.563515461447,8107.01373523381,0.0
t1003,16296.563515461447,8107.01373523381,0.0
t1004,16296.563515461447,8107.01373523381,0.0
t1005,16296.563515461447,8107.01373523381,0.0
t1006,16296.563515461447,8107.01373523381,0.0
t1007,11787.533777506645,8107.01373523381,0.0
t1008,16296.563515461447,8107.01373523381,0.0
t1009,8948.597011317353,8107.01373523381,0.0
t1010,8948.597011317353,8107.01373523381,0.0
t1011,8948.597011317353,8107.01373523381,0.0
t1012,8948.597011317353,8107.01373523381,0.0
t1013,8948.597011317353,8107.01373523381,0.0
t1014,8948.597011317353,8107.01373523381,0.0
t1015,8948.597011317353,8107.01373523381,0.0
t1016,8948.597011317353,8107.01373523381,0.0
t1017,8948.597011317353,8107.01373523381,0.0
t1018,8948.597011317353,8107.01373523381,0.0
t1019,8948.597011317353,8107.01373523381,0.0
t1020,8948.597011317353,8107.01373523381,0.0
t1021,8948.597011317353,8107.01373523381,0.0
t1022,8948.597011317353,8107.01373523381,0.0
t1023,8948.597011317353,8107.01373523381,0.0
t1024,8948.597011317353,8107.01373523381,0.0
t1025,8948.597011317353,8107.01373523381,0.0
t1026,8948.597011317353,8107.01373523381,0.0
t1027,14290.621707119051,8107.01373523381,0.0
t1028,19120.93378486614,8107.01373523381,0.0
t1029,15641.529634429002,8107.01373523381,0.0
t1030,11880.4953116964,8107.01373523381,0.0
t1031,8948.597011317353,8107.01373523381,0.0
t1032,8948.597011317353,8107.01373523381,0.0
t1033,8948.597011317353,8107.01373523381,0.0
t1034,8948.597011317353,8107.01373523381,0.0
t1035,8948.597011317353,8107.01373523381,0.0
t1036,8948.597011317353,8107.01373523381,0.0
t1037,8948.597011317353,8107.01373523381,0.0
t1038,8948.597011317353,8107.01373523381,0.0
t1039,8948.597011317353,8107.01373523381,0.0
t1040,8948.597011317353,8107.01373523381,0.0
t1041,8948.597011317353,8107.01373523381,0.0
t1042,8948.597011317353,7928.659433058667,0.0
t1043,8948.597011317353,2740.1706425090283,0.0
t1044,8948.597011317353,2740.1706425090283,0.0
t1045,8948.597011317353,2740.1706425090283,0.0
t1046,8948.597011317353,2740.1706425090283,0.0
t1047,8948.597011317353,2740.1706425090283,0.0
t1048,8948.597011317353,2740.1706425090283,0.0
t1049,8948.597011317353,7928.659433058667,0.0
t1050,9303.649411239268,8107.01373523381,0.0
t1051,14740.779039134015,8107.01373523381,0.0
t1052,16016.882361248614,8107.01373523381,0.0
t1053,14260.2315997328,8107.01373523381,0.0
t1054,8948.597011317353,8107.01373523381,0.0
t1055,8948.597011317353,8107.01373523381,0.0
t1056,8948.597011317353,8107.01373523381,0.0
t1057,8948.597011317353,8107.01373523381,0.0
t1058,8948.597011317353,8107.01373523381,0.0
t1059,8948.597011317353,8107.01373523381,0.0
t1060,8948.597011317353,8107.01373523381,0.0
t1061,8948.597011317353,8107.01373523381,0.0
t1062,8948.597011317353,8107.01373523381,0.0
t1063,8948.597011317353,8107.01373523381,0.0
t1064,8948.597011317353,8107.01373523381,0.0
t1065,8948.597011317353,5097.310858475366,0.0
t1066,8948.597011317353,2740.1706425090283,0.0
t1067,8948.597011317353,2740.1706425090283,0.0
t1068,8948.597011317353,2740.1706425090283,0.0
t1069,8948.597011317353,2740.1706425090283,0.0
t1070,8948.597011317353,2740.1706425090283,0.0
t1071,8948.597011317353,2740.1706425090283,0.0
t1072,8948.597011317353,7928.659433058667,0.0
t1073,8948.597011317353,8107.01373523381,0.0
t1074,8948.597011317353,8107.01373523381,0.0
t1075,8948.597011317353,8107.01373523381,0.0
t1076,8948.597011317353,8107.01373523381,0.0
t1077,8948.597011317353,8107.01373523381,0.0
t1078,8948.597011317353,8107.01373523381,0.0
t1079,8948.597011317353,8107.01373523381,0.0
t1080,8948.597011317353,8107.01373523381,0.0
t1081,8948.597011317353,8107.01373523381,0.0
t1082,8948.597011317353,8107.01373523381,0.0
t1083,8948.597011317353,8107.01373523381,0.0
t1084,8948.597011317353,8107.01373523381,0.0
t1085,8948.597011317353,8107.01373523381,0.0
t1086,8948.597011317353,8107.01373523381,0.0
t1087,8948.597011317353,8107.01373523381,0.0
t1088,8948.597011317353,8107.01373523381,0.0
t1089,8948.597011317353,8107.01373523381,0.0
t1090,8948.597011317353,8107.01373523381,0.0
t1091,8948.597011317353,8107.01373523381,0.0
t1092,8948.597011317353,8107.01373523381,0.0
t1093,8948.597011317353,8107.01373523381,0.0
t1094,8948.597011317353,8107.01373523381,0.0
t1095,8948.597011317353,8107.01373523381,0.0
t1096,8948.597011317353,8107.01373523381,0.0
t1097,8948.597011317353,8107.01373523381,0.0
t1098,8948.597011317353,8107.01373523381,0.0
t1099,14297.594385654711,8107.01373523381,0.0
t1100,14515.47145397014,8107.01373523381,0.0
t1101,13502.01909155716,8107.01373523381,0.0
t1102,14491.223662547312,8107.01373523381,0.0
t1103,8948.597011317353,8107.01373523381,0.0
t1104,8948.597011317353,8107.01373523381,0.0
t1105,8948.597011317353,8107.01373523381,0.0
t1106,8948.597011317353,8107.01373523381,0.0
t1107,8948.597011317353,8107.01373523381,0.0
t1108,8948.597011317353,8107.01373523381,0.0
t1109,8948.597011317353,8107.01373523381,0.0
t1110,8948.597011317353,8107.01373523381,0.0
t1111,8948.597011317353,8107.01373523381,0.0
t1112,8948.597011317353,8107.01373523381,0.0
t1113,8948.597011317353,8107.01373523381,0.0
t1114,8948.597011317353,8107.01373523381,0.0
t1115,8948.597011317353,8107.01373523381,0.0
t1116,8948.597011317353,8107.01373523381,0.0
t1117,8948.597011317353,8107.01373523381,0.0
t1118,8948.597011317353,8107.01373523381,0.0
t1119,8948.597011317353,8107.01373523381,0.0
t1120,8948.597011317353,8107.01373523381,0.0
t1121,8948.597011317353,8107.01373523381,0.0
t1122,8948.597011317353,8107.01373523381,0.0
t1123,8948.597011317353,8107.01373523381,0.0
t1124,8948.597011317353,8107.01373523381,0.0
t1125,8948.597011317353,8107.01373523381,0.0
t1126,8948.597011317353,8107.01373523381,0.0
t1127,8948.597011317353,8107.01373523381,0.0
t1128,8948.597011317353,8107.01373523381,0.0
t1129,8948.597011317353,8107.01373523381,0.0
t1130,8948.597011317353,8107.01373523381,0.0
t1131,8948.597011317353,8107.01373523381,0.0
t1132,8948.597011317353,8107.01373523381,0.0
t1133,8948.597011317353,8107.01373523381,0.0
t1134,10119.47757632206,8107.01373523381,0.0
t1135,8948.597011317353,8107.01373523381,0.0
t1136,8948.597011317353,8107.01373523381,0.0
t1137,8948.597011317353,8107.01373523381,0.0
t1138,8948.597011317353,8107.01373523381,0.0
t1139,8948.597011317353,8107.01373523381,0.0
t1140,8948.597011317353,8107.01373523381,0.0
t1141,8948.597011317353,8107.01373523381,0.0
t1142,8948.597011317353,8107.01373523381,0.0
t1143,8948.597011317353,8107.01373523381,0.0
t1144,8948.597011317353,8107.01373523381,0.0
t1145,8948.597011317353,8107.01373523381,0.0
t1146,8948.597011317353,8107.01373523381,0.0
t1147,8948.597011317353,8107.01373523381,0.0
t1148,8948.597011317353,8107.01373523381,0.0
t1149,8948.597011317353,8107.01373523381,0.0
t1150,8948.597011317353,8107.01373523381,0.0
t1151,8948.597011317353,8107.01373523381,0.0
t1152,8948.597011317353,8107.01373523381,0.0
t1153,8948.597011317353,8107.01373523381,0.0
t1154,8948.597011317353,8107.01373523381,0.0
t1155,8948.597011317353,8107.01373523381,0.0
t1156,8948.597011317353,8107.01373523381,0.0
t1157,8948.597011317353,8107.01373523381,0.0
t1158,8948.597011317353,8107.01373523381,0.0
t1159,8948.597011317353,8107.01373523381,0.0
t1160,8948.597011317353,8107.01373523381,0.0
t1161,8948.597011317353,8107.01373523381,0.0
t1162,8948.597011317353,8107.01373523381,0.0
t1163,8948.597011317353,8107.01373523381,0.0
t1164,8948.597011317353,8107.01373523381,0.0
t1165,8948.597011317353,8107.01373523381,0.0
t1166,8948.597011317353,8107.01373523381,0.0
t1167,8948.597011317353,8107.01373523381,0.0
t1168,8948.597011317353,8107.01373523381,0.0
t1169,8948.597011317353,8107.01373523381,0.0
t1170,8948.597011317353,8107.01373523381,0.0
t1171,8948.597011317353,8107.01373523381,0.0
t1172,8948.597011317353,8107.01373523381,0.0
t1173,8948.597011317353,8107.01373523381,0.0
t1174,8948.597011317353,8107.01373523381,0.0
t1175,8948.597011317353,8107.01373523381,0.0
t1176,8948.597011317353,8107.01373523381,0.0
t1177,35162.052206061686,8107.01373523381,0.0
t1178,35162.052206061686,8107.01373523381,0.0
t1179,35162.052206061686,8107.01373523381,0.0
t1180,35162.052206061686,8107.01373523381,0.0
t1181,32448.547399454088,8107.01373523381,0.0
t1182,34975.895453240606,8107.01373523381,0.0
t1183,32944.19859221916,8107.01373523381,0.0
t1184,35162.052206061686,8107.01373523381,0.0
t1185,31819.375384599658,8107.01373523381,0.0
t1186,16455.840432436868,8107.01373523381,0.0
t1187,16455.840432436868,8107.01373523381,0.0
t1188,18238.97796048882,8107.01373523381,0.0
t1189,26445.812292155282,8107.01373523381,0.0
t1190,27226.45642608572,8107.01373523381,0.0
t1191,18034.150463462473,8107.01373523381,0.0
t1192,19888.45126380565,8107.01373523381,0.0
t1193,28732.354312470772,8107.01373523381,0.0
t1194,35162.052206061686,8107.01373523381,0.0
t1195,35162.052206061686,8107.01373523381,0.0
t1196,35162.052206061686,8107.01373523381,0.0
t1197,35162.052206061686,8107.01373523381,0.0
t1198,35162.052206061686,8107.01373523381,0.0
t1199,35162.052206061686,8107.01373523381,0.0
t1200,26387.889011372285,8107.01373523381,0.0
t1201,23508.21093806724,8107.01373523381,0.0
t1202,35162.052206061686,8107.01373523381,0.0
t1203,35162.052206061686,8107.01373523381,0.0
t1204,35162.052206061686,8107.01373523381,0.0
t1205,23821.015636416334,8107.01373523381,0.0
t1206,16455.840432436868,8107.01373523381,0.0
t1207,25992.473585086558,8107.01373523381,0.0
t1208,16455.840432436868,8107.01373523381,0.0
t1209,16455.840432436868,8107.01373523381,0.0
t1210,16455.840432436868,7928.659433058667,0.0
t1211,16455.840432436868,2740.1706425090283,0.0
t1212,16455.840432436868,7928.659433058667,0.0
t1213,16455.840432436868,8107.01373523381,0.0
t1214,16455.840432436868,8107.01373523381,0.0
t1215,16455.840432436868,8107.01373523381,0.0
t1216,25430.77012502201,8107.01373523381,0.0
t1217,35162.052206061686,8107.01373523381,0.0
t1218,35162.052206061686,8107.01373523381,0.0
t1219,35162.052206061686,8107.01373523381,0.0
t1220,35162.052206061686,8107.01373523381,0.0
t1221,35162.052206061686,8107.01373523381,0.0
t1222,35162.052206061686,8107.01373523381,0.0
t1223,35162.052206061686,8107.01373523381,0.0
t1224,35162.052206061686,8107.01373523381,0.0
t1225,35162.052206061686,8107.01373523381,0.0
t1226,32671.5594542006,8107.01373523381,0.0
t1227,35162.052206061686,8107.01373523381,0.0
t1228,26324.33079569098,8107.01373523381,0.0
t1229,17723.251649628863,8107.01373523381,0.0
t1230,30610.096364984445,8107.01373523381,0.0
t1231,35162.052206061686,8107.01373523381,0.0
t1232,35162.052206061686,8107.01373523381,0.0
t1233,24832.20378241631,8107.01373523381,0.0
t1234,16455.840432436868,8107.01373523381,0.0
t1235,16455.840432436868,8107.01373523381,0.0
t1236,16455.840432436868,8107.01373523381,0.0
t1237,16455.840432436868,8107.01373523381,0.0
t1238,16455.840432436868,8107.01373523381,0.0
t1239,16455.840432436868,8107.01373523381,0.0
t1240,20118.99080659121,8107.01373523381,0.0
t1241,35162.052206061686,8107.01373523381,0.0
t1242,35162.052206061686,8107.01373523381,0.0
t1243,35162.052206061686,8107.01373523381,0.0
t1244,35162.052206061686,8107.01373523381,0.0
t1245,35162.052206061686,8107.01373523381,0.0
t1246,35162.052206061686,8107.01373523381,0.0
t1247,29533.38848117901,8107.01373523381,0.0
t1248,16455.840432436868,8107.01373523381,0.0
t1249,16455.840432436868,8107.01373523381,0.0
t1250,16455.840432436868,8107.01373523381,0.0
t1251,16455.840432436868,8107.01373523381,0.0
t1252,16455.840432436868,8107.01373523381,0.0
t1253,16455.840432436868,8107.01373523381,0.0
t1254,27734.97349389308,8107.01373523381,0.0
t1255,26741.971431350732,8107.01373523381,0.0
t1256,16455.840432436868,8107.01373523381,0.0
t1257,24251.68426955931,8107.01373523381,0.0
t1258,23259.601513398462,8107.01373523381,0.0
t1259,17422.34960764828,8107.01373523381,0.0
t1260,16455.840432436868,8107.01373523381,0.0
t1261,16455.840432436868,8107.01373523381,0.0
t1262,16455.840432436868,8107.01373523381,0.0
t1263,16455.840432436868,8107.01373523381,0.0
t1264,16455.840432436868,8107.01373523381,0.0
t1265,16568.43703814814,8107.01373523381,0.0
t1266,35162.052206061686,8107.01373523381,0.0
t1267,35162.052206061686,8107.01373523381,0.0
t1268,35162.052206061686,8107.01373523381,0.0
t1269,35162.052206061686,8107.01373523381,0.0
t1270,35162.052206061686,8107.01373523381,0.0
t1271,35162.052206061686,8107.01373523381,0.0
t1272,16455.840432436868,8107.01373523381,0.0
t1273,16455.840432436868,8107.01373523381,0.0
t1274,16455.840432436868,8107.01373523381,0.0
t1275,16455.840432436868,8107.01373523381,0.0
t1276,29045.990564045296,8107.01373523381,0.0
t1277,35162.052206061686,8107.01373523381,0.0
t1278,35162.052206061686,8107.01373523381,0.0
t1279,35162.052206061686,8107.01373523381,0.0
t1280,35162.052206061686,8107.01373523381,0.0
t1281,35162.052206061686,8107.01373523381,0.0
t1282,24627.53440698992,8107.01373523381,0.0
t1283,20009.241830320763,8107.01373523381,0.0
t1284,26475.839620625065,8107.01373523381,0.0
t1285,29678.68924717762,8107.01373523381,0.0
t1286,32288.11313643482,8107.01373523381,0.0
t1287,35162.052206061686,8107.01373523381,0.0
t1288,35162.052206061686,8107.01373523381,0.0
t1289,35162.052206061686,8107.01373523381,0.0
t1290,35162.052206061686,8107.01373523381,0.0
t1291,35162.052206061686,8107.01373523381,0.0
t1292,35162.052206061686,8107.01373523381,0.0
t1293,35162.052206061686,8107.01373523381,0.0
t1294,35162.052206061686,8107.01373523381,0.0
t1295,35162.052206061686,8107.01373523381,0.0
t1296,35162.052206061686,8107.01373523381,0.0
t1297,35162.052206061686,8107.01373523381,0.0
t1298,35162.052206061686,8107.01373523381,0.0
t1299,35162.052206061686,8107.01373523381,0.0
t1300,35162.052206061686,8107.01373523381,0.0
t1301,35162.052206061686,8107.01373523381,0.0
t1302,35162.052206061686,8107.01373523381,0.0
t1303,35162.052206061686,8107.01373523381,0.0
t1304,33116.182483180986,8107.01373523381,0.0
t1305,21437.79393502235,8107.01373523381,0.0
t1306,16455.840432436868,8107.01373523381,0.0
t1307,16455.840432436868,8107.01373523381,0.0
t1308,16455.840432436868,8107.01373523381,0.0
t1309,16455.840432436868,8107.01373523381,0.0
t1310,16455.840432436868,8107.01373523381,0.0
t1311,16455.840432436868,8107.01373523381,0.0
t1312,16455.840432436868,8107.01373523381,0.0
t1313,16455.840432436868,8107.01373523381,0.0
t1314,16455.840432436868,8107.01373523381,0.0
t1315,35162.052206061686,8107.01373523381,0.0
t1316,35162.052206061686,8107.01373523381,0.0
t1317,35162.052206061686,8107.01373523381,0.0
t1318,35162.052206061686,8107.01373523381,0.0
t1319,35162.052206061686,8107.01373523381,0.0
t1320,30035.55151646127,8107.01373523381,0.0
t1321,30036.224706605655,8107.01373523381,0.0
t1322,31713.63558027843,8107.01373523381,0.0
t1323,24849.037283652786,8107.01373523381,0.0
t1324,23508.84871258828,8107.01373523381,0.0
t1325,26550.57549209289,8107.01373523381,0.0
t1326,27118.270169982057,8107.01373523381,0.0
t1327,16455.840432436868,8107.01373523381,0.0
t1328,16455.840432436868,8107.01373523381,0.0
t1329,16455.840432436868,8107.01373523381,0.0
t1330,16455.840432436868,8107.01373523381,0.0
t1331,16455.840432436868,8107.01373523381,0.0
t1332,16455.840432436868,8107.01373523381,0.0
t1333,16455.840432436868,8107.01373523381,0.0
t1334,16455.840432436868,8107.01373523381,0.0
t1335,16455.840432436868,8107.01373523381,0.0
t1336,16455.840432436868,8107.01373523381,0.0
t1337,16455.840432436868,8107.01373523381,0.0
t1338,35162.052206061686,8107.01373523381,0.0
t1339,35162.052206061686,8107.01373523381,0.0
t1340,35162.052206061686,8107.01373523381,0.0
t1341,35162.052206061686,8107.01373523381,0.0
t1342,16505.741545205543,8107.01373523381,0.0
t1343,16455.840432436868,8107.01373523381,0.0
t1344,34022.125271337456,8107.01373523381,0.0
t1345,0.0,6767.160297237208,0.0
t1346,0.0,1578.6715066875693,0.0
t1347,0.0,1578.6715066875693,0.0
t1348,0.0,4567.871992723203,0.0
t1349,0.0,4670.625759430678,0.0
t1350,0.0,4670.625759430678,0.0
t1351,0.0,4670.625759430678,0.0
t1352,0.0,4567.871992723203,0.0
t1353,0.0,1578.6715066875693,0.0
t1354,0.0,1578.6715066875693,0.0
t1355,0.0,1578.6715066875693,0.0
t1356,0.0,1578.6715066875693,0.0
t1357,0.0,1578.6715066875693,0.0
t1358,0.0,1578.6715066875693,0.0
t1359,0.0,1578.6715066875693,0.0
t1360,0.0,1578.6715066875693,0.0
t1361,0.0,4321.476695992155,0.0
t1362,0.0,4670.625759430678,0.0
t1363,0.0,4670.625759430678,0.0
t1364,0.0,4670.625759430678,0.0
t1365,0.0,4670.625759430678,0.0
t1366,0.0,4670.625759430678,0.0
t1367,0.0,4567.871992723203,0.0
t1368,0.0,1578.6715066875693,0.0
t1369,0.0,1578.6715066875693,0.0
t1370,0.0,1578.6715066875693,0.0
t1371,0.0,1578.6715066875693,0.0
t1372,0.0,1578.6715066875693,0.0
t1373,0.0,1578.6715066875693,0.0
t1374,0.0,1578.6715066875693,0.0
t1375,0.0,1578.6715066875693,0.0
t1376,0.0,1578.6715066875693,0.0
t1377,0.0,1578.6715066875693,0.0
t1378,0.0,1578.6715066875693,0.0
t1379,0.0,1578.6715066875693,0.0
t1380,0.0,1578.6715066875693,0.0
t1381,0.0,1578.6715066875693,0.0
t1382,0.0,1578.6715066875693,0.0
t1383,0.0,1578.6715066875693,0.0
t1384,0.0,1578.6715066875693,0.0
t1385,0.0,1578.6715066875693,0.0
t1386,0.0,1578.6715066875693,0.0
t1387,0.0,4567.871992723203,0.0
t1388,0.0,2109.891509745482,0.0
t1389,0.0,1578.6715066875693,0.0
t1390,0.0,1578.6715066875693,0.0
t1391,0.0,1578.6715066875693,0.0
t1392,0.0,1578.6715066875693,0.0
t1393,0.0,1578.6715066875693,0.0
t1394,0.0,1578.6715066875693,0.0
t1395,0.0,1578.6715066875693,0.0
t1396,0.0,1578.6715066875693,0.0
t1397,0.0,1578.6715066875693,0.0
t1398,0.0,1578.6715066875693,0.0
t1399,0.0,4567.871992723203,0.0
t1400,0.0,1578.6715066875693,0.0
t1401,0.0,1578.6715066875693,0.0
t1402,0.0,1578.6715066875693,0.0
t1403,0.0,1578.6715066875693,0.0
t1404,0.0,1578.6715066875693,0.0
t1405,0.0,1578.6715066875693,0.0
t1406,0.0,1578.6715066875693,0.0
t1407,0.0,1578.6715066875693,0.0
t1408,0.0,1578.6715066875693,0.0
t1409,0.0,4567.871992723203,0.0
t1410,0.0,4670.625759430678,0.0
t1411,0.0,4670.625759430678,0.0
t1412,0.0,4670.625759430678,0.0
t1413,0.0,4670.625759430678,0.0
t1414,0.0,4670.625759430678,0.0
t1415,0.0,4670.625759430678,0.0
t1416,0.0,4567.871992723203,0.0
t1417,0.0,1578.6715066875693,0.0
t1418,0.0,1578.6715066875693,0.0
t1419,0.0,1578.6715066875693,0.0
t1420,0.0,1578.6715066875693,0.0
t1421,0.0,1578.6715066875693,0.0
t1422,0.0,4567.871992723203,0.0
t1423,0.0,4567.871992723203,0.0
t1424,0.0,1578.6715066875693,0.0
t1425,0.0,1578.6715066875693,0.0
t1426,0.0,1578.6715066875693,0.0
t1427,0.0,1578.6715066875693,0.0
t1428,0.0,1578.6715066875693,0.0
t1429,0.0,1578.6715066875693,0.0
t1430,0.0,1578.6715066875693,0.0
t1431,0.0,1578.6715066875693,0.0
t1432,0.0,1578.6715066875693,0.0
t1433,0.0,6918.8843340518415,0.0
t1434,8406.063906169322,8107.01373523381,0.0
t1435,9245.774340188013,8107.01373523381,0.0
t1436,9245.774340188013,8107.01373523381,0.0
t1437,9245.774340188013,8107.01373523381,0.0
t1438,9245.774340188013,8107.01373523381,0.0
t1439,4327.02239120799,6511.250304431214,0.0
t1440,4327.02239120799,2918.5249446841713,0.0
t1441,4327.02239120799,8107.01373523381,0.0
t1442,7214.143448293578,8107.01373523381,0.0
t1443,4327.02239120799,2918.5249446841713,0.0
t1444,4327.02239120799,8107.01373523381,0.0
t1445,5808.348187532325,3143.382850465435,0.0
t1446,11347.618494291186,4234.305166170771,0.0
t1447,10901.84030678256,2740.1706425090283,0.0
t1448,10901.84030678256,7075.341640451657,0.0
t1449,10901.84030678256,2740.1706425090283,0.0
t1450,10901.84030678256,2740.1706425090283,0.0
t1451,10901.84030678256,2740.1706425090283,0.0
t1452,10901.84030678256,2740.1706425090283,0.0
t1453,5102.061263574238,2740.1706425090283,0.0
t1454,5102.061263574238,2740.1706425090283,0.0
t1455,5102.061263574238,2740.1706425090283,0.0
t1456,5102.061263574238,2740.1706425090283,0.0
t1457,10901.84030678256,2740.1706425090283,0.0
t1458,10901.84030678256,2740.1706425090283,0.0
t1459,10901.84030678256,2918.5249446841713,0.0
t1460,10901.84030678256,8107.01373523381,0.0
t1461,10901.84030678256,8107.01373523381,0.0
t1462,10901.84030678256,8107.01373523381,0.0
t1463,10901.84030678256,8107.01373523381,0.0
t1464,10901.84030678256,8107.01373523381,0.0
t1465,10901.84030678256,8107.01373523381,0.0
t1466,10901.84030678256,8107.01373523381,0.0
t1467,10901.84030678256,8107.01373523381,0.0
t1468,10901.84030678256,8107.01373523381,0.0
t1469,10901.84030678256,8107.01373523381,0.0
t1470,10901.84030678256,8107.01373523381,0.0
t1471,10901.84030678256,8107.01373523381,0.0
t1472,10901.84030678256,8107.01373523381,0.0
t1473,5102.061263574238,8107.01373523381,0.0
t1474,5102.061263574238,8107.01373523381,0.0
t1475,5102.061263574238,8107.01373523381,0.0
t1476,5102.061263574238,8107.01373523381,0.0
t1477,5102.061263574238,8107.01373523381,0.0
t1478,5102.061263574238,8107.01373523381,0.0
t1479,5102.061263574238,8107.01373523381,0.0
t1480,5464.744315802741,8107.01373523381,0.0
t1481,10901.84030678256,8107.01373523381,0.0
t1482,10901.84030678256,8107.01373523381,0.0
t1483,10901.84030678256,8107.01373523381,0.0
t1484,10901.84030678256,8107.01373523381,0.0
t1485,10901.84030678256,8107.01373523381,0.0
t1486,10901.84030678256,8107.01373523381,0.0
t1487,10901.84030678256,8107.01373523381,0.0
t1488,10901.84030678256,8107.01373523381,0.0
t1489,10901.84030678256,8107.01373523381,0.0
t1490,10901.84030678256,8107.01373523381,0.0
t1491,10901.84030678256,8107.01373523381,0.0
t1492,10901.84030678256,8107.01373523381,0.0
t1493,10901.84030678256,8107.01373523381,0.0
t1494,10901.84030678256,8107.01373523381,0.0
t1495,10901.84030678256,8107.01373523381,0.0
t1496,10901.84030678256,8107.01373523381,0.0
t1497,10901.84030678256,8107.01373523381,0.0
t1498,10034.28763052637,8107.01373523381,0.0
t1499,5102.061263574238,8107.01373523381,0.0
t1500,5102.061263574238,8107.01373523381,0.0
t1501,5102.061263574238,8107.01373523381,0.0
t1502,5102.061263574238,8107.01373523381,0.0
t1503,5102.061263574238,8107.01373523381,0.0
t1504,5102.061263574238,8107.01373523381,0.0
t1505,10901.84030678256,8107.01373523381,0.0
t1506,10901.84030678256,8107.01373523381,0.0
t1507,10901.84030678256,8107.01373523381,0.0
t1508,10901.84030678256,8107.01373523381,0.0
t1509,5402.807885881192,8107.01373523381,0.0
t1510,207.92614669765172,8107.01373523381,0.0
t1511,0.0,8107.01373523381,0.0
t1512,0.0,8107.01373523381,0.0
t1513,35162.052206061686,8107.01373523381,4330.2506434986335
t1514,35162.052206061686,8107.01373523381,4330.2506434986335
t1515,35162.052206061686,8107.01373523381,4330.2506434986335
t1516,35162.052206061686,8107.01373523381,4330.2506434986335
t1517,35162.052206061686,8107.01373523381,4330.2506434986335
t1518,35162.052206061686,8107.01373523381,4330.2506434986335
t1519,35162.052206061686,8107.01373523381,4330.2506434986335
t1520,35162.052206061686,8107.01373523381,4330.2506434986335
t1521,35162.052206061686,8107.01373523381,4330.2506434986335
t1522,35162.052206061686,8107.01373523381,4330.2506434986335
t1523,30775.52990865556,2918.5249446841713,2052.538805018352
t1524,20879.298596776145,2740.1706425090283,2052.538805018352
t1525,16455.840432436868,2740.1706425090283,2052.538805018352
t1526,16455.840432436868,2740.1706425090283,2052.538805018352
t1527,24560.642378877223,2918.5249446841713,2052.538805018352
t1528,35162.052206061686,8107.01373523381,4330.2506434986335
t1529,35162.052206061686,8107.01373523381,4330.2506434986335
t1530,35162.052206061686,8107.01373523381,4330.2506434986335
t1531,35162.052206061686,8107.01373523381,4330.2506434986335
t1532,35162.052206061686,8107.01373523381,4330.2506434986335
t1533,35162.052206061686,8107.01373523381,4330.2506434986335
t1534,35162.052206061686,8107.01373523381,4330.2506434986335
t1535,35162.052206061686,8107.01373523381,4330.2506434986335
t1536,35162.052206061686,8107.01373523381,4330.2506434986335
t1537,35162.052206061686,8107.01373523381,4330.2506434986335
t1538,35162.052206061686,8107.01373523381,4330.2506434986335
t1539,35162.052206061686,8107.01373523381,4330.2506434986335
t1540,35162.052206061686,8107.01373523381,4330.2506434986335
t1541,35162.052206061686,8107.01373523381,4330.2506434986335
t1542,35162.052206061686,8107.01373523381,4330.2506434986335
t1543,35162.052206061686,8107.01373523381,4330.2506434986335
t1544,35162.052206061686,8107.01373523381,4330.2506434986335
t1545,35162.052206061686,8107.01373523381,4330.2506434986335
t1546,35162.052206061686,8107.01373523381,4330.2506434986335
t1547,35162.052206061686,8107.01373523381,4330.2506434986335
t1548,35162.052206061686,8107.01373523381,4330.2506434986335
t1549,35162.052206061686,8107.01373523381,4330.2506434986335
t1550,35162.052206061686,8107.01373523381,4330.2506434986335
t1551,35162.052206061686,8107.01373523381,4330.2506434986335
t1552,35162.052206061686,8107.01373523381,4330.2506434986335
t1553,35162.052206061686,8107.01373523381,4330.2506434986335
t1554,35162.052206061686,8107.01373523381,4330.2506434986335
t1555,35162.052206061686,8107.01373523381,4330.2506434986335
t1556,35162.052206061686,8107.01373523381,4330.2506434986335
t1557,35162.052206061686,8107.01373523381,4330.2506434986335
t1558,35162.052206061686,8107.01373523381,4330.2506434986335
t1559,35162.052206061686,8107.01373523381,4330.2506434986335
t1560,35162.052206061686,8107.01373523381,4330.2506434986335
t1561,35162.052206061686,8107.01373523381,4330.2506434986335
t1562,35162.052206061686,8107.01373523381,4330.2506434986335
t1563,35162.052206061686,8107.01373523381,4330.2506434986335
t1564,35162.052206061686,8107.01373523381,4330.2506434986335
t1565,35162.052206061686,8107.01373523381,4330.2506434986335
t1566,35162.052206061686,8107.01373523381,4330.2506434986335
t1567,35162.052206061686,8107.01373523381,4330.2506434986335
t1568,35162.052206061686,8107.01373523381,4330.2506434986335
t1569,35162.052206061686,8107.01373523381,4330.2506434986335
t1570,35162.052206061686,8107.01373523381,4330.2506434986335
t1571,35162.052206061686,8107.01373523381,4330.2506434986335
t1572,35162.052206061686,8107.01373523381,4330.2506434986335
t1573,35162.052206061686,8107.01373523381,4330.2506434986335
t1574,35162.052206061686,8107.01373523381,4330.2506434986335
t1575,35162.052206061686,8107.01373523381,4330.2506434986335
t1576,35162.052206061686,8107.01373523381,4330.2506434986335
t1577,35162.052206061686,8107.01373523381,4330.2506434986335
t1578,35162.052206061686,8107.01373523381,4330.2506434986335
t1579,35162.052206061686,8107.01373523381,4330.2506434986335
t1580,35162.052206061686,8107.01373523381,4330.2506434986335
t1581,35162.052206061686,8107.01373523381,4330.2506434986335
t1582,35162.052206061686,8107.01373523381,4330.2506434986335
t1583,35162.052206061686,8107.01373523381,4330.2506434986335
t1584,35162.052206061686,8107.01373523381,4330.2506434986335
t1585,35162.052206061686,8107.01373523381,4330.2506434986335
t1586,35162.052206061686,8107.01373523381,4330.2506434986335
t1587,35162.052206061686,8107.01373523381,4330.2506434986335
t1588,35162.052206061686,8107.01373523381,4330.2506434986335
t1589,35162.052206061686,8107.01373523381,4330.2506434986335
t1590,35162.052206061686,8107.01373523381,4330.2506434986335
t1591,35162.052206061686,8107.01373523381,4330.2506434986335
t1592,35162.052206061686,8107.01373523381,4330.2506434986335
t1593,35162.052206061686,8107.01373523381,4330.2506434986335
t1594,35162.052206061686,8107.01373523381,4330.2506434986335
t1595,35162.052206061686,8107.01373523381,4330.2506434986335
t1596,35162.052206061686,8107.01373523381,4330.2506434986335
t1597,30311.66645501828,7636.750148927716,2052.538805018352
t1598,35162.052206061686,8107.01373523381,4330.2506434986335
t1599,35162.052206061686,8107.01373523381,4330.2506434986335
t1600,35162.052206061686,8107.01373523381,4330.2506434986335
t1601,35162.052206061686,8107.01373523381,4330.2506434986335
t1602,35162.052206061686,8107.01373523381,4330.2506434986335
t1603,35162.052206061686,8107.01373523381,4330.2506434986335
t1604,35162.052206061686,8107.01373523381,4330.2506434986335
t1605,35162.052206061686,8107.01373523381,4330.2506434986335
t1606,35162.052206061686,8107.01373523381,4330.2506434986335
t1607,35162.052206061686,8107.01373523381,4330.2506434986335
t1608,35162.052206061686,8107.01373523381,4330.2506434986335
t1609,35162.052206061686,8107.01373523381,4330.2506434986335
t1610,35162.052206061686,8107.01373523381,4330.2506434986335
t1611,35162.052206061686,8107.01373523381,4330.2506434986335
t1612,35162.052206061686,8107.01373523381,4330.2506434986335
t1613,35162.052206061686,8107.01373523381,4330.2506434986335
t1614,35162.052206061686,8107.01373523381,4330.2506434986335
t1615,35162.052206061686,8107.01373523381,4330.2506434986335
t1616,35162.052206061686,8107.01373523381,4330.2506434986335
t1617,35162.052206061686,8107.01373523381,4330.2506434986335
t1618,35162.052206061686,8107.01373523381,4330.2506434986335
t1619,35162.052206061686,8107.01373523381,4330.2506434986335
t1620,35162.052206061686,8107.01373523381,4330.2506434986335
t1621,35162.052206061686,8107.01373523381,4330.2506434986335
t1622,35162.052206061686,8107.01373523381,4330.2506434986335
t1623,35162.052206061686,8107.01373523381,4330.2506434986335
t1624,35162.052206061686,8107.01373523381,4330.2506434986335
t1625,35162.052206061686,8107.01373523381,4330.2506434986335
t1626,35162.052206061686,8107.01373523381,4330.2506434986335
t1627,35162.052206061686,8107.01373523381,4330.2506434986335
t1628,35162.052206061686,8107.01373523381,4330.2506434986335
t1629,35162.052206061686,8107.01373523381,4330.2506434986335
t1630,35162.052206061686,8107.01373523381,4330.2506434986335
t1631,35162.052206061686,8107.01373523381,4330.2506434986335
t1632,35162.052206061686,8107.01373523381,4330.2506434986335
t1633,35162.052206061686,8107.01373523381,4330.2506434986335
t1634,35162.052206061686,8107.01373523381,4330.2506434986335
t1635,35162.052206061686,8107.01373523381,4330.2506434986335
t1636,35162.052206061686,8107.01373523381,4330.2506434986335
t1637,35162.052206061686,8107.01373523381,4330.2506434986335
t1638,35162.052206061686,8107.01373523381,4330.2506434986335
t1639,35162.052206061686,8107.01373523381,4330.2506434986335
t1640,35162.052206061686,8107.01373523381,4330.2506434986335
t1641,35162.052206061686,8107.01373523381,4330.2506434986335
t1642,35162.052206061686,8107.01373523381,4330.2506434986335
t1643,35162.052206061686,8107.01373523381,4330.2506434986335
t1644,35162.052206061686,8107.01373523381,4330.2506434986335
t1645,35162.052206061686,8107.01373523381,4330.2506434986335
t1646,35162.052206061686,8107.01373523381,4330.2506434986335
t1647,35162.052206061686,8107.01373523381,4330.2506434986335
t1648,35162.052206061686,8107.01373523381,4330.2506434986335
t1649,35162.052206061686,8107.01373523381,4330.2506434986335
t1650,35162.052206061686,8107.01373523381,4330.2506434986335
t1651,35162.052206061686,8107.01373523381,4330.2506434986335
t1652,35162.052206061686,8107.01373523381,4330.2506434986335
t1653,35162.052206061686,8107.01373523381,4330.2506434986335
t1654,35162.052206061686,8107.01373523381,4330.2506434986335
t1655,35162.052206061686,8107.01373523381,4330.2506434986335
t1656,35162.052206061686,8107.01373523381,4330.2506434986335
t1657,35162.052206061686,8107.01373523381,4330.2506434986335
t1658,35162.052206061686,8107.01373523381,4330.2506434986335
t1659,35162.052206061686,8107.01373523381,4330.2506434986335
t1660,35162.052206061686,8107.01373523381,4330.2506434986335
t1661,35162.052206061686,8107.01373523381,4330.2506434986335
t1662,35162.052206061686,8107.01373523381,4330.2506434986335
t1663,35162.052206061686,8107.01373523381,4330.2506434986335
t1664,35162.052206061686,8107.01373523381,4330.2506434986335
t1665,35162.052206061686,8107.01373523381,4330.2506434986335
t1666,35162.052206061686,8107.01373523381,4330.2506434986335
t1667,35162.052206061686,8107.01373523381,4330.2506434986335
t1668,35162.052206061686,8107.01373523381,4330.2506434986335
t1669,35162.052206061686,8107.01373523381,4330.2506434986335
t1670,35162.052206061686,8107.01373523381,4330.2506434986335
t1671,35162.052206061686,8107.01373523381,4330.2506434986335
t1672,35162.052206061686,8107.01373523381,4330.2506434986335
t1673,35162.052206061686,8107.01373523381,4330.2506434986335
t1674,35162.052206061686,8107.01373523381,4330.2506434986335
t1675,35162.052206061686,8107.01373523381,4330.2506434986335
t1676,35162.052206061686,8107.01373523381,4330.2506434986335
t1677,35162.052206061686,8107.01373523381,4330.2506434986335
t1678,35162.052206061686,8107.01373523381,4330.2506434986335
t1679,35162.052206061686,8107.01373523381,4330.2506434986335
t1680,35162.052206061686,8107.01373523381,4330.2506434986335
t1681,37346.256712080634,8107.01373523381,4495.298612818929
t1682,35162.052206061686,8107.01373523381,4330.2506434986335
t1683,35162.052206061686,8107.01373523381,4330.2506434986335
t1684,35162.052206061686,8107.01373523381,4330.2506434986335
t1685,35162.052206061686,8107.01373523381,4330.2506434986335
t1686,35162.052206061686,8107.01373523381,4330.2506434986335
t1687,35162.052206061686,8107.01373523381,4330.2506434986335
t1688,35162.052206061686,8107.01373523381,4330.2506434986335
t1689,35162.052206061686,8107.01373523381,4330.2506434986335
t1690,35162.052206061686,8107.01373523381,4330.2506434986335
t1691,23846.202376430687,7928.659433058667,2052.538805018352
t1692,16455.840432436868,2740.1706425090283,2052.538805018352
t1693,16455.840432436868,6164.210091697137,2052.538805018352
t1694,35162.052206061686,8107.01373523381,4330.2506434986335
t1695,35162.052206061686,8107.01373523381,4330.2506434986335
t1696,35162.052206061686,8107.01373523381,4330.2506434986335
t1697,35162.052206061686,8107.01373523381,4330.2506434986335
t1698,35162.052206061686,8107.01373523381,4330.2506434986335
t1699,35162.052206061686,8107.01373523381,4330.2506434986335
t1700,35162.052206061686,8107.01373523381,4330.2506434986335
t1701,35162.052206061686,8107.01373523381,4330.2506434986335
t1702,35162.052206061686,8107.01373523381,4330.2506434986335
t1703,35162.052206061686,8107.01373523381,4330.2506434986335
t1704,35162.052206061686,8107.01373523381,4330.2506434986335
t1705,35162.052206061686,8107.01373523381,4330.2506434986335
t1706,35162.052206061686,8107.01373523381,4330.2506434986335
t1707,35162.052206061686,8107.01373523381,4330.2506434986335
t1708,35162.052206061686,8107.01373523381,4330.2506434986335
t1709,35162.052206061686,8107.01373523381,4330.2506434986335
t1710,35162.052206061686,8107.01373523381,4330.2506434986335
t1711,35162.052206061686,8107.01373523381,4330.2506434986335
t1712,35162.052206061686,8107.01373523381,4330.2506434986335
t1713,35162.052206061686,8107.01373523381,4330.2506434986335
t1714,35162.052206061686,8107.01373523381,4330.2506434986335
t1715,35162.052206061686,8107.01373523381,4330.2506434986335
t1716,35162.052206061686,8107.01373523381,4330.2506434986335
t1717,35162.052206061686,8107.01373523381,4330.2506434986335
t1718,35162.052206061686,8107.01373523381,4330.2506434986335
t1719,35162.052206061686,8107.01373523381,4330.2506434986335
t1720,35162.052206061686,8107.01373523381,4330.2506434986335
t1721,35162.052206061686,8107.01373523381,4330.2506434986335
t1722,35162.052206061686,8107.01373523381,4330.2506434986335
t1723,35162.052206061686,8107.01373523381,4330.2506434986335
t1724,35162.052206061686,8107.01373523381,4330.2506434986335
t1725,35162.052206061686,8107.01373523381,4330.2506434986335
t1726,35162.052206061686,8107.01373523381,4330.2506434986335
t1727,35162.052206061686,8107.01373523381,4330.2506434986335
t1728,31822.086367365693,8107.01373523381,1558.890231659508
t1729,22758.652275695684,8107.01373523381,0.0
t1730,15901.034217516444,8107.01373523381,0.0
t1731,18796.4367259589,8107.01373523381,0.0
t1732,15901.034217516444,8107.01373523381,0.0
t1733,15901.034217516444,8107.01373523381,0.0
t1734,28289.433171591965,8107.01373523381,0.0
t1735,33976.5688408471,8107.01373523381,0.0
t1736,33900.82339609679,8107.01373523381,0.0
t1737,24158.89048220595,8107.01373523381,0.0
t1738,2413.8864240638036,7928.659433058667,0.0
t1739,2413.8864240638036,2740.1706425090283,0.0
t1740,2413.8864240638036,2740.1706425090283,0.0
t1741,2413.8864240638036,2740.1706425090283,0.0
t1742,2413.8864240638036,2740.1706425090283,0.0
t1743,2413.8864240638036,2740.1706425090283,0.0
t1744,2413.8864240638036,2740.1706425090283,0.0
t1745,5157.876974495307,7928.659433058667,0.0
t1746,5157.876974495307,8107.01373523381,0.0
t1747,5157.876974495307,8107.01373523381,0.0
t1748,5157.876974495307,8107.01373523381,0.0
t1749,5157.876974495307,8107.01373523381,0.0
t1750,5157.876974495307,8107.01373523381,0.0
t1751,5157.876974495307,8107.01373523381,0.0
t1752,2413.8864240638036,8107.01373523381,0.0
t1753,2413.8864240638036,8107.01373523381,0.0
t1754,2413.8864240638036,8107.01373523381,0.0
t1755,2413.8864240638036,8107.01373523381,0.0
t1756,2413.8864240638036,8107.01373523381,0.0
t1757,2413.8864240638036,8107.01373523381,0.0
t1758,2413.8864240638036,8107.01373523381,0.0
t1759,5157.876974495307,8107.01373523381,0.0
t1760,5157.876974495307,8107.01373523381,0.0
t1761,2413.8864240638036,8107.01373523381,0.0
t1762,2413.8864240638036,7928.659433058667,0.0
t1763,2413.8864240638036,2740.1706425090283,0.0
t1764,2413.8864240638036,2740.1706425090283,0.0
t1765,2413.8864240638036,5966.2568619074445,0.0
t1766,2413.8864240638036,8107.01373523381,0.0
t1767,2413.8864240638036,8107.01373523381,0.0
t1768,2413.8864240638036,8107.01373523381,0.0
t1769,9046.899542949515,8107.01373523381,0.0
t1770,8822.690878480498,8107.01373523381,0.0
t1771,8822.690878480498,8107.01373523381,0.0
t1772,8822.690878480498,8107.01373523381,0.0
t1773,8822.690878480498,8107.01373523381,0.0
t1774,8822.690878480498,8107.01373523381,0.0
t1775,8822.690878480498,8107.01373523381,0.0
t1776,4129.019331128873,8107.01373523381,0.0
t1777,4129.019331128873,8107.01373523381,0.0
t1778,4129.019331128873,8107.01373523381,0.0
t1779,4129.019331128873,8107.01373523381,0.0
t1780,4129.019331128873,8107.01373523381,0.0
t1781,4129.019331128873,8107.01373523381,0.0
t1782,4129.019331128873,8107.01373523381,0.0
t1783,8822.690878480498,8107.01373523381,0.0
t1784,8822.690878480498,8107.01373523381,0.0
t1785,8822.690878480498,8107.01373523381,0.0
t1786,4129.019331128873,8107.01373523381,0.0
t1787,4129.019331128873,8107.01373523381,0.0
t1788,4129.019331128873,8107.01373523381,0.0
t1789,4129.019331128873,8107.01373523381,0.0
t1790,4129.019331128873,8107.01373523381,0.0
t1791,9689.22964109204,8107.01373523381,0.0
t1792,11058.63669111122,8107.01373523381,0.0
t1793,11058.63669111122,8107.01373523381,0.0
t1794,11058.63669111122,8107.01373523381,0.0
t1795,11058.63669111122,8107.01373523381,0.0
t1796,11058.63669111122,8107.01373523381,0.0
t1797,11058.63669111122,8107.01373523381,0.0
t1798,11058.63669111122,8107.01373523381,0.0
t1799,11058.63669111122,8107.01373523381,0.0
t1800,11058.63669111122,8107.01373523381,0.0
t1801,11058.63669111122,8107.01373523381,0.0
t1802,11058.63669111122,8107.01373523381,0.0
t1803,11058.63669111122,8107.01373523381,0.0
t1804,11058.63669111122,8107.01373523381,0.0
t1805,11058.63669111122,8107.01373523381,0.0
t1806,11058.63669111122,8107.01373523381,0.0
t1807,11058.63669111122,8107.01373523381,0.0
t1808,11058.63669111122,8107.01373523381,0.0
t1809,11058.63669111122,8107.01373523381,0.0
t1810,11058.63669111122,8107.01373523381,0.0
t1811,11058.63669111122,8107.01373523381,0.0
t1812,5175.441971440051,8107.01373523381,0.0
t1813,5175.441971440051,8107.01373523381,0.0
t1814,5175.441971440051,8107.01373523381,0.0
t1815,5175.441971440051,8107.01373523381,0.0
t1816,8108.037136065945,8107.01373523381,0.0
t1817,11058.63669111122,8107.01373523381,0.0
t1818,11058.63669111122,8107.01373523381,0.0
t1819,11058.63669111122,8107.01373523381,0.0
t1820,11058.63669111122,8107.01373523381,0.0
t1821,11058.63669111122,8107.01373523381,0.0
t1822,11058.63669111122,8107.01373523381,0.0
t1823,11058.63669111122,8107.01373523381,0.0
t1824,11058.63669111122,8107.01373523381,0.0
t1825,5175.441971440051,2918.5249446841713,0.0
t1826,5175.441971440051,2740.1706425090283,0.0
t1827,5175.441971440051,2740.1706425090283,0.0
t1828,5175.441971440051,2740.1706425090283,0.0
t1829,5175.441971440051,2740.1706425090283,0.0
t1830,5175.441971440051,2740.1706425090283,0.0
t1831,5175.441971440051,2740.1706425090283,0.0
t1832,5175.441971440051,2740.1706425090283,0.0
t1833,5175.441971440051,2740.1706425090283,0.0
t1834,5175.441971440051,2740.1706425090283,0.0
t1835,5175.441971440051,2740.1706425090283,0.0
t1836,5175.441971440051,2740.1706425090283,0.0
t1837,5175.441971440051,2740.1706425090283,0.0
t1838,5175.441971440051,2740.1706425090283,0.0
t1839,5175.441971440051,2918.5249446841713,0.0
t1840,5175.441971440051,8107.01373523381,0.0
t1841,11058.63669111122,8107.01373523381,0.0
t1842,9354.065094208556,8107.01373523381,0.0
t1843,11058.63669111122,8107.01373523381,0.0
t1844,11058.63669111122,8107.01373523381,0.0
t1845,5175.441971440051,8107.01373523381,0.0
t1846,5175.441971440051,2918.5249446841713,0.0
t1847,5175.441971440051,2740.1706425090283,0.0
t1848,16962.267670384117,2918.5249446841713,2080.0943453025457
